annotation_id,record_id,doc_type,entity_type,text,start,end,source,expected_handling,tags
REC-00001-E01,REC-00001,delivery_order,PERSON,Burhan Hassan Iqbal,32,51,planted,REDACT,three_token_name
REC-00001-E02,REC-00001,delivery_order,CUSTOMER_ID,UBW-76237,53,62,planted,REDACT,
REC-00001-E03,REC-00001,delivery_order,ADDRESS,"House #33, Street 2, Block B, DHA Phase 5, Peshawar",97,148,planted,REDACT,addr_house_street_block
REC-00001-E04,REC-00001,delivery_order,PHONE_NUMBER,0305-9149732,155,167,planted,REDACT,phone_local_hyphen
REC-00002-E01,REC-00002,contact_form,PERSON,Parveen Hussain,26,41,planted,REDACT,
REC-00002-E02,REC-00002,contact_form,EMAIL_ADDRESS,p.hussain@example.com,49,70,planted,REDACT,
REC-00002-E03,REC-00002,contact_form,PHONE_NUMBER,03130728977,78,89,planted,REDACT,phone_local_plain
REC-00003-E01,REC-00003,subscription_record,PERSON,Rabia Ahmed Farooqi,0,19,planted,REDACT,three_token_name
REC-00003-E02,REC-00003,subscription_record,CUSTOMER_ID,UBW-37460,84,93,planted,REDACT,
REC-00003-E03,REC-00003,subscription_record,EMAIL_ADDRESS,rabia.farooqi876@example.com,112,140,planted,REDACT,
REC-00003-E04,REC-00003,subscription_record,ADDRESS,"H. No. 167, Jail Road, Multan",167,196,planted,REDACT,addr_h_no
REC-00003-E05,REC-00003,subscription_record,POSTAL_CODE,56566,210,215,planted,REDACT,postal_labelled
REC-00004-E01,REC-00004,delivery_note,PERSON,Zara Tarar,17,27,planted,REDACT,
REC-00004-E02,REC-00004,delivery_note,PERSON,Hassan Qureshi,34,48,planted,REDACT,
REC-00004-E03,REC-00004,delivery_note,PHONE_NUMBER,0303 3539704,51,63,planted,REDACT,phone_local_space
REC-00004-E04,REC-00004,delivery_note,ADDRESS,"near the main roundabout, behind Saddar Bazaar, Sialkot",66,121,planted,REDACT,addr_landmark;heldout_format
REC-00005-E01,REC-00005,customer_service_message,PERSON,Omar Sheikh,6,17,planted,REDACT,
REC-00005-E02,REC-00005,customer_service_message,EMAIL_ADDRESS,o.sheikh@example.net,19,39,planted,REDACT,
REC-00005-E03,REC-00005,customer_service_message,CUSTOMER_ID,UBW-74686,77,86,planted,REDACT,
REC-00005-E04,REC-00005,customer_service_message,PHONE_NUMBER,03068548432,93,104,planted,REDACT,phone_local_plain
REC-00005-E05,REC-00005,customer_service_message,PERSON,Omar Sheikh,234,245,planted,REDACT,repeated_value
REC-00006-E01,REC-00006,internal_operational_note,PERSON,Noreen Iqbal,8,20,planted,REDACT,
REC-00006-E02,REC-00006,internal_operational_note,CUSTOMER_ID,UBW-44973,41,50,planted,REDACT,
REC-00006-E03,REC-00006,internal_operational_note,CNIC,42101-4418934-9,70,85,planted,REDACT,cnic_hyphen;no_context
REC-00006-E04,REC-00006,internal_operational_note,PHONE_NUMBER,03157294150,122,133,planted,REDACT,phone_local_plain
REC-00006-E05,REC-00006,internal_operational_note,PERSON,wasim tarar,137,148,planted,REDACT,lowercase_name
REC-00007-E01,REC-00007,delivery_order,PERSON,Burhan Waheed,70,83,planted,REDACT,
REC-00007-E02,REC-00007,delivery_order,ADDRESS,"Flat 1C, Crescent Apartments, DHA Phase 6, Hyderabad",92,144,planted,REDACT,addr_flat
REC-00007-E03,REC-00007,delivery_order,POSTAL_CODE,24662,146,151,planted,REDACT,postal_after_city
REC-00007-E04,REC-00007,delivery_order,CUSTOMER_ID,UBW-57576,165,174,planted,REDACT,
REC-00007-E05,REC-00007,delivery_order,PHONE_NUMBER,0322-2710343,185,197,planted,REDACT,phone_local_hyphen
REC-00008-E01,REC-00008,contact_form,PERSON,Burhan Durrani,26,40,planted,REDACT,
REC-00008-E02,REC-00008,contact_form,EMAIL_ADDRESS,b.durrani@example.org,48,69,planted,REDACT,
REC-00008-E03,REC-00008,contact_form,PHONE_NUMBER,03069580513,77,88,planted,REDACT,phone_local_plain
REC-00008-E04,REC-00008,contact_form,CNIC,38401-7935169-7,95,110,planted,REDACT,cnic_hyphen
REC-00009-E01,REC-00009,subscription_record,CUSTOMER_ID,UBW-34050,59,68,planted,REDACT,
REC-00009-E02,REC-00009,subscription_record,EMAIL_ADDRESS,noreen.durrani63@example.org,117,145,planted,REDACT,
REC-00009-E03,REC-00009,subscription_record,ADDRESS,"House #195, Street 35, Block H, Model Town, Rawalpindi",162,216,planted,REDACT,addr_house_street_block
REC-00009-E04,REC-00009,subscription_record,POSTAL_CODE,65296,218,223,planted,REDACT,postal_after_city
REC-00009-E05,REC-00009,subscription_record,PERSON,Noreen Durrani,237,251,planted,REDACT,
REC-00010-E01,REC-00010,delivery_note,ADDRESS,"House #83, Street 12, Block B, Cantt, Hyderabad",28,75,planted,REDACT,addr_house_street_block
REC-00010-E02,REC-00010,delivery_note,PHONE_NUMBER,0092 334 2641282,92,108,planted,REDACT,phone_intl00_space
REC-00010-E03,REC-00010,delivery_note,PERSON,Adeel Noor Yaqoob,120,137,planted,REDACT,three_token_name
REC-00010-E04,REC-00010,delivery_note,PERSON,Saad Durrani,165,177,planted,REDACT,
REC-00011-E01,REC-00011,customer_service_message,PERSON,Nadia Ansari,25,37,planted,REDACT,
REC-00011-E02,REC-00011,customer_service_message,EMAIL_ADDRESS,n.ansari@example.net,48,68,planted,REDACT,
REC-00012-E01,REC-00012,internal_operational_note,PERSON,Uzma Khan,11,20,planted,REDACT,
REC-00012-E02,REC-00012,internal_operational_note,CUSTOMER_ID,UBW-54942,41,50,planted,REDACT,
REC-00012-E03,REC-00012,internal_operational_note,CNIC,42101-1548511-7,66,81,planted,REDACT,cnic_hyphen
REC-00012-E04,REC-00012,internal_operational_note,PHONE_NUMBER,+92 313 847 9356,101,117,planted,REDACT,phone_intl_space_split
REC-00012-E05,REC-00012,internal_operational_note,PERSON,Nadia Sheikh,121,133,planted,REDACT,
REC-00013-E01,REC-00013,delivery_order,PERSON,Burhan Sheikh,23,36,planted,REDACT,
REC-00013-E02,REC-00013,delivery_order,CUSTOMER_ID,UBW-86350,38,47,planted,REDACT,
REC-00013-E03,REC-00013,delivery_order,ADDRESS,"House #926, Street 10, Block J, Gulberg III, Bahawalpur",81,136,planted,REDACT,addr_house_street_block
REC-00013-E04,REC-00013,delivery_order,PHONE_NUMBER,+923350162230,143,156,planted,REDACT,phone_intl_plain
REC-00014-E01,REC-00014,contact_form,PERSON,Saad Raza,26,35,planted,REDACT,
REC-00014-E02,REC-00014,contact_form,EMAIL_ADDRESS,saad_raza998@example.com,43,67,planted,REDACT,
REC-00014-E03,REC-00014,contact_form,CNIC,4210130091726,74,87,planted,REDACT,cnic_plain
REC-00015-E01,REC-00015,subscription_record,CUSTOMER_ID,UBW-62227,6,15,planted,REDACT,
REC-00015-E02,REC-00015,subscription_record,PERSON,Kiran Cheema,18,30,planted,REDACT,
REC-00015-E03,REC-00015,subscription_record,EMAIL_ADDRESS,kirancheema@example.org,60,83,planted,REDACT,
REC-00015-E04,REC-00015,subscription_record,ADDRESS,"Shop 4, Moon Market, Rawalpindi",86,117,planted,REDACT,addr_shop
REC-00015-E05,REC-00015,subscription_record,POSTAL_CODE,35313,118,123,planted,REDACT,postal_after_city
REC-00016-E01,REC-00016,delivery_note,PERSON,Tariq Zuberi,7,19,planted,REDACT,
REC-00016-E02,REC-00016,delivery_note,PERSON,Wasim Mirza,41,52,planted,REDACT,
REC-00016-E03,REC-00016,delivery_note,ADDRESS,"House No. 447, MM Alam Road, Satellite Town, Multan",56,107,planted,REDACT,addr_house_no_road
REC-00016-E04,REC-00016,delivery_note,PHONE_NUMBER,0340-7290770,125,137,planted,REDACT,phone_local_hyphen
REC-00017-E01,REC-00017,customer_service_message,PHONE_NUMBER,+92 345 209 0865,104,120,planted,REDACT,phone_intl_space_split
REC-00017-E02,REC-00017,customer_service_message,EMAIL_ADDRESS,saimasiddiqui@example.net,131,156,planted,REDACT,
REC-00017-E03,REC-00017,customer_service_message,PERSON,Saima Siddiqui,216,230,planted,REDACT,
REC-00017-E04,REC-00017,customer_service_message,CUSTOMER_ID,UBW-49363,232,241,planted,REDACT,
REC-00018-E01,REC-00018,internal_operational_note,PHONE_NUMBER,03117212326,71,82,planted,REDACT,phone_local_plain
REC-00018-E02,REC-00018,internal_operational_note,CNIC,5210154064448,105,118,planted,REDACT,cnic_plain
REC-00018-E03,REC-00018,internal_operational_note,CUSTOMER_ID,UBW-81819,137,146,planted,REDACT,
REC-00018-E04,REC-00018,internal_operational_note,PERSON,Rabia Gillani,159,172,planted,REDACT,
REC-00019-E01,REC-00019,delivery_order,PERSON,Palwasha Dogar,25,39,planted,REDACT,
REC-00019-E02,REC-00019,delivery_order,PHONE_NUMBER,0305-7132769,46,58,planted,REDACT,phone_local_hyphen
REC-00019-E03,REC-00019,delivery_order,ADDRESS,"House #531, Street 30, Block A, Satellite Town, Bahawalpur",66,124,planted,REDACT,addr_house_street_block
REC-00020-E01,REC-00020,contact_form,PERSON,Alia Osmani,26,37,planted,REDACT,
REC-00020-E02,REC-00020,contact_form,EMAIL_ADDRESS,alia_osmani919@example.org,45,71,planted,REDACT,
REC-00020-E03,REC-00020,contact_form,PHONE_NUMBER,+923414652512,79,92,planted,REDACT,phone_intl_plain
REC-00020-E04,REC-00020,contact_form,CNIC,4130281301884,99,112,planted,REDACT,cnic_plain
REC-00021-E01,REC-00021,subscription_record,CUSTOMER_ID,UBW-85456,6,15,planted,REDACT,
REC-00021-E02,REC-00021,subscription_record,PERSON,Tariq Ghani,18,29,planted,REDACT,
REC-00021-E03,REC-00021,subscription_record,EMAIL_ADDRESS,tariqghani@example.org,59,81,planted,REDACT,
REC-00021-E04,REC-00021,subscription_record,ADDRESS,"Flat 7D, Crescent Apartments, Gulistan-e-Jauhar Block 15, Peshawar",84,150,planted,REDACT,addr_flat
REC-00021-E05,REC-00021,subscription_record,POSTAL_CODE,12560,151,156,planted,REDACT,postal_after_city
REC-00022-E01,REC-00022,delivery_note,PERSON,Tariq Siddiqui,17,31,planted,REDACT,
REC-00022-E02,REC-00022,delivery_note,PERSON,Palwasha Qureshi,38,54,planted,REDACT,
REC-00022-E03,REC-00022,delivery_note,PHONE_NUMBER,0345 6783308,57,69,planted,REDACT,phone_local_space
REC-00022-E04,REC-00022,delivery_note,ADDRESS,"Plot 942, Sector F-7/3, Islamabad",72,105,planted,REDACT,addr_plot_sector
REC-00023-E01,REC-00023,customer_service_message,PERSON,Sana Baig,6,15,planted,REDACT,
REC-00023-E02,REC-00023,customer_service_message,EMAIL_ADDRESS,sana_baig187@example.org,17,41,planted,REDACT,
REC-00023-E03,REC-00023,customer_service_message,CUSTOMER_ID,UBW-46471,76,85,planted,REDACT,
REC-00023-E04,REC-00023,customer_service_message,PHONE_NUMBER,+92 321 6360682,98,113,planted,REDACT,phone_intl_space
REC-00023-E05,REC-00023,customer_service_message,PERSON,Sana Baig,238,247,planted,REDACT,repeated_value
REC-00025-E01,REC-00025,delivery_order,PERSON,Layla Abbasi,17,29,planted,REDACT,
REC-00025-E02,REC-00025,delivery_order,PHONE_NUMBER,0322 1156902,36,48,planted,REDACT,phone_local_space
REC-00025-E03,REC-00025,delivery_order,ADDRESS,"H. No. 13, Mall Road, Multan",56,84,planted,REDACT,addr_h_no
REC-00025-E04,REC-00025,delivery_order,POSTAL_CODE,74251,86,91,planted,REDACT,postal_after_city
REC-00026-E01,REC-00026,contact_form,PHONE_NUMBER,+92 331 9560490,54,69,planted,REDACT,phone_intl_space
REC-00026-E02,REC-00026,contact_form,PERSON,Tariq Leghari,76,89,planted,REDACT,
REC-00026-E03,REC-00026,contact_form,EMAIL_ADDRESS,t.leghari@example.com,100,121,planted,REDACT,
REC-00026-E04,REC-00026,contact_form,CUSTOMER_ID,UBW-74789,133,142,planted,REDACT,
REC-00026-E05,REC-00026,contact_form,CNIC,17101-5643798-1,159,174,planted,REDACT,cnic_hyphen
REC-00027-E01,REC-00027,subscription_record,EMAIL_ADDRESS,wasim.qureshi761@example.net,61,89,planted,REDACT,
REC-00027-E02,REC-00027,subscription_record,CUSTOMER_ID,UBW-23176,102,111,planted,REDACT,
REC-00027-E03,REC-00027,subscription_record,POSTAL_CODE,47093,126,131,planted,REDACT,postal_labelled
REC-00027-E04,REC-00027,subscription_record,ADDRESS,"House #284, Street 38, Block J, Cantt, Quetta",149,194,planted,REDACT,addr_house_street_block
REC-00027-E05,REC-00027,subscription_record,PERSON,Wasim Qureshi,206,219,planted,REDACT,
REC-00028-E01,REC-00028,delivery_note,PERSON,OMAR ABBASI,17,28,planted,REDACT,uppercase_name
REC-00028-E02,REC-00028,delivery_note,PERSON,Usman Iqbal,35,46,planted,REDACT,
REC-00028-E03,REC-00028,delivery_note,PHONE_NUMBER,+92 340 378 6401,49,65,planted,REDACT,phone_intl_space_split
REC-00028-E04,REC-00028,delivery_note,ADDRESS,"Shop 57, Saddar Bazaar, Peshawar",68,100,planted,REDACT,addr_shop
REC-00029-E01,REC-00029,customer_service_message,PERSON,Hassan Hashmi,6,19,planted,REDACT,
REC-00029-E02,REC-00029,customer_service_message,EMAIL_ADDRESS,hassanhashmi@example.com,21,45,planted,REDACT,
REC-00029-E03,REC-00029,customer_service_message,CUSTOMER_ID,UBW-63545,74,83,planted,REDACT,
REC-00029-E04,REC-00029,customer_service_message,PHONE_NUMBER,+92 310 0044891,96,111,planted,REDACT,phone_intl_space
REC-00029-E05,REC-00029,customer_service_message,PERSON,Hassan Hashmi,240,253,planted,REDACT,repeated_value
REC-00030-E01,REC-00030,internal_operational_note,PERSON,Faizan Khan,8,19,planted,REDACT,
REC-00030-E02,REC-00030,internal_operational_note,CUSTOMER_ID,UBW-19359,40,49,planted,REDACT,
REC-00030-E03,REC-00030,internal_operational_note,CNIC,5520220863088,71,84,planted,REDACT,cnic_plain
REC-00030-E04,REC-00030,internal_operational_note,PHONE_NUMBER,+92-340-9549709,104,119,planted,REDACT,phone_intl_hyphen
REC-00030-E05,REC-00030,internal_operational_note,PERSON,Sana Niazi,123,133,planted,REDACT,
REC-00031-E01,REC-00031,delivery_order,PERSON,RIZWAN SIDDIQUI,17,32,planted,REDACT,uppercase_name
REC-00031-E02,REC-00031,delivery_order,PHONE_NUMBER,0330-5407658,39,51,planted,REDACT,phone_local_hyphen
REC-00031-E03,REC-00031,delivery_order,ADDRESS,"Flat 8A, Askari Tower 2, Askari 11, Karachi",59,102,planted,REDACT,addr_flat
REC-00031-E04,REC-00031,delivery_order,POSTAL_CODE,85529,103,108,planted,REDACT,postal_after_city
REC-00032-E01,REC-00032,contact_form,PERSON,Palwasha Ghani,12,26,planted,REDACT,
REC-00032-E02,REC-00032,contact_form,EMAIL_ADDRESS,p.ghani@example.com,45,64,planted,REDACT,
REC-00032-E03,REC-00032,contact_form,PHONE_NUMBER,+923156718473,73,86,planted,REDACT,phone_intl_plain
REC-00033-E01,REC-00033,subscription_record,EMAIL_ADDRESS,s.siddiqui@example.net,71,93,planted,REDACT,
REC-00033-E02,REC-00033,subscription_record,ADDRESS,"House #563, Street 9, Block E, Gulshan-e-Iqbal, Faisalabad",111,169,planted,REDACT,addr_house_street_block
REC-00033-E03,REC-00033,subscription_record,POSTAL_CODE,73532,183,188,planted,REDACT,postal_labelled
REC-00033-E04,REC-00033,subscription_record,CUSTOMER_ID,ubw-25915,200,209,planted,REDACT,custid_lowercase
REC-00033-E05,REC-00033,subscription_record,PERSON,SANA SIDDIQUI,223,236,planted,REDACT,uppercase_name
REC-00034-E01,REC-00034,delivery_note,PHONE_NUMBER,+92 321 9259637,31,46,planted,REDACT,phone_intl_space
REC-00034-E02,REC-00034,delivery_note,PERSON,Zara Ahmed,56,66,planted,REDACT,
REC-00034-E03,REC-00034,delivery_note,PERSON,Yusra Malik,77,88,planted,REDACT,
REC-00034-E04,REC-00034,delivery_note,ADDRESS,"Shop 42, Jinnah Super Market, Peshawar",112,150,planted,REDACT,addr_shop
REC-00035-E01,REC-00035,customer_service_message,PHONE_NUMBER,+92 335 0602286,86,101,planted,REDACT,phone_intl_space
REC-00035-E02,REC-00035,customer_service_message,EMAIL_ADDRESS,faizan_ghani978@example.net,112,139,planted,REDACT,
REC-00035-E03,REC-00035,customer_service_message,PERSON,Faizan Ghani,199,211,planted,REDACT,
REC-00035-E04,REC-00035,customer_service_message,CUSTOMER_ID,UBW-90931,213,222,planted,REDACT,
REC-00036-E01,REC-00036,internal_operational_note,CUSTOMER_ID,ubw-13794,71,80,planted,REDACT,custid_lowercase
REC-00036-E02,REC-00036,internal_operational_note,PERSON,Kinza Hashmi,94,106,planted,REDACT,
REC-00036-E03,REC-00036,internal_operational_note,CNIC,61101-4096953-9,123,138,planted,REDACT,cnic_hyphen
REC-00036-E04,REC-00036,internal_operational_note,PHONE_NUMBER,+92-315-6014016,157,172,planted,REDACT,phone_intl_hyphen
REC-00037-E01,REC-00037,delivery_order,PERSON,Farhat Waheed,23,36,planted,REDACT,
REC-00037-E02,REC-00037,delivery_order,CUSTOMER_ID,UBW-57049,38,47,planted,REDACT,
REC-00037-E03,REC-00037,delivery_order,ADDRESS,"near the old water tank, behind Anarkali Bazaar, Quetta",82,137,planted,REDACT,addr_landmark;heldout_format
REC-00037-E04,REC-00037,delivery_order,PHONE_NUMBER,03153342306,158,169,planted,REDACT,phone_local_plain
REC-00038-E01,REC-00038,contact_form,PERSON,Zahida Malik,26,38,planted,REDACT,
REC-00038-E02,REC-00038,contact_form,EMAIL_ADDRESS,zahidamalik@example.com,46,69,planted,REDACT,
REC-00038-E03,REC-00038,contact_form,PHONE_NUMBER,+92 345 229 4774,77,93,planted,REDACT,phone_intl_space_split
REC-00039-E01,REC-00039,subscription_record,CUSTOMER_ID,UBW-25095,83,92,planted,REDACT,
REC-00039-E02,REC-00039,subscription_record,ADDRESS,"House No. 991, University Road, Saddar, Quetta",111,157,planted,REDACT,addr_house_no_road
REC-00039-E03,REC-00039,subscription_record,POSTAL_CODE,54396,159,164,planted,REDACT,postal_after_city
REC-00039-E04,REC-00039,subscription_record,EMAIL_ADDRESS,a.gillani@example.org,171,192,planted,REDACT,
REC-00039-E05,REC-00039,subscription_record,PERSON,Adeel Gillani,206,219,planted,REDACT,
REC-00040-E01,REC-00040,delivery_note,PERSON,bina gillani,17,29,planted,REDACT,lowercase_name
REC-00040-E02,REC-00040,delivery_note,PERSON,Fatima Waheed,36,49,planted,REDACT,
REC-00040-E03,REC-00040,delivery_note,PHONE_NUMBER,03352276065,52,63,planted,REDACT,phone_local_plain
REC-00040-E04,REC-00040,delivery_note,ADDRESS,"House No. 687, Shahrah-e-Faisal, North Nazimabad, Multan",66,122,planted,REDACT,addr_house_no_road
REC-00041-E01,REC-00041,customer_service_message,PHONE_NUMBER,0345-6162857,105,117,planted,REDACT,phone_local_hyphen
REC-00041-E02,REC-00041,customer_service_message,EMAIL_ADDRESS,p.gillani@example.com,128,149,planted,REDACT,
REC-00041-E03,REC-00041,customer_service_message,PERSON,Palwasha Gillani,209,225,planted,REDACT,
REC-00041-E04,REC-00041,customer_service_message,CUSTOMER_ID,UBW-81364,227,236,planted,REDACT,
REC-00042-E01,REC-00042,internal_operational_note,PERSON,Zahida Hassan Baig,8,26,planted,REDACT,three_token_name
REC-00042-E02,REC-00042,internal_operational_note,CUSTOMER_ID,UBW-26505,47,56,planted,REDACT,
REC-00042-E03,REC-00042,internal_operational_note,CNIC,38401-5512314-3,72,87,planted,REDACT,cnic_hyphen
REC-00042-E04,REC-00042,internal_operational_note,PHONE_NUMBER,03353475523,107,118,planted,REDACT,phone_local_plain
REC-00042-E05,REC-00042,internal_operational_note,PERSON,Mahnoor Ghani,122,135,planted,REDACT,
REC-00043-E01,REC-00043,delivery_order,PERSON,Nadia Siddiqui,17,31,planted,REDACT,
REC-00043-E02,REC-00043,delivery_order,PHONE_NUMBER,+923002211291,38,51,planted,REDACT,phone_intl_plain
REC-00043-E03,REC-00043,delivery_order,ADDRESS,"House #603, Street 21, Block A, Model Town, Rawalpindi",59,113,planted,REDACT,addr_house_street_block
REC-00044-E01,REC-00044,contact_form,PERSON,Rizwan Hashmi,12,25,planted,REDACT,
REC-00044-E02,REC-00044,contact_form,EMAIL_ADDRESS,rizwan.hashmi745@example.net,39,67,planted,REDACT,
REC-00044-E03,REC-00044,contact_form,PHONE_NUMBER,+92 300 1020480,75,90,planted,REDACT,phone_intl_space
REC-00044-E04,REC-00044,contact_form,CNIC,17101 7151684 2,105,120,planted,REDACT,cnic_spaced;heldout_format
REC-00045-E01,REC-00045,subscription_record,CUSTOMER_ID,UBW-66370,6,15,planted,REDACT,
REC-00045-E02,REC-00045,subscription_record,PERSON,Burhan Tarar,18,30,planted,REDACT,
REC-00045-E03,REC-00045,subscription_record,EMAIL_ADDRESS,b.tarar@example.org,63,82,planted,REDACT,
REC-00045-E04,REC-00045,subscription_record,ADDRESS,"Plot 667, Sector F-10/2, Islamabad",85,119,planted,REDACT,addr_plot_sector
REC-00045-E05,REC-00045,subscription_record,POSTAL_CODE,38183,120,125,planted,REDACT,postal_after_city
REC-00046-E01,REC-00046,delivery_note,PERSON,Jawad Hashmi,17,29,planted,REDACT,
REC-00046-E02,REC-00046,delivery_note,PERSON,Wasim Bukhari,36,49,planted,REDACT,
REC-00046-E03,REC-00046,delivery_note,PHONE_NUMBER,+92 303 1432176,52,67,planted,REDACT,phone_intl_space
REC-00046-E04,REC-00046,delivery_note,ADDRESS,"House #763, Street 24, Block C, Satellite Town, Lahore",70,124,planted,REDACT,addr_house_street_block
REC-00047-E01,REC-00047,customer_service_message,PERSON,Jawad Ansari,6,18,planted,REDACT,
REC-00047-E02,REC-00047,customer_service_message,EMAIL_ADDRESS,jawad_ansari889@example.com,20,47,planted,REDACT,
REC-00047-E03,REC-00047,customer_service_message,CUSTOMER_ID,UBW-85748,77,86,planted,REDACT,
REC-00047-E04,REC-00047,customer_service_message,PHONE_NUMBER,+92 322 173 8129,94,110,planted,REDACT,phone_intl_space_split
REC-00047-E05,REC-00047,customer_service_message,PERSON,Jawad Ansari,239,251,planted,REDACT,repeated_value
REC-00048-E01,REC-00048,internal_operational_note,PERSON,Zara Baig,11,20,planted,REDACT,
REC-00048-E02,REC-00048,internal_operational_note,CUSTOMER_ID,UBW-50499,41,50,planted,REDACT,
REC-00048-E03,REC-00048,internal_operational_note,CNIC,17101-1167449-3,64,79,planted,REDACT,cnic_hyphen
REC-00048-E04,REC-00048,internal_operational_note,PHONE_NUMBER,0310 2403361,99,111,planted,REDACT,phone_local_space
REC-00048-E05,REC-00048,internal_operational_note,PERSON,Alia Javed Tarar,115,131,planted,REDACT,three_token_name
REC-00049-E01,REC-00049,delivery_order,PERSON,Saad Cheema,23,34,planted,REDACT,
REC-00049-E02,REC-00049,delivery_order,CUSTOMER_ID,UBW-68079,36,45,planted,REDACT,
REC-00049-E03,REC-00049,delivery_order,ADDRESS,"Flat 6A, Askari Tower 2, DHA Phase 6, Karachi",80,125,planted,REDACT,addr_flat
REC-00049-E04,REC-00049,delivery_order,PHONE_NUMBER,0321 9522639,132,144,planted,REDACT,phone_local_space
REC-00050-E01,REC-00050,contact_form,PERSON,Hamza Malik,12,23,planted,REDACT,
REC-00050-E02,REC-00050,contact_form,EMAIL_ADDRESS,HAMZAMALIK@EXAMPLE.COM,37,59,planted,REDACT,uppercase_email
REC-00050-E03,REC-00050,contact_form,PHONE_NUMBER,03112302417,67,78,planted,REDACT,phone_local_plain
REC-00050-E04,REC-00050,contact_form,CNIC,3310155049792,93,106,planted,REDACT,cnic_plain
REC-00051-E01,REC-00051,subscription_record,PERSON,Imran Chaudhry,0,14,planted,REDACT,
REC-00051-E02,REC-00051,subscription_record,CUSTOMER_ID,UBW-12733,81,90,planted,REDACT,
REC-00051-E03,REC-00051,subscription_record,EMAIL_ADDRESS,imran.chaudhry883@example.org,107,136,planted,REDACT,
REC-00051-E04,REC-00051,subscription_record,ADDRESS,"Plot 297, Sector G-9/2, Islamabad",163,196,planted,REDACT,addr_plot_sector
REC-00051-E05,REC-00051,subscription_record,POSTAL_CODE,63088,210,215,planted,REDACT,postal_labelled
REC-00052-E01,REC-00052,delivery_note,PERSON,Kinza Dogar,7,18,planted,REDACT,
REC-00052-E02,REC-00052,delivery_note,PERSON,Bina Zuberi,41,52,planted,REDACT,
REC-00052-E03,REC-00052,delivery_note,ADDRESS,"Flat 12C, Askari Tower 2, Bahria Town Phase 4, Rawalpindi",56,113,planted,REDACT,addr_flat
REC-00052-E04,REC-00052,delivery_note,PHONE_NUMBER,0341-1913049,131,143,planted,REDACT,phone_local_hyphen
REC-00053-E01,REC-00053,customer_service_message,PHONE_NUMBER,0092 336 5422534,104,120,planted,REDACT,phone_intl00_space;unicode_context
REC-00053-E02,REC-00053,customer_service_message,EMAIL_ADDRESS,omar_farooqi476@example.net,131,158,planted,REDACT,unicode_context
REC-00053-E03,REC-00053,customer_service_message,PERSON,Omar Farooqi,218,230,planted,REDACT,unicode_context
REC-00053-E04,REC-00053,customer_service_message,CUSTOMER_ID,UBW-92210,232,241,planted,REDACT,unicode_context
REC-00054-E01,REC-00054,internal_operational_note,CUSTOMER_ID,UBW-21835,70,79,planted,REDACT,
REC-00054-E02,REC-00054,internal_operational_note,PERSON,Farhat Bano Osmani,91,109,planted,REDACT,three_token_name
REC-00054-E03,REC-00054,internal_operational_note,PHONE_NUMBER,+92 331 9736311,130,145,planted,REDACT,phone_intl_space
REC-00054-E04,REC-00054,internal_operational_note,CNIC,42101-7545279-4,161,176,planted,REDACT,cnic_hyphen
REC-00055-E01,REC-00055,delivery_order,PERSON,Burhan Ali Zuberi,17,34,planted,REDACT,three_token_name
REC-00055-E02,REC-00055,delivery_order,PHONE_NUMBER,0313 2522845,41,53,planted,REDACT,phone_local_space
REC-00055-E03,REC-00055,delivery_order,ADDRESS,"House No. 680, Ferozepur Road, Shadman, Sialkot",61,108,planted,REDACT,addr_house_no_road
REC-00056-E01,REC-00056,contact_form,PERSON,Ehsan Javed,12,23,planted,REDACT,
REC-00056-E02,REC-00056,contact_form,EMAIL_ADDRESS,ehsan.javed662@example.net,37,63,planted,REDACT,
REC-00056-E03,REC-00056,contact_form,PHONE_NUMBER,0310 3593556,72,84,planted,REDACT,phone_local_space
REC-00057-E01,REC-00057,subscription_record,CUSTOMER_ID,UBW-57749,6,15,planted,REDACT,
REC-00057-E02,REC-00057,subscription_record,PERSON,Fatima Zuberi,18,31,planted,REDACT,
REC-00057-E03,REC-00057,subscription_record,EMAIL_ADDRESS,fatima_zuberi158@example.net,64,92,planted,REDACT,
REC-00057-E04,REC-00057,subscription_record,ADDRESS,"Shop 57, Liberty Market, Islamabad",95,129,planted,REDACT,addr_shop
REC-00058-E01,REC-00058,delivery_note,PERSON,Tahira Siddiqui,7,22,planted,REDACT,
REC-00058-E02,REC-00058,delivery_note,PERSON,Naveed Niazi,45,57,planted,REDACT,
REC-00058-E03,REC-00058,delivery_note,ADDRESS,"Shop 54, Jinnah Super Market, Hyderabad",61,100,planted,REDACT,addr_shop
REC-00058-E04,REC-00058,delivery_note,PHONE_NUMBER,0331 472 7345,118,131,planted,REDACT,phone_local_4_3_4;heldout_format
REC-00059-E01,REC-00059,customer_service_message,PHONE_NUMBER,0092-306-7339571,71,87,planted,REDACT,phone_intl00_hyphen
REC-00059-E02,REC-00059,customer_service_message,EMAIL_ADDRESS,uzma.hashmi292@example.com,98,124,planted,REDACT,
REC-00059-E03,REC-00059,customer_service_message,PERSON,Uzma Hashmi,184,195,planted,REDACT,
REC-00059-E04,REC-00059,customer_service_message,CUSTOMER_ID,UBW-22021,197,206,planted,REDACT,
REC-00060-E01,REC-00060,internal_operational_note,CUSTOMER_ID,UBW-22987,71,80,planted,REDACT,
REC-00060-E02,REC-00060,internal_operational_note,PHONE_NUMBER,+92 306 230 8538,102,118,planted,REDACT,phone_intl_space_split
REC-00060-E03,REC-00060,internal_operational_note,PERSON,Imran Osmani,131,143,planted,REDACT,
REC-00061-E01,REC-00061,delivery_order,PERSON,Iqra Iqbal,17,27,planted,REDACT,
REC-00061-E02,REC-00061,delivery_order,PHONE_NUMBER,+92 341 8646569,33,48,planted,REDACT,phone_intl_space
REC-00061-E03,REC-00061,delivery_order,ADDRESS,"Flat 10D, Al-Noor Heights, Gulistan-e-Jauhar Block 15, Bahawalpur",56,121,planted,REDACT,addr_flat
REC-00062-E01,REC-00062,contact_form,PERSON,Rizwan Osmani,26,39,planted,REDACT,
REC-00062-E02,REC-00062,contact_form,EMAIL_ADDRESS,rizwan_osmani45@example.org,47,74,planted,REDACT,
REC-00062-E03,REC-00062,contact_form,PHONE_NUMBER,0303-5784825,82,94,planted,REDACT,phone_local_hyphen
REC-00063-E01,REC-00063,subscription_record,CUSTOMER_ID,UBW-77552,6,15,planted,REDACT,
REC-00063-E02,REC-00063,subscription_record,PERSON,Mahnoor Leghari,18,33,planted,REDACT,
REC-00063-E03,REC-00063,subscription_record,EMAIL_ADDRESS,MAHNOOR.LEGHARI734@EXAMPLE.ORG,50,80,planted,REDACT,uppercase_email
REC-00063-E04,REC-00063,subscription_record,ADDRESS,"House #908, Street 3, Block F, Shadman, Rawalpindi",83,133,planted,REDACT,addr_house_street_block
REC-00063-E05,REC-00063,subscription_record,POSTAL_CODE,50642,136,141,planted,REDACT,postal_after_city
REC-00064-E01,REC-00064,delivery_note,PERSON,Farhat Durrani,17,31,planted,REDACT,
REC-00064-E02,REC-00064,delivery_note,PERSON,Layla Bukhari,38,51,planted,REDACT,
REC-00064-E03,REC-00064,delivery_note,PHONE_NUMBER,0323 5688090,54,66,planted,REDACT,phone_local_space
REC-00064-E04,REC-00064,delivery_note,ADDRESS,"near the PSO petrol pump, behind Saddar Bazaar, Quetta",69,123,planted,REDACT,addr_landmark;heldout_format
REC-00065-E01,REC-00065,customer_service_message,PERSON,Junaid Hussain,25,39,planted,REDACT,
REC-00065-E02,REC-00065,customer_service_message,EMAIL_ADDRESS,j.hussain@example.org,50,71,planted,REDACT,
REC-00065-E03,REC-00065,customer_service_message,PHONE_NUMBER,03407149041,74,85,planted,REDACT,phone_local_plain
REC-00066-E01,REC-00066,internal_operational_note,PERSON,Kinza Toor,64,74,planted,REDACT,
REC-00066-E02,REC-00066,internal_operational_note,PHONE_NUMBER,+923002395441,95,108,planted,REDACT,phone_intl_plain
REC-00066-E03,REC-00066,internal_operational_note,CNIC,5520205838293,130,143,planted,REDACT,cnic_plain
REC-00066-E04,REC-00066,internal_operational_note,CUSTOMER_ID,UBW-77251,162,171,planted,REDACT,
REC-00067-E01,REC-00067,delivery_order,PERSON,Layla Sheikh,17,29,planted,REDACT,
REC-00067-E02,REC-00067,delivery_order,PHONE_NUMBER,03404791184,36,47,planted,REDACT,phone_local_plain
REC-00067-E03,REC-00067,delivery_order,ADDRESS,"Plot 205, Sector G-9/2, Islamabad",55,88,planted,REDACT,addr_plot_sector
REC-00067-E04,REC-00067,delivery_order,POSTAL_CODE,27790,90,95,planted,REDACT,postal_after_city
REC-00068-E01,REC-00068,contact_form,PERSON,Parveen Mirza,26,39,planted,REDACT,
REC-00068-E02,REC-00068,contact_form,EMAIL_ADDRESS,parveen.mirza206@example.com,47,75,planted,REDACT,
REC-00068-E03,REC-00068,contact_form,PHONE_NUMBER,0335-9601221,83,95,planted,REDACT,phone_local_hyphen
REC-00069-E01,REC-00069,subscription_record,PERSON,Waqar Farooqi,59,72,planted,REDACT,
REC-00069-E02,REC-00069,subscription_record,ADDRESS,"h no 656, st 38, model town, hyderabad",91,129,planted,REDACT,addr_abbrev_lower
REC-00069-E03,REC-00069,subscription_record,EMAIL_ADDRESS,waqar.farooqi461@example.net,145,173,planted,REDACT,
REC-00069-E04,REC-00069,subscription_record,POSTAL_CODE,26912,190,195,planted,REDACT,postal_labelled
REC-00069-E05,REC-00069,subscription_record,CUSTOMER_ID,UBW-66704,206,215,planted,REDACT,
REC-00070-E01,REC-00070,delivery_note,PERSON,Faizan Abbasi,7,20,planted,REDACT,
REC-00070-E02,REC-00070,delivery_note,PERSON,waqar gillani,42,55,planted,REDACT,lowercase_name
REC-00070-E03,REC-00070,delivery_note,ADDRESS,"Flat 8D, Gulshan Residency, Clifton Block 5, Faisalabad",59,114,planted,REDACT,addr_flat
REC-00070-E04,REC-00070,delivery_note,PHONE_NUMBER,0092-335-4859883,133,149,planted,REDACT,phone_intl00_hyphen
REC-00071-E01,REC-00071,customer_service_message,PHONE_NUMBER,0322-8639932,91,103,planted,REDACT,phone_local_hyphen
REC-00071-E02,REC-00071,customer_service_message,EMAIL_ADDRESS,s.zuberi@example.org,114,134,planted,REDACT,
REC-00071-E03,REC-00071,customer_service_message,PERSON,Saad Zuberi,194,205,planted,REDACT,
REC-00071-E04,REC-00071,customer_service_message,CUSTOMER_ID,UBW-83616,207,216,planted,REDACT,
REC-00072-E01,REC-00072,internal_operational_note,PERSON,Alia Gillani,10,22,planted,REDACT,
REC-00072-E02,REC-00072,internal_operational_note,CUSTOMER_ID,UBW-30932,43,52,planted,REDACT,
REC-00072-E03,REC-00072,internal_operational_note,CNIC,5520286356498,68,81,planted,REDACT,cnic_plain
REC-00072-E04,REC-00072,internal_operational_note,PHONE_NUMBER,0092 321 3184887,101,117,planted,REDACT,phone_intl00_space
REC-00072-E05,REC-00072,internal_operational_note,PERSON,Kiran Durrani,121,134,planted,REDACT,
REC-00073-E01,REC-00073,delivery_order,PERSON,Imran Osmani,32,44,planted,REDACT,
REC-00073-E02,REC-00073,delivery_order,CUSTOMER_ID,UBW-47453,46,55,planted,REDACT,
REC-00073-E03,REC-00073,delivery_order,ADDRESS,"House No. 904, Allama Iqbal Road, Wapda Town, Sialkot",90,143,planted,REDACT,addr_house_no_road
REC-00073-E04,REC-00073,delivery_order,PHONE_NUMBER,+92 301 084 7927,157,173,planted,REDACT,phone_intl_space_split
REC-00074-E01,REC-00074,contact_form,PERSON,Uzma Niazi,12,22,planted,REDACT,
REC-00074-E02,REC-00074,contact_form,EMAIL_ADDRESS,uzma_niazi517@example.net,36,61,planted,REDACT,
REC-00074-E03,REC-00074,contact_form,PHONE_NUMBER,0345 199 3318,70,83,planted,REDACT,phone_local_4_3_4;heldout_format
REC-00074-E04,REC-00074,contact_form,CNIC,35202-6608607-6,96,111,planted,REDACT,cnic_hyphen
REC-00075-E01,REC-00075,subscription_record,CUSTOMER_ID,UBW-76809,6,15,planted,REDACT,
REC-00075-E02,REC-00075,subscription_record,PERSON,Nadia Zuberi,18,30,planted,REDACT,
REC-00075-E03,REC-00075,subscription_record,EMAIL_ADDRESS,nadiazuberi@example.com,47,70,planted,REDACT,
REC-00075-E04,REC-00075,subscription_record,ADDRESS,"Flat 20C, Pearl Residencia, Askari 11, Islamabad",73,121,planted,REDACT,addr_flat
REC-00075-E05,REC-00075,subscription_record,POSTAL_CODE,76494,122,127,planted,REDACT,postal_after_city
REC-00076-E01,REC-00076,delivery_note,PHONE_NUMBER,+923369691097,31,44,planted,REDACT,phone_intl_plain
REC-00076-E02,REC-00076,delivery_note,ADDRESS,"House No. 598, Murree Road, Model Town, Karachi",56,103,planted,REDACT,addr_house_no_road
REC-00076-E03,REC-00076,delivery_note,PERSON,Noreen Baig,132,143,planted,REDACT,
REC-00076-E04,REC-00076,delivery_note,PERSON,Ehsan Iqbal,153,164,planted,REDACT,
REC-00077-E01,REC-00077,customer_service_message,PHONE_NUMBER,03154848684,88,99,planted,REDACT,phone_local_plain
REC-00077-E02,REC-00077,customer_service_message,EMAIL_ADDRESS,t.zuberi@example.com,110,130,planted,REDACT,
REC-00077-E03,REC-00077,customer_service_message,PERSON,Tariq Zuberi,190,202,planted,REDACT,
REC-00077-E04,REC-00077,customer_service_message,CUSTOMER_ID,UBW-37168,204,213,planted,REDACT,
REC-00078-E01,REC-00078,internal_operational_note,PERSON,Farhat Khan,11,22,planted,REDACT,
REC-00078-E02,REC-00078,internal_operational_note,CUSTOMER_ID,UBW-20358,43,52,planted,REDACT,
REC-00078-E03,REC-00078,internal_operational_note,CNIC,41302-4548852-9,66,81,planted,REDACT,cnic_hyphen
REC-00078-E04,REC-00078,internal_operational_note,PHONE_NUMBER,0313 8037616,101,113,planted,REDACT,phone_local_space
REC-00078-E05,REC-00078,internal_operational_note,PERSON,Waqar Siddiqui,117,131,planted,REDACT,
REC-00079-E01,REC-00079,delivery_order,PERSON,Yusra Raza,32,42,planted,REDACT,
REC-00079-E02,REC-00079,delivery_order,CUSTOMER_ID,UBW-10679,44,53,planted,REDACT,
REC-00079-E03,REC-00079,delivery_order,ADDRESS,"House #339, Street 31, Block B, Wapda Town, Peshawar",88,140,planted,REDACT,addr_house_street_block
REC-00079-E04,REC-00079,delivery_order,PHONE_NUMBER,+92 341 3906349,154,169,planted,REDACT,phone_intl_space
REC-00080-E01,REC-00080,contact_form,PERSON,Junaid Abbasi,26,39,planted,REDACT,
REC-00080-E02,REC-00080,contact_form,EMAIL_ADDRESS,junaid.abbasi936@example.org,47,75,planted,REDACT,
REC-00080-E03,REC-00080,contact_form,PHONE_NUMBER,0301-6660463,83,95,planted,REDACT,phone_local_hyphen
REC-00081-E01,REC-00081,subscription_record,PERSON,Mahnoor Siddiqui,0,16,planted,REDACT,
REC-00081-E02,REC-00081,subscription_record,CUSTOMER_ID,UBW-11846,82,91,planted,REDACT,
REC-00081-E03,REC-00081,subscription_record,EMAIL_ADDRESS,mahnoorsiddiqui@example.org,110,137,planted,REDACT,
REC-00082-E01,REC-00082,delivery_note,PERSON,IMRAN HUSSAIN,7,20,planted,REDACT,uppercase_name
REC-00082-E02,REC-00082,delivery_note,PERSON,Sana Hashmi,43,54,planted,REDACT,
REC-00082-E03,REC-00082,delivery_note,ADDRESS,"House No. 458, University Road, Clifton, Rawalpindi",58,109,planted,REDACT,addr_house_no_road
REC-00082-E04,REC-00082,delivery_note,PHONE_NUMBER,03120114590,119,130,planted,REDACT,phone_local_plain
REC-00083-E01,REC-00083,customer_service_message,PHONE_NUMBER,+923414949909,71,84,planted,REDACT,phone_intl_plain
REC-00083-E02,REC-00083,customer_service_message,EMAIL_ADDRESS,usmandurrani@example.net,93,117,planted,REDACT,
REC-00083-E03,REC-00083,customer_service_message,PERSON,Usman Durrani,177,190,planted,REDACT,
REC-00083-E04,REC-00083,customer_service_message,CUSTOMER_ID,UBW-58174,192,201,planted,REDACT,
REC-00084-E01,REC-00084,internal_operational_note,CUSTOMER_ID,UBW-42435,72,81,planted,REDACT,
REC-00084-E02,REC-00084,internal_operational_note,PERSON,Zahida Bukhari,94,108,planted,REDACT,
REC-00084-E03,REC-00084,internal_operational_note,PHONE_NUMBER,+92 303 881 6538,131,147,planted,REDACT,phone_intl_space_split
REC-00085-E01,REC-00085,delivery_order,PERSON,Mahnoor Bano Abbasi,75,94,planted,REDACT,three_token_name
REC-00085-E02,REC-00085,delivery_order,ADDRESS,"House No. 764, Tariq Road, Cantt, Karachi",113,154,planted,REDACT,addr_house_no_road
REC-00085-E03,REC-00085,delivery_order,POSTAL_CODE,19572,155,160,planted,REDACT,postal_after_city
REC-00085-E04,REC-00085,delivery_order,PHONE_NUMBER,03006642917,169,180,planted,REDACT,phone_local_plain
REC-00085-E05,REC-00085,delivery_order,CUSTOMER_ID,UBW-15936,188,197,planted,REDACT,
REC-00086-E01,REC-00086,contact_form,PERSON,Tahira Raza,26,37,planted,REDACT,
REC-00086-E02,REC-00086,contact_form,EMAIL_ADDRESS,TAHIRARAZA@EXAMPLE.COM,45,67,planted,REDACT,uppercase_email
REC-00086-E03,REC-00086,contact_form,CNIC,35202-1692765-1,74,89,planted,REDACT,cnic_hyphen
REC-00087-E01,REC-00087,subscription_record,PERSON,Imran Janjua,0,12,planted,REDACT,
REC-00087-E02,REC-00087,subscription_record,CUSTOMER_ID,UBW-52030,79,88,planted,REDACT,
REC-00087-E03,REC-00087,subscription_record,EMAIL_ADDRESS,imran.janjua144@example.org,107,134,planted,REDACT,
REC-00087-E04,REC-00087,subscription_record,ADDRESS,"near City Hospital gate, behind Hyderi Market, Sialkot",161,215,planted,REDACT,addr_landmark;heldout_format
REC-00088-E01,REC-00088,delivery_note,PERSON,Yusra Mirza,7,18,planted,REDACT,
REC-00088-E02,REC-00088,delivery_note,PERSON,Palwasha Durrani,41,57,planted,REDACT,
REC-00088-E03,REC-00088,delivery_note,ADDRESS,"Plot 153, Sector I-8/4, Islamabad",61,94,planted,REDACT,addr_plot_sector
REC-00088-E04,REC-00088,delivery_note,PHONE_NUMBER,+923345347476,112,125,planted,REDACT,phone_intl_plain
REC-00089-E01,REC-00089,customer_service_message,PERSON,Shahid Khan,6,17,planted,REDACT,
REC-00089-E02,REC-00089,customer_service_message,EMAIL_ADDRESS,shahid_khan992@example.net,19,45,planted,REDACT,
REC-00089-E03,REC-00089,customer_service_message,CUSTOMER_ID,UBW-94765,82,91,planted,REDACT,
REC-00089-E04,REC-00089,customer_service_message,PHONE_NUMBER,03115540893,100,111,planted,REDACT,phone_local_plain
REC-00089-E05,REC-00089,customer_service_message,PERSON,Shahid Khan,237,248,planted,REDACT,repeated_value
REC-00090-E01,REC-00090,internal_operational_note,PERSON,ehsan waheed,10,22,planted,REDACT,lowercase_name
REC-00090-E02,REC-00090,internal_operational_note,CUSTOMER_ID,UBW-34906,43,52,planted,REDACT,
REC-00090-E03,REC-00090,internal_operational_note,CNIC,3840166543814,66,79,planted,REDACT,cnic_plain
REC-00090-E04,REC-00090,internal_operational_note,PHONE_NUMBER,0333-4070038,99,111,planted,REDACT,phone_local_hyphen
REC-00090-E05,REC-00090,internal_operational_note,PERSON,Yusra Tarar,115,126,planted,REDACT,
REC-00091-E01,REC-00091,delivery_order,PERSON,Faizan Ansari,83,96,planted,REDACT,
REC-00091-E02,REC-00091,delivery_order,CUSTOMER_ID,UBW-51015,107,116,planted,REDACT,
REC-00091-E03,REC-00091,delivery_order,PHONE_NUMBER,0092-331-1654371,131,147,planted,REDACT,phone_intl00_hyphen
REC-00091-E04,REC-00091,delivery_order,ADDRESS,"Shop 41, Jinnah Super Market, Bahawalpur",160,200,planted,REDACT,addr_shop
REC-00091-E05,REC-00091,delivery_order,POSTAL_CODE,58589,211,216,planted,REDACT,postal_labelled
REC-00092-E01,REC-00092,contact_form,PERSON,SAAD OSMANI,26,37,planted,REDACT,uppercase_name
REC-00092-E02,REC-00092,contact_form,EMAIL_ADDRESS,saad_osmani676@example.com,45,71,planted,REDACT,
REC-00092-E03,REC-00092,contact_form,PHONE_NUMBER,0300 8882154,79,91,planted,REDACT,phone_local_space
REC-00093-E01,REC-00093,subscription_record,PERSON,Kiran Hashmi,0,12,planted,REDACT,
REC-00093-E02,REC-00093,subscription_record,CUSTOMER_ID,UBW-49318,76,85,planted,REDACT,
REC-00093-E03,REC-00093,subscription_record,EMAIL_ADDRESS,k.hashmi@example.org,102,122,planted,REDACT,
REC-00093-E04,REC-00093,subscription_record,ADDRESS,"near the old water tank, behind Moon Market, Quetta",149,200,planted,REDACT,addr_landmark;heldout_format
REC-00093-E05,REC-00093,subscription_record,POSTAL_CODE,39603,214,219,planted,REDACT,postal_labelled
REC-00094-E01,REC-00094,delivery_note,PHONE_NUMBER,03058861040,24,35,planted,REDACT,phone_local_plain
REC-00094-E02,REC-00094,delivery_note,ADDRESS,"near the main roundabout, behind Hyderi Market, Rawalpindi",65,123,planted,REDACT,addr_landmark;heldout_format
REC-00094-E03,REC-00094,delivery_note,PERSON,Junaid Malik,136,148,planted,REDACT,
REC-00094-E04,REC-00094,delivery_note,PERSON,Naveed Durrani,158,172,planted,REDACT,
REC-00095-E01,REC-00095,customer_service_message,PHONE_NUMBER,0321 0497036,88,100,planted,REDACT,phone_local_space
REC-00095-E02,REC-00095,customer_service_message,EMAIL_ADDRESS,rizwan.ansari349@example.net,111,139,planted,REDACT,
REC-00095-E03,REC-00095,customer_service_message,PERSON,Rizwan Bano Ansari,199,217,planted,REDACT,three_token_name
REC-00095-E04,REC-00095,customer_service_message,CUSTOMER_ID,UBW-93115,219,228,planted,REDACT,
REC-00096-E01,REC-00096,internal_operational_note,PERSON,Usman Farooqi,11,24,planted,REDACT,
REC-00096-E02,REC-00096,internal_operational_note,CUSTOMER_ID,UBW-93086,45,54,planted,REDACT,
REC-00096-E03,REC-00096,internal_operational_note,CNIC,33101-7461429-6,70,85,planted,REDACT,cnic_hyphen
REC-00096-E04,REC-00096,internal_operational_note,PHONE_NUMBER,0322 1787627,105,117,planted,REDACT,phone_local_space
REC-00096-E05,REC-00096,internal_operational_note,PERSON,Hamza Cheema,121,133,planted,REDACT,
REC-00097-E01,REC-00097,delivery_order,CUSTOMER_ID,UBW-60829,76,85,planted,REDACT,
REC-00097-E02,REC-00097,delivery_order,PERSON,Kinza Janjua,97,109,planted,REDACT,
REC-00097-E03,REC-00097,delivery_order,PHONE_NUMBER,0303-5937696,123,135,planted,REDACT,phone_local_hyphen
REC-00097-E04,REC-00097,delivery_order,ADDRESS,"Flat 11D, Al-Noor Heights, Askari 11, Sialkot",145,190,planted,REDACT,addr_flat
REC-00097-E05,REC-00097,delivery_order,POSTAL_CODE,64238,206,211,planted,REDACT,postal_labelled
REC-00098-E01,REC-00098,contact_form,PERSON,Zahida Javed,18,30,planted,REDACT,
REC-00098-E02,REC-00098,contact_form,EMAIL_ADDRESS,zahidajaved@example.org,44,67,planted,REDACT,
REC-00098-E03,REC-00098,contact_form,PHONE_NUMBER,03418237735,76,87,planted,REDACT,phone_local_plain
REC-00098-E04,REC-00098,contact_form,CNIC,38401 5467463 7,111,126,planted,REDACT,cnic_spaced;heldout_format;no_context
REC-00099-E01,REC-00099,subscription_record,PERSON,Uzma Baig,0,9,planted,REDACT,
REC-00099-E02,REC-00099,subscription_record,CUSTOMER_ID,UBW-49692,76,85,planted,REDACT,
REC-00099-E03,REC-00099,subscription_record,EMAIL_ADDRESS,uzmabaig@example.net,104,124,planted,REDACT,
REC-00100-E01,REC-00100,delivery_note,PERSON,Naveed Dogar,7,19,planted,REDACT,
REC-00100-E02,REC-00100,delivery_note,PERSON,Mehwish Gillani,41,56,planted,REDACT,
REC-00100-E03,REC-00100,delivery_note,ADDRESS,"Flat 8C, Sky Towers, Gulistan-e-Jauhar Block 15, Lahore",60,115,planted,REDACT,addr_flat
REC-00100-E04,REC-00100,delivery_note,PHONE_NUMBER,0335 9962645,134,146,planted,REDACT,phone_local_space
REC-00101-E01,REC-00101,customer_service_message,PHONE_NUMBER,+92 334 252 9080,72,88,planted,REDACT,phone_intl_space_split
REC-00101-E02,REC-00101,customer_service_message,EMAIL_ADDRESS,kiransheikh@example.org,97,120,planted,REDACT,
REC-00101-E03,REC-00101,customer_service_message,PERSON,Kiran Sheikh,180,192,planted,REDACT,
REC-00101-E04,REC-00101,customer_service_message,CUSTOMER_ID,UBW-55215,194,203,planted,REDACT,
REC-00102-E01,REC-00102,internal_operational_note,PERSON,Saad Rajput,8,19,planted,REDACT,
REC-00102-E02,REC-00102,internal_operational_note,CUSTOMER_ID,UBW-67431,40,49,planted,REDACT,
REC-00102-E03,REC-00102,internal_operational_note,CNIC,35202-0378915-6,63,78,planted,REDACT,cnic_hyphen
REC-00102-E04,REC-00102,internal_operational_note,PHONE_NUMBER,+92 303 5037595,98,113,planted,REDACT,phone_intl_space
REC-00102-E05,REC-00102,internal_operational_note,PERSON,Omar Ansari,117,128,planted,REDACT,
REC-00103-E01,REC-00103,delivery_order,PERSON,Usman Rajput,32,44,planted,REDACT,
REC-00103-E02,REC-00103,delivery_order,CUSTOMER_ID,UBW-66640,46,55,planted,REDACT,
REC-00103-E03,REC-00103,delivery_order,ADDRESS,"Shop 24, Moon Market, Gujranwala",90,122,planted,REDACT,addr_shop
REC-00103-E04,REC-00103,delivery_order,PHONE_NUMBER,+92 331 3889890,129,144,planted,REDACT,phone_intl_space
REC-00104-E01,REC-00104,contact_form,PERSON,Iqra Abbasi,18,29,planted,REDACT,
REC-00104-E02,REC-00104,contact_form,EMAIL_ADDRESS,iqraabbasi@example.org,43,65,planted,REDACT,
REC-00104-E03,REC-00104,contact_form,PHONE_NUMBER,+923338853588,83,96,planted,REDACT,phone_intl_plain
REC-00105-E01,REC-00105,subscription_record,PERSON,Bina Ghani,0,10,planted,REDACT,
REC-00105-E02,REC-00105,subscription_record,CUSTOMER_ID,UBW-60293,67,76,planted,REDACT,
REC-00105-E03,REC-00105,subscription_record,EMAIL_ADDRESS,binaghani@example.org,93,114,planted,REDACT,
REC-00105-E04,REC-00105,subscription_record,ADDRESS,"H. No. 611, Ferozepur Road, Peshawar",141,177,planted,REDACT,addr_h_no
REC-00105-E05,REC-00105,subscription_record,POSTAL_CODE,85340,191,196,planted,REDACT,postal_labelled
REC-00106-E01,REC-00106,delivery_note,PERSON,Nadia Mirza,7,18,planted,REDACT,
REC-00106-E02,REC-00106,delivery_note,PERSON,Hassan Ansari,41,54,planted,REDACT,
REC-00106-E03,REC-00106,delivery_note,ADDRESS,"H. No. 419, Allama Iqbal Road, Quetta",58,95,planted,REDACT,addr_h_no
REC-00106-E04,REC-00106,delivery_note,PHONE_NUMBER,0323-9421783,113,125,planted,REDACT,phone_local_hyphen
REC-00107-E01,REC-00107,customer_service_message,PHONE_NUMBER,+923358569902,78,91,planted,REDACT,phone_intl_plain
REC-00107-E02,REC-00107,customer_service_message,EMAIL_ADDRESS,b.qureshi@example.net,100,121,planted,REDACT,
REC-00107-E03,REC-00107,customer_service_message,PERSON,Bilal Qureshi,181,194,planted,REDACT,
REC-00107-E04,REC-00107,customer_service_message,CUSTOMER_ID,UBW-24838,196,205,planted,REDACT,
REC-00108-E01,REC-00108,internal_operational_note,PERSON,Faizan Raza,8,19,planted,REDACT,
REC-00108-E02,REC-00108,internal_operational_note,CUSTOMER_ID,UBW-68947,40,49,planted,REDACT,
REC-00108-E03,REC-00108,internal_operational_note,CNIC,3520239752954,63,76,planted,REDACT,cnic_plain
REC-00108-E04,REC-00108,internal_operational_note,PHONE_NUMBER,0092-303-7366370,96,112,planted,REDACT,phone_intl00_hyphen
REC-00108-E05,REC-00108,internal_operational_note,PERSON,Tariq Pervez,116,128,planted,REDACT,
REC-00109-E01,REC-00109,delivery_order,ADDRESS,"Flat 20B, Gulshan Residency, Askari 11, Hyderabad",77,126,planted,REDACT,addr_flat
REC-00109-E02,REC-00109,delivery_order,POSTAL_CODE,47923,127,132,planted,REDACT,postal_after_city
REC-00109-E03,REC-00109,delivery_order,PHONE_NUMBER,03110995859,142,153,planted,REDACT,phone_local_plain
REC-00109-E04,REC-00109,delivery_order,PERSON,Alia Hussain,160,172,planted,REDACT,
REC-00109-E05,REC-00109,delivery_order,CUSTOMER_ID,UBW-85069,178,187,planted,REDACT,
REC-00110-E01,REC-00110,contact_form,PERSON,Junaid Kayani,18,31,planted,REDACT,
REC-00110-E02,REC-00110,contact_form,EMAIL_ADDRESS,junaid.kayani815@example.com,45,73,planted,REDACT,
REC-00110-E03,REC-00110,contact_form,PHONE_NUMBER,+92-333-4505300,91,106,planted,REDACT,phone_intl_hyphen
REC-00110-E04,REC-00110,contact_form,CNIC,33101-5666591-9,135,150,planted,REDACT,cnic_hyphen
REC-00111-E01,REC-00111,subscription_record,CUSTOMER_ID,UBW-20803,55,64,planted,REDACT,
REC-00111-E02,REC-00111,subscription_record,EMAIL_ADDRESS,layla_lodhi208@example.com,110,136,planted,REDACT,
REC-00111-E03,REC-00111,subscription_record,ADDRESS,"House No. 96, Allama Iqbal Road, Clifton, Faisalabad",153,205,planted,REDACT,addr_house_no_road
REC-00111-E04,REC-00111,subscription_record,POSTAL_CODE,42819,208,213,planted,REDACT,postal_after_city
REC-00111-E05,REC-00111,subscription_record,PERSON,layla lodhi,225,236,planted,REDACT,lowercase_name
REC-00112-E01,REC-00112,delivery_note,PHONE_NUMBER,+923315891952,49,62,planted,REDACT,phone_intl_plain
REC-00112-E02,REC-00112,delivery_note,PERSON,nadia noor khan,75,90,planted,REDACT,three_token_name;lowercase_name
REC-00112-E03,REC-00112,delivery_note,ADDRESS,"Plot 767, Sector F-7/3, Islamabad",104,137,planted,REDACT,addr_plot_sector
REC-00112-E04,REC-00112,delivery_note,PERSON,Nadia Cheema,164,176,planted,REDACT,
REC-00113-E01,REC-00113,customer_service_message,PERSON,ADEEL DOGAR,25,36,planted,REDACT,uppercase_name
REC-00113-E02,REC-00113,customer_service_message,EMAIL_ADDRESS,adeeldogar@example.com,47,69,planted,REDACT,
REC-00113-E03,REC-00113,customer_service_message,PHONE_NUMBER,+92 334 020 2450,72,88,planted,REDACT,phone_intl_space_split
REC-00114-E01,REC-00114,internal_operational_note,PERSON,iqra baig,11,20,planted,REDACT,lowercase_name
REC-00114-E02,REC-00114,internal_operational_note,CUSTOMER_ID,ubw-38277,41,50,planted,REDACT,custid_lowercase
REC-00114-E03,REC-00114,internal_operational_note,CNIC,41302-6969792-7,64,79,planted,REDACT,cnic_hyphen
REC-00114-E04,REC-00114,internal_operational_note,PHONE_NUMBER,0323-8499515,99,111,planted,REDACT,phone_local_hyphen
REC-00114-E05,REC-00114,internal_operational_note,PERSON,Hamza Mirza,115,126,planted,REDACT,
REC-00115-E01,REC-00115,delivery_order,PERSON,Alia Khan,25,34,planted,REDACT,
REC-00115-E02,REC-00115,delivery_order,PHONE_NUMBER,+92 311 2606795,40,55,planted,REDACT,phone_intl_space
REC-00115-E03,REC-00115,delivery_order,ADDRESS,"Flat 3C, Askari Tower 2, Clifton Block 5, Peshawar",63,113,planted,REDACT,addr_flat
REC-00115-E04,REC-00115,delivery_order,POSTAL_CODE,41278,116,121,planted,REDACT,postal_after_city
REC-00116-E01,REC-00116,contact_form,PERSON,Ayesha Javed,24,36,planted,REDACT,
REC-00116-E02,REC-00116,contact_form,EMAIL_ADDRESS,a.javed@example.net,50,69,planted,REDACT,
REC-00116-E03,REC-00116,contact_form,PHONE_NUMBER,0313 1980663,78,90,planted,REDACT,phone_local_space
REC-00116-E04,REC-00116,contact_form,CNIC,4210156205527,105,118,planted,REDACT,cnic_plain
REC-00117-E01,REC-00117,subscription_record,EMAIL_ADDRESS,palwasha.abbasi916@example.net,53,83,planted,REDACT,
REC-00117-E02,REC-00117,subscription_record,ADDRESS,"Plot 46, Sector G-9/2, Islamabad",102,134,planted,REDACT,addr_plot_sector
REC-00117-E03,REC-00117,subscription_record,POSTAL_CODE,42053,136,141,planted,REDACT,postal_after_city
REC-00117-E04,REC-00117,subscription_record,PERSON,Palwasha Abbasi,154,169,planted,REDACT,
REC-00117-E05,REC-00117,subscription_record,CUSTOMER_ID,UBW-16026,206,215,planted,REDACT,
REC-00118-E01,REC-00118,delivery_note,PERSON,Mahnoor Ahmed,7,20,planted,REDACT,
REC-00118-E02,REC-00118,delivery_note,PERSON,Bina Raza,42,51,planted,REDACT,
REC-00118-E03,REC-00118,delivery_note,ADDRESS,"Shop 1, Anarkali Bazaar, Rawalpindi",55,90,planted,REDACT,addr_shop
REC-00118-E04,REC-00118,delivery_note,PHONE_NUMBER,+92 311 9169742,100,115,planted,REDACT,phone_intl_space
REC-00119-E01,REC-00119,customer_service_message,PERSON,Ayesha Cheema,25,38,planted,REDACT,
REC-00119-E02,REC-00119,customer_service_message,EMAIL_ADDRESS,ayesha.cheema211@example.com,49,77,planted,REDACT,
REC-00120-E01,REC-00120,internal_operational_note,PERSON,Kiran Osmani,8,20,planted,REDACT,
REC-00120-E02,REC-00120,internal_operational_note,CUSTOMER_ID,UBW-19808,41,50,planted,REDACT,
REC-00120-E03,REC-00120,internal_operational_note,CNIC,33101-5284972-7,72,87,planted,REDACT,cnic_hyphen
REC-00120-E04,REC-00120,internal_operational_note,PHONE_NUMBER,0345-2192921,107,119,planted,REDACT,phone_local_hyphen
REC-00120-E05,REC-00120,internal_operational_note,PERSON,GHULAM KAYANI,123,136,planted,REDACT,uppercase_name
REC-00121-E01,REC-00121,delivery_order,PERSON,Zara Ahmed Qureshi,32,50,planted,REDACT,three_token_name
REC-00121-E02,REC-00121,delivery_order,CUSTOMER_ID,UBW-56961,52,61,planted,REDACT,
REC-00121-E03,REC-00121,delivery_order,ADDRESS,"House #478, Street 21, Block G, Johar Town, Quetta",96,146,planted,REDACT,addr_house_street_block
REC-00121-E04,REC-00121,delivery_order,POSTAL_CODE,80244,149,154,planted,REDACT,postal_after_city
REC-00121-E05,REC-00121,delivery_order,PHONE_NUMBER,+92-305-2607356,175,190,planted,REDACT,phone_intl_hyphen
REC-00122-E01,REC-00122,contact_form,PERSON,Zahida Chaudhry,26,41,planted,REDACT,
REC-00122-E02,REC-00122,contact_form,EMAIL_ADDRESS,zahidachaudhry@example.org,49,75,planted,REDACT,
REC-00122-E03,REC-00122,contact_form,PHONE_NUMBER,0315-4364874,83,95,planted,REDACT,phone_local_hyphen
REC-00122-E04,REC-00122,contact_form,CNIC,6110105214707,102,115,planted,REDACT,cnic_plain
REC-00123-E01,REC-00123,subscription_record,PERSON,Layla Ahmed Ahmed,57,74,planted,REDACT,three_token_name
REC-00123-E02,REC-00123,subscription_record,CUSTOMER_ID,UBW-22055,87,96,planted,REDACT,
REC-00123-E03,REC-00123,subscription_record,EMAIL_ADDRESS,layla_ahmed382@example.net,145,171,planted,REDACT,
REC-00123-E04,REC-00123,subscription_record,ADDRESS,"Flat 3B, Askari Tower 2, Clifton Block 5, Lahore",191,239,planted,REDACT,addr_flat
REC-00123-E05,REC-00123,subscription_record,POSTAL_CODE,26880,240,245,planted,REDACT,postal_after_city
REC-00124-E01,REC-00124,delivery_note,PERSON,Nadia Gillani,7,20,planted,REDACT,
REC-00124-E02,REC-00124,delivery_note,PERSON,Saima Raza,43,53,planted,REDACT,
REC-00124-E03,REC-00124,delivery_note,ADDRESS,"H. No. 353, MM Alam Road, Quetta",57,89,planted,REDACT,addr_h_no
REC-00124-E04,REC-00124,delivery_note,PHONE_NUMBER,+92-323-6024901,107,122,planted,REDACT,phone_intl_hyphen
REC-00125-E01,REC-00125,customer_service_message,PERSON,ZAHIDA HASSAN QURESHI,25,46,planted,REDACT,three_token_name;uppercase_name
REC-00125-E02,REC-00125,customer_service_message,EMAIL_ADDRESS,zahida_qureshi543@example.net,57,86,planted,REDACT,
REC-00126-E01,REC-00126,internal_operational_note,PERSON,Farhat Mirza,11,23,planted,REDACT,
REC-00126-E02,REC-00126,internal_operational_note,CUSTOMER_ID,UBW-57026,44,53,planted,REDACT,
REC-00126-E03,REC-00126,internal_operational_note,CNIC,52101-3158036-8,69,84,planted,REDACT,cnic_hyphen
REC-00126-E04,REC-00126,internal_operational_note,PHONE_NUMBER,0322-9523609,104,116,planted,REDACT,phone_local_hyphen
REC-00126-E05,REC-00126,internal_operational_note,PERSON,Tahira Abbasi,120,133,planted,REDACT,
REC-00127-E01,REC-00127,delivery_order,PERSON,hassan qureshi,17,31,planted,REDACT,lowercase_name
REC-00127-E02,REC-00127,delivery_order,PHONE_NUMBER,+92 321 3380011,37,52,planted,REDACT,phone_intl_space
REC-00127-E03,REC-00127,delivery_order,ADDRESS,"Shop 23, Saddar Bazaar, Multan",60,90,planted,REDACT,addr_shop
REC-00127-E04,REC-00127,delivery_order,POSTAL_CODE,17806,91,96,planted,REDACT,postal_after_city
REC-00128-E01,REC-00128,contact_form,PERSON,Kiran Zuberi,58,70,planted,REDACT,
REC-00128-E02,REC-00128,contact_form,EMAIL_ADDRESS,kiranzuberi@example.net,77,100,planted,REDACT,
REC-00128-E03,REC-00128,contact_form,CUSTOMER_ID,UBW-97232,111,120,planted,REDACT,
REC-00129-E01,REC-00129,subscription_record,CUSTOMER_ID,UBW-67438,6,15,planted,REDACT,
REC-00129-E02,REC-00129,subscription_record,PERSON,Dania Lodhi,18,29,planted,REDACT,
REC-00129-E03,REC-00129,subscription_record,EMAIL_ADDRESS,d.lodhi+water@example.com,62,87,planted,REDACT,email_plus
REC-00129-E04,REC-00129,subscription_record,ADDRESS,"House #806, Street 7, Block A, Gulberg III, Faisalabad",90,144,planted,REDACT,addr_house_street_block
REC-00129-E05,REC-00129,subscription_record,POSTAL_CODE,60585,145,150,planted,REDACT,postal_after_city
REC-00130-E01,REC-00130,delivery_note,PERSON,Tariq Cheema,17,29,planted,REDACT,
REC-00130-E02,REC-00130,delivery_note,PERSON,WAQAR QURESHI,36,49,planted,REDACT,uppercase_name
REC-00130-E03,REC-00130,delivery_note,PHONE_NUMBER,+92-315-0336852,52,67,planted,REDACT,phone_intl_hyphen
REC-00130-E04,REC-00130,delivery_note,ADDRESS,"House No. 76, Jail Road, Model Town, Lahore",70,113,planted,REDACT,addr_house_no_road
REC-00131-E01,REC-00131,customer_service_message,PERSON,Ehsan Leghari,25,38,planted,REDACT,
REC-00131-E02,REC-00131,customer_service_message,EMAIL_ADDRESS,ehsanleghari@example.com,49,73,planted,REDACT,
REC-00131-E03,REC-00131,customer_service_message,PHONE_NUMBER,03116866576,76,87,planted,REDACT,phone_local_plain
REC-00133-E01,REC-00133,delivery_order,PERSON,Luqman Chaudhry,32,47,planted,REDACT,
REC-00133-E02,REC-00133,delivery_order,ADDRESS,"House #684, Street 7, Block B, Wapda Town, Bahawalpur",80,133,planted,REDACT,addr_house_street_block
REC-00133-E03,REC-00133,delivery_order,POSTAL_CODE,55061,134,139,planted,REDACT,postal_after_city
REC-00133-E04,REC-00133,delivery_order,PHONE_NUMBER,03139466486,160,171,planted,REDACT,phone_local_plain
REC-00134-E01,REC-00134,contact_form,PERSON,naveed javed waheed,26,45,planted,REDACT,three_token_name;lowercase_name
REC-00134-E02,REC-00134,contact_form,EMAIL_ADDRESS,naveedwaheed@example.org,53,77,planted,REDACT,
REC-00134-E03,REC-00134,contact_form,PHONE_NUMBER,0311 323 3407,85,98,planted,REDACT,phone_local_4_3_4;heldout_format
REC-00135-E01,REC-00135,subscription_record,PERSON,Noreen Farooqi,0,14,planted,REDACT,
REC-00135-E02,REC-00135,subscription_record,CUSTOMER_ID,UBW-24748,81,90,planted,REDACT,
REC-00135-E03,REC-00135,subscription_record,EMAIL_ADDRESS,n.farooqi@example.org,107,128,planted,REDACT,
REC-00135-E04,REC-00135,subscription_record,ADDRESS,"House #639, Street 38, Block J, Garden Town, Bahawalpur",155,210,planted,REDACT,addr_house_street_block
REC-00135-E05,REC-00135,subscription_record,POSTAL_CODE,64997,224,229,planted,REDACT,postal_labelled
REC-00136-E01,REC-00136,delivery_note,PERSON,Asif Siddiqui,7,20,planted,REDACT,
REC-00136-E02,REC-00136,delivery_note,PERSON,Wasim Cheema,43,55,planted,REDACT,
REC-00136-E03,REC-00136,delivery_note,ADDRESS,"H. No. 624, Allama Iqbal Road, Sialkot",59,97,planted,REDACT,addr_h_no
REC-00136-E04,REC-00136,delivery_note,PHONE_NUMBER,+92 310 4620682,107,122,planted,REDACT,phone_intl_space
REC-00137-E01,REC-00137,customer_service_message,PHONE_NUMBER,+92-345-1647814,104,119,planted,REDACT,phone_intl_hyphen
REC-00137-E02,REC-00137,customer_service_message,EMAIL_ADDRESS,adeel.leghari346@example.org,128,156,planted,REDACT,
REC-00137-E03,REC-00137,customer_service_message,PERSON,Adeel Leghari,216,229,planted,REDACT,
REC-00137-E04,REC-00137,customer_service_message,CUSTOMER_ID,UBW-39878,231,240,planted,REDACT,
REC-00138-E01,REC-00138,internal_operational_note,PHONE_NUMBER,0315-8502613,72,84,planted,REDACT,phone_local_hyphen
REC-00138-E02,REC-00138,internal_operational_note,PERSON,Zahida Ghani,96,108,planted,REDACT,
REC-00138-E03,REC-00138,internal_operational_note,CUSTOMER_ID,UBW-17367,128,137,planted,REDACT,
REC-00139-E01,REC-00139,delivery_order,PERSON,Yusra Tarar,17,28,planted,REDACT,
REC-00139-E02,REC-00139,delivery_order,PHONE_NUMBER,0092-303-4782670,35,51,planted,REDACT,phone_intl00_hyphen
REC-00139-E03,REC-00139,delivery_order,ADDRESS,"House #167, Street 37, Block D, Faisal Town, Karachi",59,111,planted,REDACT,addr_house_street_block
REC-00139-E04,REC-00139,delivery_order,POSTAL_CODE,39012,114,119,planted,REDACT,postal_after_city
REC-00140-E01,REC-00140,contact_form,PERSON,Qasim Ahmed,54,65,planted,REDACT,
REC-00140-E02,REC-00140,contact_form,PHONE_NUMBER,0092-322-7700708,71,87,planted,REDACT,phone_intl00_hyphen
REC-00140-E03,REC-00140,contact_form,EMAIL_ADDRESS,q.ahmed@example.net,96,115,planted,REDACT,
REC-00141-E01,REC-00141,subscription_record,PERSON,Hamza Javed,0,11,planted,REDACT,
REC-00141-E02,REC-00141,subscription_record,CUSTOMER_ID,UBW-99957,67,76,planted,REDACT,
REC-00141-E03,REC-00141,subscription_record,EMAIL_ADDRESS,h.javed@example.org,93,112,planted,REDACT,
REC-00142-E01,REC-00142,delivery_note,PERSON,Uzma Mirza,7,17,planted,REDACT,
REC-00142-E02,REC-00142,delivery_note,PERSON,Adeel Sheikh,40,52,planted,REDACT,
REC-00142-E03,REC-00142,delivery_note,ADDRESS,"Flat 8C, Crescent Apartments, Askari 11, Rawalpindi",56,107,planted,REDACT,addr_flat
REC-00142-E04,REC-00142,delivery_note,PHONE_NUMBER,0092 345 5630978,125,141,planted,REDACT,phone_intl00_space
REC-00143-E01,REC-00143,customer_service_message,PHONE_NUMBER,0306-2304606,71,83,planted,REDACT,phone_local_hyphen
REC-00143-E02,REC-00143,customer_service_message,EMAIL_ADDRESS,burhan.farooqi889@example.net,92,121,planted,REDACT,
REC-00143-E03,REC-00143,customer_service_message,PERSON,Burhan Farooqi,181,195,planted,REDACT,
REC-00143-E04,REC-00143,customer_service_message,CUSTOMER_ID,UBW-36253,197,206,planted,REDACT,
REC-00144-E01,REC-00144,internal_operational_note,PERSON,qasim yaqoob,10,22,planted,REDACT,lowercase_name
REC-00144-E02,REC-00144,internal_operational_note,CUSTOMER_ID,UBW-45851,43,52,planted,REDACT,
REC-00144-E03,REC-00144,internal_operational_note,CNIC,35202-2171071-7,74,89,planted,REDACT,cnic_hyphen
REC-00144-E04,REC-00144,internal_operational_note,PHONE_NUMBER,+92-336-2658100,109,124,planted,REDACT,phone_intl_hyphen
REC-00144-E05,REC-00144,internal_operational_note,PERSON,Qasim Ghani,128,139,planted,REDACT,
REC-00145-E01,REC-00145,delivery_order,PERSON,Hira Ahmed Ahmed,23,39,planted,REDACT,three_token_name
REC-00145-E02,REC-00145,delivery_order,CUSTOMER_ID,UBW-50906,41,50,planted,REDACT,
REC-00145-E03,REC-00145,delivery_order,ADDRESS,"House #5, Street 16, Block D, Saddar, Gujranwala",85,133,planted,REDACT,addr_house_street_block
REC-00145-E04,REC-00145,delivery_order,PHONE_NUMBER,0321.8909268,147,159,planted,REDACT,phone_dot_separated;heldout_format
REC-00146-E01,REC-00146,contact_form,CNIC,61101-3543184-1,57,72,planted,REDACT,cnic_hyphen
REC-00146-E02,REC-00146,contact_form,CUSTOMER_ID,UBW-87292,80,89,planted,REDACT,
REC-00146-E03,REC-00146,contact_form,EMAIL_ADDRESS,mahnoorrajput@example.org,97,122,planted,REDACT,
REC-00146-E04,REC-00146,contact_form,PHONE_NUMBER,0323-0320859,132,144,planted,REDACT,phone_local_hyphen
REC-00146-E05,REC-00146,contact_form,PERSON,Mahnoor Rajput,156,170,planted,REDACT,
REC-00147-E01,REC-00147,subscription_record,PERSON,Layla Usmani,0,12,planted,REDACT,
REC-00147-E02,REC-00147,subscription_record,CUSTOMER_ID,UBW-15164,79,88,planted,REDACT,
REC-00147-E03,REC-00147,subscription_record,EMAIL_ADDRESS,laylausmani@example.org,105,128,planted,REDACT,
REC-00147-E04,REC-00147,subscription_record,ADDRESS,"near the PSO petrol pump, behind Saddar Bazaar, Multan",155,209,planted,REDACT,addr_landmark;heldout_format
REC-00147-E05,REC-00147,subscription_record,POSTAL_CODE,31020,223,228,planted,REDACT,postal_labelled
REC-00148-E01,REC-00148,delivery_note,PERSON,Layla Abbasi,7,19,planted,REDACT,
REC-00148-E02,REC-00148,delivery_note,PERSON,Junaid Javed Osmani,41,60,planted,REDACT,three_token_name
REC-00148-E03,REC-00148,delivery_note,ADDRESS,"near the PSO petrol pump, behind Liberty Market, Faisalabad",64,123,planted,REDACT,addr_landmark;heldout_format
REC-00148-E04,REC-00148,delivery_note,PHONE_NUMBER,03127663014,142,153,planted,REDACT,phone_local_plain
REC-00149-E01,REC-00149,customer_service_message,PHONE_NUMBER,03314501484,95,106,planted,REDACT,phone_local_plain
REC-00149-E02,REC-00149,customer_service_message,EMAIL_ADDRESS,adeel.iqbal10@example.net,115,140,planted,REDACT,
REC-00149-E03,REC-00149,customer_service_message,PERSON,Adeel Iqbal,200,211,planted,REDACT,
REC-00149-E04,REC-00149,customer_service_message,CUSTOMER_ID,UBW-22183,213,222,planted,REDACT,
REC-00150-E01,REC-00150,internal_operational_note,PERSON,Parveen Iqbal,8,21,planted,REDACT,
REC-00150-E02,REC-00150,internal_operational_note,CUSTOMER_ID,UBW-30892,42,51,planted,REDACT,
REC-00150-E03,REC-00150,internal_operational_note,CNIC,6110163711606,71,84,planted,REDACT,cnic_plain;no_context
REC-00150-E04,REC-00150,internal_operational_note,PHONE_NUMBER,0092 333 9545286,121,137,planted,REDACT,phone_intl00_space
REC-00150-E05,REC-00150,internal_operational_note,PERSON,Hira Leghari,141,153,planted,REDACT,
REC-00151-E01,REC-00151,delivery_order,PERSON,Noreen Javed,25,37,planted,REDACT,
REC-00151-E02,REC-00151,delivery_order,PHONE_NUMBER,0092-331-0771287,44,60,planted,REDACT,phone_intl00_hyphen
REC-00151-E03,REC-00151,delivery_order,ADDRESS,"House #322, Street 1, Block J, Garden Town, Gujranwala",68,122,planted,REDACT,addr_house_street_block
REC-00151-E04,REC-00151,delivery_order,POSTAL_CODE,85582,125,130,planted,REDACT,postal_after_city
REC-00152-E01,REC-00152,contact_form,PHONE_NUMBER,+92 333 2775016,54,69,planted,REDACT,phone_intl_space
REC-00152-E02,REC-00152,contact_form,EMAIL_ADDRESS,farhat.cheema12@example.com,77,104,planted,REDACT,
REC-00152-E03,REC-00152,contact_form,CUSTOMER_ID,UBW-53371,120,129,planted,REDACT,
REC-00152-E04,REC-00152,contact_form,PERSON,Farhat Cheema,142,155,planted,REDACT,
REC-00152-E05,REC-00152,contact_form,CNIC,55202-5379342-4,165,180,planted,REDACT,cnic_hyphen
REC-00153-E01,REC-00153,subscription_record,PERSON,Tahira Kayani,0,13,planted,REDACT,
REC-00153-E02,REC-00153,subscription_record,CUSTOMER_ID,UBW-48270,79,88,planted,REDACT,
REC-00153-E03,REC-00153,subscription_record,EMAIL_ADDRESS,tahira_kayani734@example.net,107,135,planted,REDACT,
REC-00153-E04,REC-00153,subscription_record,ADDRESS,"House #228, Street 1, Block F, Clifton, Gujranwala",162,212,planted,REDACT,addr_house_street_block
REC-00154-E01,REC-00154,delivery_note,PERSON,Rabia Iqbal,43,54,planted,REDACT,
REC-00154-E02,REC-00154,delivery_note,PHONE_NUMBER,+92 311 5669584,73,88,planted,REDACT,phone_intl_space
REC-00154-E03,REC-00154,delivery_note,ADDRESS,"House #48, Street 38, Block B, Garden Town, Peshawar",104,156,planted,REDACT,addr_house_street_block
REC-00154-E04,REC-00154,delivery_note,PERSON,Noreen Gillani,166,180,planted,REDACT,
REC-00155-E01,REC-00155,customer_service_message,PHONE_NUMBER,0092 341 3646403,86,102,planted,REDACT,phone_intl00_space
REC-00155-E02,REC-00155,customer_service_message,EMAIL_ADDRESS,n.javed@example.org,111,130,planted,REDACT,
REC-00155-E03,REC-00155,customer_service_message,PERSON,Nadia Javed,190,201,planted,REDACT,
REC-00155-E04,REC-00155,customer_service_message,CUSTOMER_ID,UBW-36330,203,212,planted,REDACT,
REC-00156-E01,REC-00156,internal_operational_note,PHONE_NUMBER,+923308957402,71,84,planted,REDACT,phone_intl_plain
REC-00156-E02,REC-00156,internal_operational_note,CUSTOMER_ID,UBW-86389,103,112,planted,REDACT,
REC-00156-E03,REC-00156,internal_operational_note,PERSON,Qasim Osmani,125,137,planted,REDACT,
REC-00156-E04,REC-00156,internal_operational_note,CNIC,17101-0214253-9,160,175,planted,REDACT,cnic_hyphen
REC-00157-E01,REC-00157,delivery_order,ADDRESS,"near the main roundabout, behind Saddar Bazaar, Peshawar",66,122,planted,REDACT,addr_landmark;heldout_format
REC-00157-E02,REC-00157,delivery_order,POSTAL_CODE,82368,137,142,planted,REDACT,postal_labelled
REC-00157-E03,REC-00157,delivery_order,PHONE_NUMBER,+923450788191,150,163,planted,REDACT,phone_intl_plain
REC-00157-E04,REC-00157,delivery_order,PERSON,Hira Raza,170,179,planted,REDACT,
REC-00157-E05,REC-00157,delivery_order,CUSTOMER_ID,ubw-17051,192,201,planted,REDACT,custid_lowercase
REC-00158-E01,REC-00158,contact_form,PERSON,Dania Rajput,26,38,planted,REDACT,
REC-00158-E02,REC-00158,contact_form,EMAIL_ADDRESS,dania.rajput806@example.org,46,73,planted,REDACT,
REC-00158-E03,REC-00158,contact_form,PHONE_NUMBER,0322 3711087,81,93,planted,REDACT,phone_local_space
REC-00159-E01,REC-00159,subscription_record,PERSON,Ayesha Iqbal,0,12,planted,REDACT,
REC-00159-E02,REC-00159,subscription_record,CUSTOMER_ID,UBW-13238,78,87,planted,REDACT,
REC-00159-E03,REC-00159,subscription_record,EMAIL_ADDRESS,ayeshaiqbal+water@example.org,106,135,planted,REDACT,email_plus
REC-00159-E04,REC-00159,subscription_record,ADDRESS,"Shop 33, Hyderi Market, Lahore",162,192,planted,REDACT,addr_shop
REC-00160-E01,REC-00160,delivery_note,PERSON,Rabia Yaqoob,17,29,planted,REDACT,
REC-00160-E02,REC-00160,delivery_note,PERSON,Parveen Siddiqui,36,52,planted,REDACT,
REC-00160-E03,REC-00160,delivery_note,PHONE_NUMBER,03413576485,55,66,planted,REDACT,phone_local_plain
REC-00160-E04,REC-00160,delivery_note,ADDRESS,"h no 856, st 7, dha phase 5, peshawar",69,106,planted,REDACT,addr_abbrev_lower
REC-00161-E01,REC-00161,customer_service_message,PHONE_NUMBER,+92 312 433 9392,85,101,planted,REDACT,phone_intl_space_split
REC-00161-E02,REC-00161,customer_service_message,EMAIL_ADDRESS,omar.baig76@example.org,110,133,planted,REDACT,
REC-00161-E03,REC-00161,customer_service_message,PERSON,Omar Baig,193,202,planted,REDACT,
REC-00161-E04,REC-00161,customer_service_message,CUSTOMER_ID,UBW-63429,204,213,planted,REDACT,
REC-00162-E01,REC-00162,internal_operational_note,PERSON,ADEEL CHAUDHRY,11,25,planted,REDACT,uppercase_name
REC-00162-E02,REC-00162,internal_operational_note,CUSTOMER_ID,UBW-75907,46,55,planted,REDACT,
REC-00162-E03,REC-00162,internal_operational_note,CNIC,55202-6399057-7,69,84,planted,REDACT,cnic_hyphen
REC-00162-E04,REC-00162,internal_operational_note,PHONE_NUMBER,+92-315-1451316,104,119,planted,REDACT,phone_intl_hyphen
REC-00162-E05,REC-00162,internal_operational_note,PERSON,Layla Javed Siddiqui,123,143,planted,REDACT,three_token_name
REC-00163-E01,REC-00163,delivery_order,PERSON,Tahira Javed,17,29,planted,REDACT,
REC-00163-E02,REC-00163,delivery_order,PHONE_NUMBER,+92-315-2417186,36,51,planted,REDACT,phone_intl_hyphen
REC-00163-E03,REC-00163,delivery_order,ADDRESS,"House No. 664, Jail Road, Gulberg III, Bahawalpur",59,108,planted,REDACT,addr_house_no_road
REC-00164-E01,REC-00164,contact_form,PERSON,Bina Pervez,26,37,planted,REDACT,
REC-00164-E02,REC-00164,contact_form,EMAIL_ADDRESS,b.pervez@example.net,45,65,planted,REDACT,
REC-00165-E01,REC-00165,subscription_record,CUSTOMER_ID,UBW-91201,6,15,planted,REDACT,
REC-00165-E02,REC-00165,subscription_record,PERSON,MAHNOOR JAVED TARAR,18,37,planted,REDACT,three_token_name;uppercase_name
REC-00165-E03,REC-00165,subscription_record,EMAIL_ADDRESS,mahnoor.tarar203@example.org,70,98,planted,REDACT,
REC-00165-E04,REC-00165,subscription_record,ADDRESS,"House No. 672, Tariq Road, Johar Town, Gujranwala",101,150,planted,REDACT,addr_house_no_road
REC-00165-E05,REC-00165,subscription_record,POSTAL_CODE,47373,152,157,planted,REDACT,postal_after_city
REC-00166-E01,REC-00166,delivery_note,PERSON,Sana Waheed,7,18,planted,REDACT,
REC-00166-E02,REC-00166,delivery_note,PERSON,Waqar Bukhari,41,54,planted,REDACT,
REC-00166-E03,REC-00166,delivery_note,ADDRESS,"Shop 56, Saddar Bazaar, Bahawalpur",58,92,planted,REDACT,addr_shop
REC-00166-E04,REC-00166,delivery_note,PHONE_NUMBER,0321-4130133,111,123,planted,REDACT,phone_local_hyphen
REC-00167-E01,REC-00167,customer_service_message,PERSON,Bina Malik,6,16,planted,REDACT,
REC-00167-E02,REC-00167,customer_service_message,EMAIL_ADDRESS,bina.malik862@example.com,18,43,planted,REDACT,
REC-00167-E03,REC-00167,customer_service_message,CUSTOMER_ID,UBW-19882,80,89,planted,REDACT,
REC-00167-E04,REC-00167,customer_service_message,PERSON,Bina Malik,216,226,planted,REDACT,repeated_value
REC-00168-E01,REC-00168,internal_operational_note,CUSTOMER_ID,UBW-87280,70,79,planted,REDACT,
REC-00168-E02,REC-00168,internal_operational_note,PERSON,Wasim Siddiqui,93,107,planted,REDACT,
REC-00169-E01,REC-00169,delivery_order,CUSTOMER_ID,UBW-71561,78,87,planted,REDACT,
REC-00169-E02,REC-00169,delivery_order,PHONE_NUMBER,03120718206,99,110,planted,REDACT,phone_local_plain
REC-00169-E03,REC-00169,delivery_order,ADDRESS,"Plot 930, Sector I-8/4, Islamabad",129,162,planted,REDACT,addr_plot_sector
REC-00169-E04,REC-00169,delivery_order,POSTAL_CODE,60868,163,168,planted,REDACT,postal_after_city
REC-00169-E05,REC-00169,delivery_order,PERSON,Fatima Qureshi,180,194,planted,REDACT,
REC-00170-E01,REC-00170,contact_form,EMAIL_ADDRESS,g.iqbal@example.net,57,76,planted,REDACT,
REC-00170-E02,REC-00170,contact_form,PERSON,Ghulam Iqbal,83,95,planted,REDACT,
REC-00171-E01,REC-00171,subscription_record,PERSON,Omar Mirza,0,10,planted,REDACT,
REC-00171-E02,REC-00171,subscription_record,CUSTOMER_ID,UBW-78512,62,71,planted,REDACT,
REC-00171-E03,REC-00171,subscription_record,EMAIL_ADDRESS,omarmirza@example.org,88,109,planted,REDACT,
REC-00171-E04,REC-00171,subscription_record,ADDRESS,"House #395, Street 9, Block B, Gulberg III, Peshawar",136,188,planted,REDACT,addr_house_street_block
REC-00172-E01,REC-00172,delivery_note,PERSON,Zahida Chaudhry,7,22,planted,REDACT,
REC-00172-E02,REC-00172,delivery_note,PERSON,Layla Ghani,45,56,planted,REDACT,
REC-00172-E03,REC-00172,delivery_note,ADDRESS,"Flat 2D, Sky Towers, Clifton Block 5, Multan",60,104,planted,REDACT,addr_flat
REC-00172-E04,REC-00172,delivery_note,PHONE_NUMBER,+92 300 723 9315,122,138,planted,REDACT,phone_intl_space_split
REC-00173-E01,REC-00173,customer_service_message,PHONE_NUMBER,0334-1976835,103,115,planted,REDACT,phone_local_hyphen
REC-00173-E02,REC-00173,customer_service_message,EMAIL_ADDRESS,tahira_ghani264@example.net,126,153,planted,REDACT,
REC-00173-E03,REC-00173,customer_service_message,PERSON,Tahira Ghani,213,225,planted,REDACT,
REC-00173-E04,REC-00173,customer_service_message,CUSTOMER_ID,ubw-78126,227,236,planted,REDACT,custid_lowercase
REC-00174-E01,REC-00174,internal_operational_note,PERSON,Tariq Hussain,10,23,planted,REDACT,
REC-00174-E02,REC-00174,internal_operational_note,CUSTOMER_ID,UBW-99208,44,53,planted,REDACT,
REC-00174-E03,REC-00174,internal_operational_note,CNIC,21304-9380037-9,67,82,planted,REDACT,cnic_hyphen
REC-00174-E04,REC-00174,internal_operational_note,PHONE_NUMBER,03359354349,102,113,planted,REDACT,phone_local_plain
REC-00174-E05,REC-00174,internal_operational_note,PERSON,Omar Hussain,117,129,planted,REDACT,
REC-00175-E01,REC-00175,delivery_order,PHONE_NUMBER,+923312714471,82,95,planted,REDACT,phone_intl_plain
REC-00175-E02,REC-00175,delivery_order,PERSON,Imran Javed,111,122,planted,REDACT,
REC-00175-E03,REC-00175,delivery_order,POSTAL_CODE,99727,137,142,planted,REDACT,postal_labelled
REC-00175-E04,REC-00175,delivery_order,ADDRESS,"House #411, Street 22, Block J, Cantt, Hyderabad",164,212,planted,REDACT,addr_house_street_block
REC-00175-E05,REC-00175,delivery_order,CUSTOMER_ID,UBW-16822,220,229,planted,REDACT,
REC-00176-E01,REC-00176,contact_form,PERSON,Junaid Toor,12,23,planted,REDACT,
REC-00176-E02,REC-00176,contact_form,EMAIL_ADDRESS,JUNAID_TOOR416@EXAMPLE.NET,37,63,planted,REDACT,uppercase_email
REC-00176-E03,REC-00176,contact_form,PHONE_NUMBER,+923039220634,81,94,planted,REDACT,phone_intl_plain
REC-00176-E04,REC-00176,contact_form,CNIC,41302-9779983-6,107,122,planted,REDACT,cnic_hyphen
REC-00177-E01,REC-00177,subscription_record,CUSTOMER_ID,UBW-73390,6,15,planted,REDACT,
REC-00177-E02,REC-00177,subscription_record,PERSON,Qasim Gillani,18,31,planted,REDACT,
REC-00177-E03,REC-00177,subscription_record,EMAIL_ADDRESS,q.gillani@example.net,63,84,planted,REDACT,
REC-00177-E04,REC-00177,subscription_record,ADDRESS,"h no 257, st 29, north nazimabad, sialkot",87,128,planted,REDACT,addr_abbrev_lower
REC-00178-E01,REC-00178,delivery_note,PERSON,BILAL LEGHARI,17,30,planted,REDACT,uppercase_name
REC-00178-E02,REC-00178,delivery_note,PERSON,Burhan Qureshi,37,51,planted,REDACT,
REC-00178-E03,REC-00178,delivery_note,PHONE_NUMBER,03228665502,54,65,planted,REDACT,phone_local_plain
REC-00178-E04,REC-00178,delivery_note,ADDRESS,"Flat 9B, Gulshan Residency, DHA Phase 6, Bahawalpur",68,119,planted,REDACT,addr_flat
REC-00179-E01,REC-00179,customer_service_message,PERSON,Naveed Yaqoob,6,19,planted,REDACT,
REC-00179-E02,REC-00179,customer_service_message,EMAIL_ADDRESS,n.yaqoob@example.net,21,41,planted,REDACT,
REC-00179-E03,REC-00179,customer_service_message,CUSTOMER_ID,UBW-41726,78,87,planted,REDACT,
REC-00179-E04,REC-00179,customer_service_message,PERSON,Naveed Yaqoob,216,229,planted,REDACT,repeated_value
REC-00180-E01,REC-00180,internal_operational_note,CUSTOMER_ID,UBW-51342,71,80,planted,REDACT,
REC-00180-E02,REC-00180,internal_operational_note,PERSON,Sana Malik,93,103,planted,REDACT,
REC-00180-E03,REC-00180,internal_operational_note,CNIC,41302-4702093-7,128,143,planted,REDACT,cnic_hyphen
REC-00180-E04,REC-00180,internal_operational_note,PHONE_NUMBER,0336 460 9255,163,176,planted,REDACT,phone_local_4_3_4;heldout_format
REC-00181-E01,REC-00181,delivery_order,ADDRESS,"House #216, Street 27, Block F, Clifton, Peshawar",73,122,planted,REDACT,addr_house_street_block
REC-00181-E02,REC-00181,delivery_order,PHONE_NUMBER,0321.6139188,129,141,planted,REDACT,phone_dot_separated;heldout_format
REC-00181-E03,REC-00181,delivery_order,PERSON,Qasim Tarar,153,164,planted,REDACT,
REC-00181-E04,REC-00181,delivery_order,CUSTOMER_ID,UBW-46651,174,183,planted,REDACT,
REC-00181-E05,REC-00181,delivery_order,POSTAL_CODE,62506,197,202,planted,REDACT,postal_labelled
REC-00182-E01,REC-00182,contact_form,PERSON,Bilal Gillani,18,31,planted,REDACT,
REC-00182-E02,REC-00182,contact_form,EMAIL_ADDRESS,bilalgillani@example.net,45,69,planted,REDACT,
REC-00182-E03,REC-00182,contact_form,PHONE_NUMBER,0315.5957741,87,99,planted,REDACT,phone_dot_separated;heldout_format
REC-00183-E01,REC-00183,subscription_record,CUSTOMER_ID,UBW-86928,6,15,planted,REDACT,
REC-00183-E02,REC-00183,subscription_record,PERSON,Ehsan Gillani,18,31,planted,REDACT,
REC-00183-E03,REC-00183,subscription_record,EMAIL_ADDRESS,ehsan.gillani82@example.com,53,80,planted,REDACT,
REC-00183-E04,REC-00183,subscription_record,ADDRESS,"Flat 20D, Gulshan Residency, Clifton Block 5, Bahawalpur",83,139,planted,REDACT,addr_flat
REC-00183-E05,REC-00183,subscription_record,POSTAL_CODE,57600,140,145,planted,REDACT,postal_after_city
REC-00184-E01,REC-00184,delivery_note,PERSON,Noreen Raza,7,18,planted,REDACT,
REC-00184-E02,REC-00184,delivery_note,PERSON,Mehwish Ghani,41,54,planted,REDACT,
REC-00184-E03,REC-00184,delivery_note,ADDRESS,"House #537, Street 6, Block B, Bahria Town, Peshawar",58,110,planted,REDACT,addr_house_street_block
REC-00184-E04,REC-00184,delivery_note,PHONE_NUMBER,0333-9201191,128,140,planted,REDACT,phone_local_hyphen
REC-00185-E01,REC-00185,customer_service_message,PERSON,Asif Janjua,25,36,planted,REDACT,
REC-00185-E02,REC-00185,customer_service_message,EMAIL_ADDRESS,asifjanjua+water@example.org,47,75,planted,REDACT,email_plus
REC-00185-E03,REC-00185,customer_service_message,PHONE_NUMBER,03337838205,78,89,planted,REDACT,phone_local_plain
REC-00186-E01,REC-00186,internal_operational_note,CUSTOMER_ID,UBW-50587,69,78,planted,REDACT,
REC-00186-E02,REC-00186,internal_operational_note,PERSON,Zahida Kayani,90,103,planted,REDACT,
REC-00186-E03,REC-00186,internal_operational_note,CNIC,21304-6915632-5,119,134,planted,REDACT,cnic_hyphen
REC-00186-E04,REC-00186,internal_operational_note,PHONE_NUMBER,+92 312 1502467,154,169,planted,REDACT,phone_intl_space
REC-00187-E01,REC-00187,delivery_order,PERSON,Hira Qureshi,17,29,planted,REDACT,
REC-00187-E02,REC-00187,delivery_order,PHONE_NUMBER,03404561139,36,47,planted,REDACT,phone_local_plain
REC-00187-E03,REC-00187,delivery_order,ADDRESS,"House No. 545, University Road, North Nazimabad, Bahawalpur",55,114,planted,REDACT,addr_house_no_road
REC-00188-E01,REC-00188,contact_form,PERSON,Rabia Ali Yaqoob,18,34,planted,REDACT,three_token_name
REC-00188-E02,REC-00188,contact_form,EMAIL_ADDRESS,rabia.yaqoob191@example.org,53,80,planted,REDACT,
REC-00188-E03,REC-00188,contact_form,PHONE_NUMBER,+923003905912,89,102,planted,REDACT,phone_intl_plain
REC-00188-E04,REC-00188,contact_form,CNIC,42101-8280890-4,127,142,planted,REDACT,cnic_hyphen
REC-00189-E01,REC-00189,subscription_record,PERSON,Zara Bano Dogar,0,15,planted,REDACT,three_token_name
REC-00189-E02,REC-00189,subscription_record,CUSTOMER_ID,UBW-36106,79,88,planted,REDACT,
REC-00189-E03,REC-00189,subscription_record,EMAIL_ADDRESS,z.dogar@example.com,107,126,planted,REDACT,
REC-00189-E04,REC-00189,subscription_record,ADDRESS,"Shop 57, Jinnah Super Market, Rawalpindi",153,193,planted,REDACT,addr_shop
REC-00189-E05,REC-00189,subscription_record,POSTAL_CODE,14392,207,212,planted,REDACT,postal_labelled
REC-00190-E01,REC-00190,delivery_note,PHONE_NUMBER,03220873883,23,34,planted,REDACT,phone_local_plain
REC-00190-E02,REC-00190,delivery_note,PERSON,dania lodhi,81,92,planted,REDACT,lowercase_name
REC-00190-E03,REC-00190,delivery_note,PERSON,Uzma Rajput,105,116,planted,REDACT,
REC-00190-E04,REC-00190,delivery_note,ADDRESS,"h no 997, st 8, dha phase 5, rawalpindi",127,166,planted,REDACT,addr_abbrev_lower
REC-00191-E01,REC-00191,customer_service_message,PERSON,Tahira Yaqoob,25,38,planted,REDACT,
REC-00191-E02,REC-00191,customer_service_message,EMAIL_ADDRESS,t.yaqoob@example.net,49,69,planted,REDACT,
REC-00191-E03,REC-00191,customer_service_message,PHONE_NUMBER,+923222260430,72,85,planted,REDACT,phone_intl_plain
REC-00192-E01,REC-00192,internal_operational_note,PERSON,Palwasha Niazi,65,79,planted,REDACT,
REC-00192-E02,REC-00192,internal_operational_note,CUSTOMER_ID,UBW-82682,99,108,planted,REDACT,
REC-00192-E03,REC-00192,internal_operational_note,CNIC,4130261591298,125,138,planted,REDACT,cnic_plain
REC-00193-E01,REC-00193,delivery_order,PERSON,Asif Yaqoob,25,36,planted,REDACT,
REC-00193-E02,REC-00193,delivery_order,PHONE_NUMBER,0345-1118702,43,55,planted,REDACT,phone_local_hyphen
REC-00193-E03,REC-00193,delivery_order,ADDRESS,"House #183, Street 3, Block D, Johar Town, Islamabad",63,115,planted,REDACT,addr_house_street_block
REC-00194-E01,REC-00194,contact_form,CUSTOMER_ID,UBW-90862,60,69,planted,REDACT,
REC-00194-E02,REC-00194,contact_form,EMAIL_ADDRESS,ghulamqureshi@example.com,76,101,planted,REDACT,
REC-00194-E03,REC-00194,contact_form,PHONE_NUMBER,+92 322 936 2020,113,129,planted,REDACT,phone_intl_space_split
REC-00194-E04,REC-00194,contact_form,PERSON,GHULAM QURESHI,142,156,planted,REDACT,uppercase_name
REC-00194-E05,REC-00194,contact_form,CNIC,1710161919441,169,182,planted,REDACT,cnic_plain
REC-00195-E01,REC-00195,subscription_record,CUSTOMER_ID,ubw-62047,6,15,planted,REDACT,custid_lowercase
REC-00195-E02,REC-00195,subscription_record,PERSON,Ghulam Gillani,18,32,planted,REDACT,
REC-00195-E03,REC-00195,subscription_record,EMAIL_ADDRESS,g.gillani@example.net,62,83,planted,REDACT,
REC-00195-E04,REC-00195,subscription_record,ADDRESS,"Shop 47, Anarkali Bazaar, Bahawalpur",86,122,planted,REDACT,addr_shop
REC-00195-E05,REC-00195,subscription_record,POSTAL_CODE,68654,125,130,planted,REDACT,postal_after_city
REC-00196-E01,REC-00196,delivery_note,PERSON,Ayesha Waheed,7,20,planted,REDACT,
REC-00196-E02,REC-00196,delivery_note,PERSON,Dania Baig,43,53,planted,REDACT,
REC-00196-E03,REC-00196,delivery_note,ADDRESS,"Flat 4A, Crescent Apartments, Askari 11, Sialkot",57,105,planted,REDACT,addr_flat
REC-00196-E04,REC-00196,delivery_note,PHONE_NUMBER,+92-335-8577712,115,130,planted,REDACT,phone_intl_hyphen
REC-00197-E01,REC-00197,customer_service_message,PERSON,Wasim Waheed,25,37,planted,REDACT,
REC-00197-E02,REC-00197,customer_service_message,EMAIL_ADDRESS,wasimwaheed@example.org,48,71,planted,REDACT,
REC-00197-E03,REC-00197,customer_service_message,PHONE_NUMBER,0336-1599943,74,86,planted,REDACT,phone_local_hyphen
REC-00198-E01,REC-00198,internal_operational_note,PERSON,Jawad Iqbal,11,22,planted,REDACT,
REC-00198-E02,REC-00198,internal_operational_note,CUSTOMER_ID,UBW-95561,43,52,planted,REDACT,
REC-00198-E03,REC-00198,internal_operational_note,CNIC,41302-0690923-6,66,81,planted,REDACT,cnic_hyphen
REC-00198-E04,REC-00198,internal_operational_note,PHONE_NUMBER,0092 341 6417066,101,117,planted,REDACT,phone_intl00_space
REC-00198-E05,REC-00198,internal_operational_note,PERSON,Hassan Zuberi,121,134,planted,REDACT,
REC-00199-E01,REC-00199,delivery_order,PERSON,Tahira Javed Khan,17,34,planted,REDACT,three_token_name
REC-00199-E02,REC-00199,delivery_order,PHONE_NUMBER,0340.9651174,41,53,planted,REDACT,phone_dot_separated;heldout_format
REC-00199-E03,REC-00199,delivery_order,ADDRESS,"H. No. 443, University Road, Rawalpindi",61,100,planted,REDACT,addr_h_no
REC-00199-E04,REC-00199,delivery_order,POSTAL_CODE,61684,101,106,planted,REDACT,postal_after_city
REC-00200-E01,REC-00200,contact_form,PERSON,Rizwan Hussain,26,40,planted,REDACT,
REC-00200-E02,REC-00200,contact_form,EMAIL_ADDRESS,rizwanhussain@example.org,48,73,planted,REDACT,
REC-00200-E03,REC-00200,contact_form,PHONE_NUMBER,+92 335 879 5418,81,97,planted,REDACT,phone_intl_space_split
REC-00201-E01,REC-00201,subscription_record,EMAIL_ADDRESS,ghulam.ansari789@example.org,61,89,planted,REDACT,
REC-00201-E02,REC-00201,subscription_record,POSTAL_CODE,15882,103,108,planted,REDACT,postal_labelled
REC-00201-E03,REC-00201,subscription_record,PERSON,Ghulam Ansari,122,135,planted,REDACT,
REC-00201-E04,REC-00201,subscription_record,CUSTOMER_ID,UBW-40603,183,192,planted,REDACT,
REC-00201-E05,REC-00201,subscription_record,ADDRESS,"near the old water tank, behind Anarkali Bazaar, Quetta",211,266,planted,REDACT,addr_landmark;heldout_format
REC-00202-E01,REC-00202,delivery_note,PERSON,Alia Javed Toor,26,41,planted,REDACT,three_token_name
REC-00202-E02,REC-00202,delivery_note,ADDRESS,"Plot 369, Sector G-9/2, Islamabad",88,121,planted,REDACT,addr_plot_sector
REC-00202-E03,REC-00202,delivery_note,PHONE_NUMBER,0345-4551832,132,144,planted,REDACT,phone_local_hyphen
REC-00202-E04,REC-00202,delivery_note,PERSON,Parveen Durrani,153,168,planted,REDACT,
REC-00203-E01,REC-00203,customer_service_message,PERSON,Hassan Sheikh,25,38,planted,REDACT,
REC-00203-E02,REC-00203,customer_service_message,EMAIL_ADDRESS,hassan.sheikh967@example.org,49,77,planted,REDACT,
REC-00203-E03,REC-00203,customer_service_message,PHONE_NUMBER,03232302852,80,91,planted,REDACT,phone_local_plain
REC-00205-E01,REC-00205,delivery_order,PERSON,Dania Gillani,73,86,planted,REDACT,
REC-00205-E02,REC-00205,delivery_order,ADDRESS,"House #110, Street 9, Block C, Gulberg III, Rawalpindi",98,152,planted,REDACT,addr_house_street_block
REC-00205-E03,REC-00205,delivery_order,POSTAL_CODE,90213,153,158,planted,REDACT,postal_after_city
REC-00205-E04,REC-00205,delivery_order,CUSTOMER_ID,UBW-90864,172,181,planted,REDACT,
REC-00205-E05,REC-00205,delivery_order,PHONE_NUMBER,+923414593537,191,204,planted,REDACT,phone_intl_plain
REC-00206-E01,REC-00206,contact_form,PERSON,Imran Chaudhry,24,38,planted,REDACT,
REC-00206-E02,REC-00206,contact_form,EMAIL_ADDRESS,i.chaudhry@example.net,52,74,planted,REDACT,
REC-00206-E03,REC-00206,contact_form,PHONE_NUMBER,+92 341 0646123,83,98,planted,REDACT,phone_intl_space
REC-00206-E04,REC-00206,contact_form,CNIC,55202-7665517-1,111,126,planted,REDACT,cnic_hyphen
REC-00207-E01,REC-00207,subscription_record,PERSON,Asif Janjua,57,68,planted,REDACT,
REC-00207-E02,REC-00207,subscription_record,CUSTOMER_ID,UBW-69204,103,112,planted,REDACT,
REC-00207-E03,REC-00207,subscription_record,ADDRESS,"House #926, Street 10, Block H, Faisal Town, Hyderabad",130,184,planted,REDACT,addr_house_street_block
REC-00207-E04,REC-00207,subscription_record,POSTAL_CODE,94685,185,190,planted,REDACT,postal_after_city
REC-00207-E05,REC-00207,subscription_record,EMAIL_ADDRESS,a.janjua@example.org,207,227,planted,REDACT,
REC-00208-E01,REC-00208,delivery_note,ADDRESS,"Shop 40, Saddar Bazaar, Karachi",25,56,planted,REDACT,addr_shop
REC-00208-E02,REC-00208,delivery_note,PERSON,Parveen Zuberi,86,100,planted,REDACT,
REC-00208-E03,REC-00208,delivery_note,PERSON,parveen cheema,108,122,planted,REDACT,lowercase_name
REC-00208-E04,REC-00208,delivery_note,PHONE_NUMBER,0306-3000886,140,152,planted,REDACT,phone_local_hyphen
REC-00209-E01,REC-00209,customer_service_message,PHONE_NUMBER,+92 321 147 1406,71,87,planted,REDACT,phone_intl_space_split
REC-00209-E02,REC-00209,customer_service_message,EMAIL_ADDRESS,hassan.mirza149@example.net,96,123,planted,REDACT,
REC-00209-E03,REC-00209,customer_service_message,PERSON,Hassan Mirza,183,195,planted,REDACT,
REC-00209-E04,REC-00209,customer_service_message,CUSTOMER_ID,UBW-16426,197,206,planted,REDACT,
REC-00210-E01,REC-00210,internal_operational_note,PERSON,Bina Yaqoob,8,19,planted,REDACT,
REC-00210-E02,REC-00210,internal_operational_note,CUSTOMER_ID,UBW-18869,40,49,planted,REDACT,
REC-00210-E03,REC-00210,internal_operational_note,CNIC,35202-4603979-6,65,80,planted,REDACT,cnic_hyphen
REC-00210-E04,REC-00210,internal_operational_note,PHONE_NUMBER,+92-303-4912917,100,115,planted,REDACT,phone_intl_hyphen
REC-00210-E05,REC-00210,internal_operational_note,PERSON,Yusra Bukhari,119,132,planted,REDACT,
REC-00211-E01,REC-00211,delivery_order,PERSON,Alia Durrani,25,37,planted,REDACT,
REC-00211-E02,REC-00211,delivery_order,PHONE_NUMBER,+92 303 811 4518,44,60,planted,REDACT,phone_intl_space_split
REC-00211-E03,REC-00211,delivery_order,ADDRESS,"Plot 957, Sector E-11/3, Islamabad",68,102,planted,REDACT,addr_plot_sector
REC-00212-E01,REC-00212,contact_form,PERSON,Waqar Malik,12,23,planted,REDACT,
REC-00212-E02,REC-00212,contact_form,EMAIL_ADDRESS,waqar_malik828@example.net,42,68,planted,REDACT,
REC-00212-E03,REC-00212,contact_form,PHONE_NUMBER,03110026523,76,87,planted,REDACT,phone_local_plain
REC-00212-E04,REC-00212,contact_form,CNIC,55202-1978465-4,100,115,planted,REDACT,cnic_hyphen
REC-00213-E01,REC-00213,subscription_record,PERSON,RABIA USMANI,0,12,planted,REDACT,uppercase_name
REC-00213-E02,REC-00213,subscription_record,CUSTOMER_ID,UBW-33020,78,87,planted,REDACT,
REC-00213-E03,REC-00213,subscription_record,EMAIL_ADDRESS,r.usmani@example.com,106,126,planted,REDACT,
REC-00213-E04,REC-00213,subscription_record,ADDRESS,"House No. 742, MM Alam Road, Cantt, Peshawar",153,197,planted,REDACT,addr_house_no_road
REC-00213-E05,REC-00213,subscription_record,POSTAL_CODE,13816,211,216,planted,REDACT,postal_labelled
REC-00214-E01,REC-00214,delivery_note,PERSON,Mahnoor Siddiqui,7,23,planted,REDACT,
REC-00214-E02,REC-00214,delivery_note,PERSON,Jawad Durrani,46,59,planted,REDACT,
REC-00214-E03,REC-00214,delivery_note,ADDRESS,"Flat 11C, Al-Noor Heights, Bahria Town Phase 4, Rawalpindi",63,121,planted,REDACT,addr_flat
REC-00214-E04,REC-00214,delivery_note,PHONE_NUMBER,+923219314327,131,144,planted,REDACT,phone_intl_plain
REC-00215-E01,REC-00215,customer_service_message,PHONE_NUMBER,0333 3986975,79,91,planted,REDACT,phone_local_space
REC-00215-E02,REC-00215,customer_service_message,EMAIL_ADDRESS,W.CHEEMA@EXAMPLE.NET,100,120,planted,REDACT,uppercase_email
REC-00215-E03,REC-00215,customer_service_message,PERSON,Waqar Cheema,180,192,planted,REDACT,
REC-00215-E04,REC-00215,customer_service_message,CUSTOMER_ID,UBW-58704,194,203,planted,REDACT,
REC-00216-E01,REC-00216,internal_operational_note,PERSON,Bilal Leghari,11,24,planted,REDACT,
REC-00216-E02,REC-00216,internal_operational_note,CUSTOMER_ID,UBW-54579,45,54,planted,REDACT,
REC-00216-E03,REC-00216,internal_operational_note,CNIC,6110116483879,70,83,planted,REDACT,cnic_plain
REC-00216-E04,REC-00216,internal_operational_note,PHONE_NUMBER,+923345206955,103,116,planted,REDACT,phone_intl_plain
REC-00216-E05,REC-00216,internal_operational_note,PERSON,Fatima Niazi,120,132,planted,REDACT,
REC-00217-E01,REC-00217,delivery_order,PERSON,Mahnoor Cheema,17,31,planted,REDACT,
REC-00217-E02,REC-00217,delivery_order,PHONE_NUMBER,0301-9970491,38,50,planted,REDACT,phone_local_hyphen
REC-00217-E03,REC-00217,delivery_order,ADDRESS,"h no 479, st 3, johar town, multan",58,92,planted,REDACT,addr_abbrev_lower
REC-00217-E04,REC-00217,delivery_order,POSTAL_CODE,78233,94,99,planted,REDACT,postal_after_city
REC-00218-E01,REC-00218,contact_form,PERSON,Tariq Yaqoob,26,38,planted,REDACT,
REC-00218-E02,REC-00218,contact_form,EMAIL_ADDRESS,T.YAQOOB@EXAMPLE.COM,46,66,planted,REDACT,uppercase_email
REC-00219-E01,REC-00219,subscription_record,PERSON,Iqra Waheed,0,11,planted,REDACT,
REC-00219-E02,REC-00219,subscription_record,CUSTOMER_ID,UBW-88134,67,76,planted,REDACT,
REC-00219-E03,REC-00219,subscription_record,EMAIL_ADDRESS,iqra_waheed52@example.org,93,118,planted,REDACT,
REC-00220-E01,REC-00220,delivery_note,PERSON,Sana Bano Siddiqui,17,35,planted,REDACT,three_token_name
REC-00220-E02,REC-00220,delivery_note,PERSON,Junaid Kayani,42,55,planted,REDACT,
REC-00220-E03,REC-00220,delivery_note,PHONE_NUMBER,+92 331 789 4449,58,74,planted,REDACT,phone_intl_space_split
REC-00220-E04,REC-00220,delivery_note,ADDRESS,"House No. 148, MM Alam Road, Bahria Town, Rawalpindi",77,129,planted,REDACT,addr_house_no_road
REC-00221-E01,REC-00221,customer_service_message,PERSON,ehsan yaqoob,6,18,planted,REDACT,lowercase_name
REC-00221-E02,REC-00221,customer_service_message,EMAIL_ADDRESS,ehsan_yaqoob116@example.org,20,47,planted,REDACT,
REC-00221-E03,REC-00221,customer_service_message,CUSTOMER_ID,UBW-26697,82,91,planted,REDACT,
REC-00221-E04,REC-00221,customer_service_message,PHONE_NUMBER,03229641501,99,110,planted,REDACT,phone_local_plain
REC-00221-E05,REC-00221,customer_service_message,PERSON,ehsan yaqoob,238,250,planted,REDACT,lowercase_name;repeated_value
REC-00222-E01,REC-00222,internal_operational_note,CNIC,6110113068518,76,89,planted,REDACT,cnic_plain
REC-00222-E02,REC-00222,internal_operational_note,CUSTOMER_ID,UBW-66511,111,120,planted,REDACT,
REC-00222-E03,REC-00222,internal_operational_note,PERSON,Usman Tarar,134,145,planted,REDACT,
REC-00222-E04,REC-00222,internal_operational_note,PHONE_NUMBER,0321 9135645,165,177,planted,REDACT,phone_local_space
REC-00223-E01,REC-00223,delivery_order,PERSON,Luqman Siddiqui,23,38,planted,REDACT,
REC-00223-E02,REC-00223,delivery_order,CUSTOMER_ID,UBW-21703,40,49,planted,REDACT,
REC-00223-E03,REC-00223,delivery_order,ADDRESS,"House No. 312, Mall Road, Saddar, Gujranwala",84,128,planted,REDACT,addr_house_no_road
REC-00223-E04,REC-00223,delivery_order,PHONE_NUMBER,0311 5311628,135,147,planted,REDACT,phone_local_space
REC-00224-E01,REC-00224,contact_form,PERSON,Farhat Iqbal,18,30,planted,REDACT,
REC-00224-E02,REC-00224,contact_form,EMAIL_ADDRESS,farhatiqbal@example.org,49,72,planted,REDACT,
REC-00224-E03,REC-00224,contact_form,PHONE_NUMBER,+923236401599,90,103,planted,REDACT,phone_intl_plain
REC-00224-E04,REC-00224,contact_form,CNIC,38401-2909338-8,127,142,planted,REDACT,cnic_hyphen;no_context
REC-00225-E01,REC-00225,subscription_record,CUSTOMER_ID,UBW-76770,6,15,planted,REDACT,
REC-00225-E02,REC-00225,subscription_record,PERSON,Ayesha Farooqi,18,32,planted,REDACT,
REC-00225-E03,REC-00225,subscription_record,EMAIL_ADDRESS,ayesha_farooqi674@example.com,54,83,planted,REDACT,
REC-00225-E04,REC-00225,subscription_record,ADDRESS,"Flat 15D, Pearl Residencia, Bahria Town Phase 4, Peshawar",86,143,planted,REDACT,addr_flat
REC-00225-E05,REC-00225,subscription_record,POSTAL_CODE,69558,146,151,planted,REDACT,postal_after_city
REC-00226-E01,REC-00226,delivery_note,PERSON,Zahida Ahmed,7,19,planted,REDACT,
REC-00226-E02,REC-00226,delivery_note,PERSON,Usman Osmani,42,54,planted,REDACT,
REC-00226-E03,REC-00226,delivery_note,ADDRESS,"Flat 4D, Askari Tower 2, DHA Phase 6, Bahawalpur",58,106,planted,REDACT,addr_flat
REC-00226-E04,REC-00226,delivery_note,PHONE_NUMBER,+92 301 063 5269,116,132,planted,REDACT,phone_intl_space_split
REC-00227-E01,REC-00227,customer_service_message,PERSON,Alia Ghani,25,35,planted,REDACT,
REC-00227-E02,REC-00227,customer_service_message,EMAIL_ADDRESS,alia.ghani701@example.net,46,71,planted,REDACT,
REC-00227-E03,REC-00227,customer_service_message,PHONE_NUMBER,0321-8976368,74,86,planted,REDACT,phone_local_hyphen
REC-00228-E01,REC-00228,internal_operational_note,PERSON,Zahida Waheed,11,24,planted,REDACT,
REC-00228-E02,REC-00228,internal_operational_note,CUSTOMER_ID,UBW-18050,45,54,planted,REDACT,
REC-00228-E03,REC-00228,internal_operational_note,CNIC,3310104579855,76,89,planted,REDACT,cnic_plain
REC-00228-E04,REC-00228,internal_operational_note,PHONE_NUMBER,+92 336 086 6037,109,125,planted,REDACT,phone_intl_space_split
REC-00228-E05,REC-00228,internal_operational_note,PERSON,farhat usmani,129,142,planted,REDACT,lowercase_name
REC-00229-E01,REC-00229,delivery_order,PERSON,Wasim Javed,17,28,planted,REDACT,
REC-00229-E02,REC-00229,delivery_order,PHONE_NUMBER,03052929534,35,46,planted,REDACT,phone_local_plain
REC-00229-E03,REC-00229,delivery_order,ADDRESS,"near the main roundabout, behind Anarkali Bazaar, Bahawalpur",54,114,planted,REDACT,addr_landmark;heldout_format
REC-00230-E01,REC-00230,contact_form,PERSON,Zahida Khan,18,29,planted,REDACT,
REC-00230-E02,REC-00230,contact_form,EMAIL_ADDRESS,zahida_khan789@example.net,48,74,planted,REDACT,
REC-00230-E03,REC-00230,contact_form,PHONE_NUMBER,+92 311 969 3160,82,98,planted,REDACT,phone_intl_space_split
REC-00230-E04,REC-00230,contact_form,CNIC,2130409114355,122,135,planted,REDACT,cnic_plain;no_context
REC-00231-E01,REC-00231,subscription_record,PERSON,Hamza Cheema,0,12,planted,REDACT,
REC-00231-E02,REC-00231,subscription_record,CUSTOMER_ID,UBW-93548,68,77,planted,REDACT,
REC-00231-E03,REC-00231,subscription_record,EMAIL_ADDRESS,hamza_cheema13@example.org,96,122,planted,REDACT,
REC-00231-E04,REC-00231,subscription_record,ADDRESS,"House No. 700, Main Boulevard, Johar Town, Hyderabad",149,201,planted,REDACT,addr_house_no_road
REC-00231-E05,REC-00231,subscription_record,POSTAL_CODE,79637,215,220,planted,REDACT,postal_labelled
REC-00232-E01,REC-00232,delivery_note,PERSON,Faizan Dogar,17,29,planted,REDACT,
REC-00232-E02,REC-00232,delivery_note,PERSON,Usman Niazi,36,47,planted,REDACT,
REC-00232-E03,REC-00232,delivery_note,PHONE_NUMBER,0321 918 7414,50,63,planted,REDACT,phone_local_4_3_4;heldout_format
REC-00232-E04,REC-00232,delivery_note,ADDRESS,"House #852, Street 5, Block A, North Nazimabad, Karachi",66,121,planted,REDACT,addr_house_street_block
REC-00233-E01,REC-00233,customer_service_message,PERSON,Farhat Qureshi,25,39,planted,REDACT,
REC-00233-E02,REC-00233,customer_service_message,EMAIL_ADDRESS,farhat.qureshi25@example.com,50,78,planted,REDACT,
REC-00234-E01,REC-00234,internal_operational_note,PHONE_NUMBER,0330 542 5820,70,83,planted,REDACT,phone_local_4_3_4;heldout_format
REC-00234-E02,REC-00234,internal_operational_note,PERSON,Waqar Mirza,96,107,planted,REDACT,
REC-00234-E03,REC-00234,internal_operational_note,CUSTOMER_ID,UBW-93726,127,136,planted,REDACT,
REC-00235-E01,REC-00235,delivery_order,CUSTOMER_ID,UBW-44922,59,68,planted,REDACT,
REC-00235-E02,REC-00235,delivery_order,PHONE_NUMBER,+92 313 748 0659,78,94,planted,REDACT,phone_intl_space_split
REC-00235-E03,REC-00235,delivery_order,ADDRESS,"House #153, Street 1, Block A, Wapda Town, Quetta",113,162,planted,REDACT,addr_house_street_block
REC-00235-E04,REC-00235,delivery_order,POSTAL_CODE,61181,163,168,planted,REDACT,postal_after_city
REC-00235-E05,REC-00235,delivery_order,PERSON,SHAHID SHEIKH,179,192,planted,REDACT,uppercase_name
REC-00236-E01,REC-00236,contact_form,PERSON,Hira Hashmi,26,37,planted,REDACT,
REC-00236-E02,REC-00236,contact_form,EMAIL_ADDRESS,hira.hashmi907@example.net,45,71,planted,REDACT,
REC-00237-E01,REC-00237,subscription_record,CUSTOMER_ID,ubw-19441,6,15,planted,REDACT,custid_lowercase
REC-00237-E02,REC-00237,subscription_record,PERSON,fatima javed zuberi,18,37,planted,REDACT,three_token_name;lowercase_name
REC-00237-E03,REC-00237,subscription_record,EMAIL_ADDRESS,fatima.zuberi217@example.net,70,98,planted,REDACT,
REC-00237-E04,REC-00237,subscription_record,ADDRESS,"near the main roundabout, behind Hyderi Market, Hyderabad",101,158,planted,REDACT,addr_landmark;heldout_format
REC-00238-E01,REC-00238,delivery_note,PERSON,Alia Chaudhry,7,20,planted,REDACT,
REC-00238-E02,REC-00238,delivery_note,PERSON,Ayesha Mirza,43,55,planted,REDACT,
REC-00238-E03,REC-00238,delivery_note,ADDRESS,"Flat 4A, Crescent Apartments, Gulistan-e-Jauhar Block 15, Sialkot",59,124,planted,REDACT,addr_flat
REC-00238-E04,REC-00238,delivery_note,PHONE_NUMBER,+92-305-7653507,143,158,planted,REDACT,phone_intl_hyphen
REC-00239-E01,REC-00239,customer_service_message,PERSON,Layla Abbasi,6,18,planted,REDACT,
REC-00239-E02,REC-00239,customer_service_message,EMAIL_ADDRESS,laylaabbasi+water@example.com,20,49,planted,REDACT,email_plus
REC-00239-E03,REC-00239,customer_service_message,CUSTOMER_ID,UBW-32026,87,96,planted,REDACT,
REC-00239-E04,REC-00239,customer_service_message,PHONE_NUMBER,0306-6965133,107,119,planted,REDACT,phone_local_hyphen
REC-00239-E05,REC-00239,customer_service_message,PERSON,Layla Abbasi,246,258,planted,REDACT,repeated_value
REC-00240-E01,REC-00240,internal_operational_note,PERSON,Faizan Usmani,11,24,planted,REDACT,
REC-00240-E02,REC-00240,internal_operational_note,CUSTOMER_ID,UBW-72391,45,54,planted,REDACT,
REC-00240-E03,REC-00240,internal_operational_note,CNIC,17101-4014011-3,68,83,planted,REDACT,cnic_hyphen
REC-00240-E04,REC-00240,internal_operational_note,PHONE_NUMBER,03414545782,103,114,planted,REDACT,phone_local_plain
REC-00240-E05,REC-00240,internal_operational_note,PERSON,AYESHA AHMED,118,130,planted,REDACT,uppercase_name
REC-00241-E01,REC-00241,delivery_order,PERSON,Palwasha Ghani,23,37,planted,REDACT,
REC-00241-E02,REC-00241,delivery_order,CUSTOMER_ID,UBW-80742,39,48,planted,REDACT,
REC-00241-E03,REC-00241,delivery_order,ADDRESS,"House No. 543, Canal Road, Cantt, Lahore",83,123,planted,REDACT,addr_house_no_road
REC-00241-E04,REC-00241,delivery_order,POSTAL_CODE,57435,126,131,planted,REDACT,postal_after_city
REC-00241-E05,REC-00241,delivery_order,PHONE_NUMBER,03009356827,152,163,planted,REDACT,phone_local_plain
REC-00242-E01,REC-00242,contact_form,PERSON,Naveed Malik,24,36,planted,REDACT,
REC-00242-E02,REC-00242,contact_form,EMAIL_ADDRESS,naveed.malik56@example.org,50,76,planted,REDACT,
REC-00242-E03,REC-00242,contact_form,PHONE_NUMBER,03407602555,94,105,planted,REDACT,phone_local_plain
REC-00243-E01,REC-00243,subscription_record,ADDRESS,"House No. 891, Tariq Road, North Nazimabad, Peshawar",64,116,planted,REDACT,addr_house_no_road
REC-00243-E02,REC-00243,subscription_record,POSTAL_CODE,38922,130,135,planted,REDACT,postal_labelled
REC-00243-E03,REC-00243,subscription_record,PERSON,Luqman Yaqoob,149,162,planted,REDACT,
REC-00243-E04,REC-00243,subscription_record,EMAIL_ADDRESS,l.yaqoob@example.org,194,214,planted,REDACT,
REC-00243-E05,REC-00243,subscription_record,CUSTOMER_ID,UBW-19637,229,238,planted,REDACT,
REC-00244-E01,REC-00244,delivery_note,PERSON,WAQAR TARAR,17,28,planted,REDACT,uppercase_name
REC-00244-E02,REC-00244,delivery_note,PERSON,Saima Malik,35,46,planted,REDACT,
REC-00244-E03,REC-00244,delivery_note,PHONE_NUMBER,+92 331 4683710,49,64,planted,REDACT,phone_intl_space
REC-00244-E04,REC-00244,delivery_note,ADDRESS,"House #754, Street 16, Block D, Clifton, Peshawar",67,116,planted,REDACT,addr_house_street_block
REC-00245-E01,REC-00245,customer_service_message,PERSON,waqar ahmed,25,36,planted,REDACT,lowercase_name
REC-00245-E02,REC-00245,customer_service_message,EMAIL_ADDRESS,waqar_ahmed752@example.com,47,73,planted,REDACT,
REC-00245-E03,REC-00245,customer_service_message,PHONE_NUMBER,0305 7590706,76,88,planted,REDACT,phone_local_space
REC-00246-E01,REC-00246,internal_operational_note,PERSON,Junaid Baig,10,21,planted,REDACT,
REC-00246-E02,REC-00246,internal_operational_note,CUSTOMER_ID,UBW-70199,42,51,planted,REDACT,
REC-00246-E03,REC-00246,internal_operational_note,CNIC,61101-6800818-3,65,80,planted,REDACT,cnic_hyphen
REC-00246-E04,REC-00246,internal_operational_note,PHONE_NUMBER,+923007630962,100,113,planted,REDACT,phone_intl_plain
REC-00246-E05,REC-00246,internal_operational_note,PERSON,Saad Javed,117,127,planted,REDACT,
REC-00247-E01,REC-00247,delivery_order,PERSON,BURHAN AHMED,17,29,planted,REDACT,uppercase_name
REC-00247-E02,REC-00247,delivery_order,PHONE_NUMBER,0092-321-8907365,36,52,planted,REDACT,phone_intl00_hyphen
REC-00247-E03,REC-00247,delivery_order,ADDRESS,"House #771, Street 18, Block K, Satellite Town, Peshawar",60,116,planted,REDACT,addr_house_street_block
REC-00248-E01,REC-00248,contact_form,PERSON,Ghulam Durrani,26,40,planted,REDACT,
REC-00248-E02,REC-00248,contact_form,EMAIL_ADDRESS,ghulam.durrani375@example.net,48,77,planted,REDACT,
REC-00249-E01,REC-00249,subscription_record,CUSTOMER_ID,UBW-79717,6,15,planted,REDACT,
REC-00249-E02,REC-00249,subscription_record,PERSON,Tahira Yaqoob,18,31,planted,REDACT,
REC-00249-E03,REC-00249,subscription_record,EMAIL_ADDRESS,tahira_yaqoob284@example.org,48,76,planted,REDACT,
REC-00249-E04,REC-00249,subscription_record,ADDRESS,"H. No. 850, Canal Road, Hyderabad",79,112,planted,REDACT,addr_h_no
REC-00249-E05,REC-00249,subscription_record,POSTAL_CODE,71625,114,119,planted,REDACT,postal_after_city
REC-00250-E01,REC-00250,delivery_note,PERSON,Mehwish Farooqi,7,22,planted,REDACT,
REC-00250-E02,REC-00250,delivery_note,PERSON,Junaid Ghani,45,57,planted,REDACT,
REC-00250-E03,REC-00250,delivery_note,ADDRESS,"House #714, Street 10, Block H, Model Town, Lahore",61,111,planted,REDACT,addr_house_street_block
REC-00250-E04,REC-00250,delivery_note,PHONE_NUMBER,0303.1834838,130,142,planted,REDACT,phone_dot_separated;heldout_format
REC-00251-E01,REC-00251,customer_service_message,PHONE_NUMBER,03345635087,104,115,planted,REDACT,phone_local_plain
REC-00251-E02,REC-00251,customer_service_message,EMAIL_ADDRESS,naveed.ansari299@example.com,124,152,planted,REDACT,
REC-00251-E03,REC-00251,customer_service_message,PERSON,Naveed Ansari,212,225,planted,REDACT,
REC-00251-E04,REC-00251,customer_service_message,CUSTOMER_ID,UBW-63961,227,236,planted,REDACT,
REC-00252-E01,REC-00252,internal_operational_note,CUSTOMER_ID,UBW-32509,71,80,planted,REDACT,
REC-00252-E02,REC-00252,internal_operational_note,PHONE_NUMBER,03224834292,100,111,planted,REDACT,phone_local_plain
REC-00252-E03,REC-00252,internal_operational_note,PERSON,Mehwish Rajput,125,139,planted,REDACT,
REC-00252-E04,REC-00252,internal_operational_note,CNIC,4210124887046,155,168,planted,REDACT,cnic_plain
REC-00253-E01,REC-00253,delivery_order,PERSON,Farhat Khan,23,34,planted,REDACT,
REC-00253-E02,REC-00253,delivery_order,ADDRESS,"near the PSO petrol pump, behind Jinnah Super Market, Peshawar",68,130,planted,REDACT,addr_landmark;heldout_format
REC-00253-E03,REC-00253,delivery_order,PHONE_NUMBER,0315-2038264,151,163,planted,REDACT,phone_local_hyphen
REC-00254-E01,REC-00254,contact_form,PERSON,Waqar Janjua,26,38,planted,REDACT,
REC-00254-E02,REC-00254,contact_form,EMAIL_ADDRESS,waqar_janjua922+water@example.net,46,79,planted,REDACT,email_plus
REC-00254-E03,REC-00254,contact_form,PHONE_NUMBER,03233697107,87,98,planted,REDACT,phone_local_plain
REC-00255-E01,REC-00255,subscription_record,CUSTOMER_ID,UBW-60608,6,15,planted,REDACT,
REC-00255-E02,REC-00255,subscription_record,PERSON,Rabia Baig,18,28,planted,REDACT,
REC-00255-E03,REC-00255,subscription_record,EMAIL_ADDRESS,rabia.baig525@example.org,60,85,planted,REDACT,
REC-00255-E04,REC-00255,subscription_record,ADDRESS,"Flat 12D, Sky Towers, Clifton Block 5, Karachi",88,134,planted,REDACT,addr_flat
REC-00255-E05,REC-00255,subscription_record,POSTAL_CODE,58448,135,140,planted,REDACT,postal_after_city
REC-00256-E01,REC-00256,delivery_note,PERSON,Junaid Pervez,7,20,planted,REDACT,
REC-00256-E02,REC-00256,delivery_note,PERSON,Jawad Janjua,43,55,planted,REDACT,
REC-00256-E03,REC-00256,delivery_note,ADDRESS,"House #613, Street 6, Block C, DHA Phase 5, Sialkot",59,110,planted,REDACT,addr_house_street_block
REC-00256-E04,REC-00256,delivery_note,PHONE_NUMBER,0330.6949018,128,140,planted,REDACT,phone_dot_separated;heldout_format
REC-00257-E01,REC-00257,customer_service_message,PHONE_NUMBER,0310-6405029,90,102,planted,REDACT,phone_local_hyphen
REC-00257-E02,REC-00257,customer_service_message,EMAIL_ADDRESS,ayeshagillani@example.net,111,136,planted,REDACT,
REC-00257-E03,REC-00257,customer_service_message,PERSON,Ayesha Gillani,196,210,planted,REDACT,
REC-00257-E04,REC-00257,customer_service_message,CUSTOMER_ID,UBW-47940,212,221,planted,REDACT,
REC-00258-E01,REC-00258,internal_operational_note,PERSON,Omar Sheikh,10,21,planted,REDACT,
REC-00258-E02,REC-00258,internal_operational_note,CUSTOMER_ID,UBW-93435,42,51,planted,REDACT,
REC-00258-E03,REC-00258,internal_operational_note,CNIC,38401-0477187-2,71,86,planted,REDACT,cnic_hyphen;no_context
REC-00258-E04,REC-00258,internal_operational_note,PHONE_NUMBER,+923156998729,123,136,planted,REDACT,phone_intl_plain
REC-00258-E05,REC-00258,internal_operational_note,PERSON,Adeel Kayani,140,152,planted,REDACT,
REC-00259-E01,REC-00259,delivery_order,POSTAL_CODE,85400,83,88,planted,REDACT,postal_labelled
REC-00259-E02,REC-00259,delivery_order,CUSTOMER_ID,UBW-12299,103,112,planted,REDACT,
REC-00259-E03,REC-00259,delivery_order,PHONE_NUMBER,0092-341-7986637,122,138,planted,REDACT,phone_intl00_hyphen
REC-00259-E04,REC-00259,delivery_order,ADDRESS,"near City Hospital gate, behind Moon Market, Lahore",150,201,planted,REDACT,addr_landmark;heldout_format
REC-00259-E05,REC-00259,delivery_order,PERSON,Iqra Bukhari,214,226,planted,REDACT,
REC-00260-E01,REC-00260,contact_form,CUSTOMER_ID,UBW-20013,54,63,planted,REDACT,
REC-00260-E02,REC-00260,contact_form,CNIC,3520270019088,72,85,planted,REDACT,cnic_plain
REC-00260-E03,REC-00260,contact_form,PERSON,Parveen Hashmi,91,105,planted,REDACT,
REC-00260-E04,REC-00260,contact_form,PHONE_NUMBER,0335.9246138,119,131,planted,REDACT,phone_dot_separated;heldout_format
REC-00260-E05,REC-00260,contact_form,EMAIL_ADDRESS,parveenhashmi@example.net,148,173,planted,REDACT,
REC-00261-E01,REC-00261,subscription_record,PERSON,Layla Hassan Sheikh,0,19,planted,REDACT,three_token_name
REC-00261-E02,REC-00261,subscription_record,CUSTOMER_ID,UBW-29078,85,94,planted,REDACT,
REC-00261-E03,REC-00261,subscription_record,EMAIL_ADDRESS,layla.sheikh802@example.net,113,140,planted,REDACT,
REC-00262-E01,REC-00262,delivery_note,PERSON,ALIA RAZA,7,16,planted,REDACT,uppercase_name
REC-00262-E02,REC-00262,delivery_note,PERSON,Yusra Ahmed,39,50,planted,REDACT,
REC-00262-E03,REC-00262,delivery_note,ADDRESS,"House #102, Street 14, Block J, Faisal Town, Bahawalpur",54,109,planted,REDACT,addr_house_street_block
REC-00262-E04,REC-00262,delivery_note,PHONE_NUMBER,0310.9011487,119,131,planted,REDACT,phone_dot_separated;heldout_format
REC-00263-E01,REC-00263,customer_service_message,PERSON,Farhat Cheema,6,19,planted,REDACT,
REC-00263-E02,REC-00263,customer_service_message,EMAIL_ADDRESS,farhat_cheema116@example.org,21,49,planted,REDACT,
REC-00263-E03,REC-00263,customer_service_message,CUSTOMER_ID,UBW-57349,83,92,planted,REDACT,
REC-00263-E04,REC-00263,customer_service_message,PHONE_NUMBER,0306-8318412,99,111,planted,REDACT,phone_local_hyphen
REC-00263-E05,REC-00263,customer_service_message,PERSON,Farhat Cheema,238,251,planted,REDACT,repeated_value
REC-00264-E01,REC-00264,internal_operational_note,PERSON,Rabia Farooqi,11,24,planted,REDACT,
REC-00264-E02,REC-00264,internal_operational_note,CUSTOMER_ID,UBW-99015,45,54,planted,REDACT,
REC-00264-E03,REC-00264,internal_operational_note,CNIC,1710173493999,76,89,planted,REDACT,cnic_plain
REC-00264-E04,REC-00264,internal_operational_note,PHONE_NUMBER,0345-8248490,109,121,planted,REDACT,phone_local_hyphen
REC-00264-E05,REC-00264,internal_operational_note,PERSON,Uzma Gillani,125,137,planted,REDACT,
REC-00265-E01,REC-00265,delivery_order,PERSON,Imran Hashmi,17,29,planted,REDACT,
REC-00265-E02,REC-00265,delivery_order,PHONE_NUMBER,0322-3340115,36,48,planted,REDACT,phone_local_hyphen
REC-00265-E03,REC-00265,delivery_order,ADDRESS,"House No. 865, Mall Road, Johar Town, Sialkot",56,101,planted,REDACT,addr_house_no_road
REC-00266-E01,REC-00266,contact_form,EMAIL_ADDRESS,naveeddogar@example.com,52,75,planted,REDACT,
REC-00266-E02,REC-00266,contact_form,PERSON,Naveed Dogar,87,99,planted,REDACT,
REC-00266-E03,REC-00266,contact_form,CNIC,42101-1144687-8,109,124,planted,REDACT,cnic_hyphen
REC-00266-E04,REC-00266,contact_form,PHONE_NUMBER,+92 341 2258353,133,148,planted,REDACT,phone_intl_space
REC-00266-E05,REC-00266,contact_form,CUSTOMER_ID,ubw-98880,162,171,planted,REDACT,custid_lowercase
REC-00267-E01,REC-00267,subscription_record,PERSON,Nadia Waheed,0,12,planted,REDACT,
REC-00267-E02,REC-00267,subscription_record,CUSTOMER_ID,UBW-44523,68,77,planted,REDACT,
REC-00267-E03,REC-00267,subscription_record,EMAIL_ADDRESS,nadia.waheed583@example.net,96,123,planted,REDACT,
REC-00267-E04,REC-00267,subscription_record,ADDRESS,"Flat 18B, Pearl Residencia, DHA Phase 6, Quetta",150,197,planted,REDACT,addr_flat
REC-00268-E01,REC-00268,delivery_note,ADDRESS,"House #254, Street 16, Block E, Cantt, Rawalpindi",23,72,planted,REDACT,addr_house_street_block
REC-00268-E02,REC-00268,delivery_note,PERSON,Bilal Zuberi,103,115,planted,REDACT,
REC-00268-E03,REC-00268,delivery_note,PERSON,Nadia Bukhari,124,137,planted,REDACT,
REC-00268-E04,REC-00268,delivery_note,PHONE_NUMBER,0330 589 3320,156,169,planted,REDACT,phone_local_4_3_4;heldout_format
REC-00269-E01,REC-00269,customer_service_message,PERSON,Rizwan Zuberi,6,19,planted,REDACT,
REC-00269-E02,REC-00269,customer_service_message,EMAIL_ADDRESS,rizwan_zuberi207@example.com,21,49,planted,REDACT,
REC-00269-E03,REC-00269,customer_service_message,CUSTOMER_ID,UBW-16230,87,96,planted,REDACT,
REC-00269-E04,REC-00269,customer_service_message,PHONE_NUMBER,+92 315 4448564,105,120,planted,REDACT,phone_intl_space
REC-00269-E05,REC-00269,customer_service_message,PERSON,Rizwan Zuberi,249,262,planted,REDACT,repeated_value
REC-00271-E01,REC-00271,delivery_order,PHONE_NUMBER,+92-330-5346113,75,90,planted,REDACT,phone_intl_hyphen
REC-00271-E02,REC-00271,delivery_order,ADDRESS,"h no 650, st 14, faisal town, lahore",101,137,planted,REDACT,addr_abbrev_lower
REC-00271-E03,REC-00271,delivery_order,CUSTOMER_ID,UBW-44987,145,154,planted,REDACT,
REC-00271-E04,REC-00271,delivery_order,PERSON,Usman Khan,161,171,planted,REDACT,
REC-00271-E05,REC-00271,delivery_order,POSTAL_CODE,64059,185,190,planted,REDACT,postal_labelled
REC-00272-E01,REC-00272,contact_form,PERSON,Imran Javed,26,37,planted,REDACT,
REC-00272-E02,REC-00272,contact_form,EMAIL_ADDRESS,imran.javed535@example.net,45,71,planted,REDACT,
REC-00272-E03,REC-00272,contact_form,PHONE_NUMBER,0092 313 8329067,79,95,planted,REDACT,phone_intl00_space
REC-00273-E01,REC-00273,subscription_record,CUSTOMER_ID,UBW-99487,60,69,planted,REDACT,
REC-00273-E02,REC-00273,subscription_record,EMAIL_ADDRESS,k.pervez@example.net,76,96,planted,REDACT,
REC-00273-E03,REC-00273,subscription_record,POSTAL_CODE,72240,145,150,planted,REDACT,postal_labelled
REC-00273-E04,REC-00273,subscription_record,ADDRESS,"Flat 4C, Pearl Residencia, Clifton Block 5, Bahawalpur",168,222,planted,REDACT,addr_flat
REC-00273-E05,REC-00273,subscription_record,PERSON,Kinza Pervez,234,246,planted,REDACT,
REC-00274-E01,REC-00274,delivery_note,PERSON,Luqman Yaqoob,17,30,planted,REDACT,
REC-00274-E02,REC-00274,delivery_note,PERSON,JAWAD CHAUDHRY,37,51,planted,REDACT,uppercase_name
REC-00274-E03,REC-00274,delivery_note,PHONE_NUMBER,+92-333-7903600,54,69,planted,REDACT,phone_intl_hyphen
REC-00274-E04,REC-00274,delivery_note,ADDRESS,"Plot 735, Sector G-11/1, Islamabad",72,106,planted,REDACT,addr_plot_sector
REC-00275-E01,REC-00275,customer_service_message,PERSON,Farhat Gillani,25,39,planted,REDACT,
REC-00275-E02,REC-00275,customer_service_message,EMAIL_ADDRESS,f.gillani@example.com,50,71,planted,REDACT,
REC-00275-E03,REC-00275,customer_service_message,PHONE_NUMBER,0331-2283248,74,86,planted,REDACT,phone_local_hyphen
REC-00276-E01,REC-00276,internal_operational_note,CUSTOMER_ID,UBW-51864,70,79,planted,REDACT,
REC-00276-E02,REC-00276,internal_operational_note,PERSON,Usman Rajput,94,106,planted,REDACT,
REC-00276-E03,REC-00276,internal_operational_note,CNIC,52101-5495887-5,120,135,planted,REDACT,cnic_hyphen
REC-00277-E01,REC-00277,delivery_order,PERSON,Kinza Sheikh,23,35,planted,REDACT,
REC-00277-E02,REC-00277,delivery_order,CUSTOMER_ID,UBW-36626,37,46,planted,REDACT,
REC-00277-E03,REC-00277,delivery_order,ADDRESS,"House #446, Street 30, Block H, Johar Town, Hyderabad",81,134,planted,REDACT,addr_house_street_block
REC-00277-E04,REC-00277,delivery_order,PHONE_NUMBER,0336-1968815,155,167,planted,REDACT,phone_local_hyphen
REC-00278-E01,REC-00278,contact_form,PERSON,Hamza Niazi,24,35,planted,REDACT,
REC-00278-E02,REC-00278,contact_form,EMAIL_ADDRESS,hamzaniazi@example.org,54,76,planted,REDACT,
REC-00278-E03,REC-00278,contact_form,PHONE_NUMBER,+92 312 6201492,85,100,planted,REDACT,phone_intl_space
REC-00278-E04,REC-00278,contact_form,CNIC,55202-1438456-1,129,144,planted,REDACT,cnic_hyphen
REC-00279-E01,REC-00279,subscription_record,CUSTOMER_ID,UBW-43247,6,15,planted,REDACT,
REC-00279-E02,REC-00279,subscription_record,PERSON,ZAHIDA NOOR SHEIKH,18,36,planted,REDACT,three_token_name;uppercase_name
REC-00279-E03,REC-00279,subscription_record,EMAIL_ADDRESS,z.sheikh@example.org,58,78,planted,REDACT,
REC-00279-E04,REC-00279,subscription_record,ADDRESS,"near the main roundabout, behind Liberty Market, Sialkot",81,137,planted,REDACT,addr_landmark;heldout_format
REC-00280-E01,REC-00280,delivery_note,PERSON,Ghulam Javed,21,33,planted,REDACT,
REC-00280-E02,REC-00280,delivery_note,PERSON,Yusra Mirza,60,71,planted,REDACT,
REC-00280-E03,REC-00280,delivery_note,ADDRESS,"House #544, Street 28, Block C, Bahria Town, Bahawalpur",102,157,planted,REDACT,addr_house_street_block
REC-00280-E04,REC-00280,delivery_note,PHONE_NUMBER,0092 331 2213242,166,182,planted,REDACT,phone_intl00_space
REC-00281-E01,REC-00281,customer_service_message,PHONE_NUMBER,0303-3418084,72,84,planted,REDACT,phone_local_hyphen
REC-00281-E02,REC-00281,customer_service_message,EMAIL_ADDRESS,layla_malik469@example.net,95,121,planted,REDACT,
REC-00281-E03,REC-00281,customer_service_message,PERSON,Layla Hassan Malik,181,199,planted,REDACT,three_token_name
REC-00281-E04,REC-00281,customer_service_message,CUSTOMER_ID,UBW-47239,201,210,planted,REDACT,
REC-00282-E01,REC-00282,internal_operational_note,PERSON,Saima Abbasi,64,76,planted,REDACT,
REC-00282-E02,REC-00282,internal_operational_note,PHONE_NUMBER,0305 661 3071,97,110,planted,REDACT,phone_local_4_3_4;heldout_format
REC-00282-E03,REC-00282,internal_operational_note,CUSTOMER_ID,UBW-13402,131,140,planted,REDACT,
REC-00283-E01,REC-00283,delivery_order,PERSON,Dania Durrani,65,78,planted,REDACT,
REC-00283-E02,REC-00283,delivery_order,ADDRESS,"House No. 989, Mall Road, Johar Town, Rawalpindi",88,136,planted,REDACT,addr_house_no_road
REC-00283-E03,REC-00283,delivery_order,POSTAL_CODE,12688,138,143,planted,REDACT,postal_after_city
REC-00283-E04,REC-00283,delivery_order,PHONE_NUMBER,+92 303 669 1735,151,167,planted,REDACT,phone_intl_space_split
REC-00283-E05,REC-00283,delivery_order,CUSTOMER_ID,UBW-37292,175,184,planted,REDACT,
REC-00284-E01,REC-00284,contact_form,PHONE_NUMBER,+92 306 2143956,61,76,planted,REDACT,phone_intl_space
REC-00284-E02,REC-00284,contact_form,EMAIL_ADDRESS,omar.malik298@example.com,83,108,planted,REDACT,
REC-00284-E03,REC-00284,contact_form,CNIC,3310141717139,118,131,planted,REDACT,cnic_plain
REC-00284-E04,REC-00284,contact_form,PERSON,Omar Malik,137,147,planted,REDACT,
REC-00285-E01,REC-00285,subscription_record,PERSON,Qasim Pervez,0,12,planted,REDACT,
REC-00285-E02,REC-00285,subscription_record,CUSTOMER_ID,UBW-96208,64,73,planted,REDACT,
REC-00285-E03,REC-00285,subscription_record,EMAIL_ADDRESS,q.pervez@example.org,92,112,planted,REDACT,
REC-00285-E04,REC-00285,subscription_record,ADDRESS,"House #14, Street 11, Block H, Gulshan-e-Iqbal, Lahore",139,193,planted,REDACT,addr_house_street_block
REC-00286-E01,REC-00286,delivery_note,PERSON,MEHWISH DOGAR,7,20,planted,REDACT,uppercase_name
REC-00286-E02,REC-00286,delivery_note,PERSON,Nadia Ahmed,43,54,planted,REDACT,
REC-00286-E03,REC-00286,delivery_note,ADDRESS,"House #149, Street 16, Block G, Faisal Town, Gujranwala",58,113,planted,REDACT,addr_house_street_block
REC-00286-E04,REC-00286,delivery_note,PHONE_NUMBER,+923110449886,132,145,planted,REDACT,phone_intl_plain
REC-00287-E01,REC-00287,customer_service_message,PERSON,Kinza Baig,6,16,planted,REDACT,unicode_context
REC-00287-E02,REC-00287,customer_service_message,EMAIL_ADDRESS,kinza_baig987@example.com,18,43,planted,REDACT,unicode_context
REC-00287-E03,REC-00287,customer_service_message,CUSTOMER_ID,UBW-84636,72,81,planted,REDACT,unicode_context
REC-00287-E04,REC-00287,customer_service_message,PERSON,Kinza Baig,223,233,planted,REDACT,unicode_context;repeated_value
REC-00288-E01,REC-00288,internal_operational_note,PERSON,ALIA MALIK,8,18,planted,REDACT,uppercase_name
REC-00288-E02,REC-00288,internal_operational_note,CUSTOMER_ID,UBW-12492,39,48,planted,REDACT,
REC-00288-E03,REC-00288,internal_operational_note,CNIC,1710179412932,62,75,planted,REDACT,cnic_plain
REC-00288-E04,REC-00288,internal_operational_note,PHONE_NUMBER,03034493758,95,106,planted,REDACT,phone_local_plain
REC-00288-E05,REC-00288,internal_operational_note,PERSON,Palwasha Dogar,110,124,planted,REDACT,
REC-00289-E01,REC-00289,delivery_order,PERSON,Kinza Baig,25,35,planted,REDACT,
REC-00289-E02,REC-00289,delivery_order,PHONE_NUMBER,+92 331 3894044,42,57,planted,REDACT,phone_intl_space
REC-00289-E03,REC-00289,delivery_order,ADDRESS,"H. No. 931, Allama Iqbal Road, Sialkot",65,103,planted,REDACT,addr_h_no
REC-00290-E01,REC-00290,contact_form,PERSON,Faizan Bukhari,18,32,planted,REDACT,
REC-00290-E02,REC-00290,contact_form,EMAIL_ADDRESS,faizanbukhari@example.net,46,71,planted,REDACT,
REC-00290-E03,REC-00290,contact_form,PHONE_NUMBER,+923062907342,89,102,planted,REDACT,phone_intl_plain
REC-00290-E04,REC-00290,contact_form,CNIC,52101-8257506-2,131,146,planted,REDACT,cnic_hyphen;no_context
REC-00291-E01,REC-00291,subscription_record,CUSTOMER_ID,UBW-56562,6,15,planted,REDACT,
REC-00291-E02,REC-00291,subscription_record,PERSON,Farhat Lodhi,18,30,planted,REDACT,
REC-00291-E03,REC-00291,subscription_record,EMAIL_ADDRESS,farhat.lodhi827@example.org,47,74,planted,REDACT,
REC-00291-E04,REC-00291,subscription_record,ADDRESS,"House No. 230, Murree Road, Bahria Town, Hyderabad",77,127,planted,REDACT,addr_house_no_road
REC-00292-E01,REC-00292,delivery_note,PHONE_NUMBER,0340.1709062,23,35,planted,REDACT,phone_dot_separated;heldout_format
REC-00292-E02,REC-00292,delivery_note,PERSON,Luqman Kayani,46,59,planted,REDACT,
REC-00292-E03,REC-00292,delivery_note,PERSON,Zahida Hashmi,85,98,planted,REDACT,
REC-00292-E04,REC-00292,delivery_note,ADDRESS,"Shop 14, Jinnah Super Market, Karachi",108,145,planted,REDACT,addr_shop
REC-00293-E01,REC-00293,customer_service_message,PERSON,Burhan Raza,6,17,planted,REDACT,
REC-00293-E02,REC-00293,customer_service_message,EMAIL_ADDRESS,burhan_raza807@example.org,19,45,planted,REDACT,
REC-00293-E03,REC-00293,customer_service_message,PERSON,Burhan Raza,200,211,planted,REDACT,repeated_value
REC-00295-E01,REC-00295,delivery_order,PERSON,Alia Janjua,25,36,planted,REDACT,
REC-00295-E02,REC-00295,delivery_order,PHONE_NUMBER,+92-323-3310073,43,58,planted,REDACT,phone_intl_hyphen
REC-00295-E03,REC-00295,delivery_order,ADDRESS,"h no 38, st 35, clifton, lahore",66,97,planted,REDACT,addr_abbrev_lower
REC-00296-E01,REC-00296,contact_form,PHONE_NUMBER,+92 301 6257547,59,74,planted,REDACT,phone_intl_space
REC-00296-E02,REC-00296,contact_form,CNIC,41302-5947075-2,85,100,planted,REDACT,cnic_hyphen
REC-00296-E03,REC-00296,contact_form,PERSON,Parveen Noor Baig,112,129,planted,REDACT,three_token_name
REC-00296-E04,REC-00296,contact_form,EMAIL_ADDRESS,parveenbaig@example.net,138,161,planted,REDACT,
REC-00297-E01,REC-00297,subscription_record,CUSTOMER_ID,UBW-31344,6,15,planted,REDACT,
REC-00297-E02,REC-00297,subscription_record,PERSON,Iqra Bukhari,18,30,planted,REDACT,
REC-00297-E03,REC-00297,subscription_record,EMAIL_ADDRESS,iqra_bukhari893@example.org,63,90,planted,REDACT,
REC-00297-E04,REC-00297,subscription_record,ADDRESS,"near the PSO petrol pump, behind Moon Market, Bahawalpur",93,149,planted,REDACT,addr_landmark;heldout_format
REC-00298-E01,REC-00298,delivery_note,PERSON,Saad Kayani,26,37,planted,REDACT,
REC-00298-E02,REC-00298,delivery_note,PERSON,Shahid Osmani,62,75,planted,REDACT,
REC-00298-E03,REC-00298,delivery_note,ADDRESS,"Flat 4C, Pearl Residencia, Askari 11, Peshawar",86,132,planted,REDACT,addr_flat
REC-00298-E04,REC-00298,delivery_note,PHONE_NUMBER,0092 322 1992563,158,174,planted,REDACT,phone_intl00_space
REC-00299-E01,REC-00299,customer_service_message,PHONE_NUMBER,0331 2499513,91,103,planted,REDACT,phone_local_space
REC-00299-E02,REC-00299,customer_service_message,EMAIL_ADDRESS,ehsancheema@example.net,112,135,planted,REDACT,
REC-00299-E03,REC-00299,customer_service_message,PERSON,Ehsan Cheema,195,207,planted,REDACT,
REC-00299-E04,REC-00299,customer_service_message,CUSTOMER_ID,UBW-52626,209,218,planted,REDACT,
REC-00301-E01,REC-00301,delivery_order,POSTAL_CODE,67280,71,76,planted,REDACT,postal_labelled
REC-00301-E02,REC-00301,delivery_order,CUSTOMER_ID,UBW-33659,83,92,planted,REDACT,
REC-00301-E03,REC-00301,delivery_order,ADDRESS,"Flat 2D, Al-Noor Heights, Askari 11, Peshawar",111,156,planted,REDACT,addr_flat
REC-00301-E04,REC-00301,delivery_order,PERSON,Saad Raza,168,177,planted,REDACT,
REC-00301-E05,REC-00301,delivery_order,PHONE_NUMBER,+92 303 895 1380,188,204,planted,REDACT,phone_intl_space_split
REC-00302-E01,REC-00302,contact_form,EMAIL_ADDRESS,dania.kayani418@example.com,52,79,planted,REDACT,
REC-00302-E02,REC-00302,contact_form,PERSON,DANIA KAYANI,87,99,planted,REDACT,uppercase_name
REC-00302-E03,REC-00302,contact_form,PHONE_NUMBER,0345.1703045,106,118,planted,REDACT,phone_dot_separated;heldout_format
REC-00303-E01,REC-00303,subscription_record,PERSON,Asif Chaudhry,0,13,planted,REDACT,
REC-00303-E02,REC-00303,subscription_record,CUSTOMER_ID,UBW-51720,79,88,planted,REDACT,
REC-00303-E03,REC-00303,subscription_record,EMAIL_ADDRESS,asif.chaudhry308@example.net,107,135,planted,REDACT,
REC-00303-E04,REC-00303,subscription_record,ADDRESS,"House #287, Street 28, Block D, Cantt, Hyderabad",162,210,planted,REDACT,addr_house_street_block
REC-00304-E01,REC-00304,delivery_note,PERSON,Ehsan Pervez,17,29,planted,REDACT,
REC-00304-E02,REC-00304,delivery_note,PERSON,bilal javed,36,47,planted,REDACT,lowercase_name
REC-00304-E03,REC-00304,delivery_note,PHONE_NUMBER,+92 300 2911451,50,65,planted,REDACT,phone_intl_space
REC-00304-E04,REC-00304,delivery_note,ADDRESS,"H. No. 721, Murree Road, Bahawalpur",68,103,planted,REDACT,addr_h_no
REC-00305-E01,REC-00305,customer_service_message,PERSON,Iqra Javed Siddiqui,6,25,planted,REDACT,three_token_name
REC-00305-E02,REC-00305,customer_service_message,EMAIL_ADDRESS,iqra.siddiqui362@example.org,27,55,planted,REDACT,
REC-00305-E03,REC-00305,customer_service_message,CUSTOMER_ID,UBW-26353,93,102,planted,REDACT,
REC-00305-E04,REC-00305,customer_service_message,PHONE_NUMBER,0310 0141455,115,127,planted,REDACT,phone_local_space
REC-00305-E05,REC-00305,customer_service_message,PERSON,Iqra Javed Siddiqui,253,272,planted,REDACT,three_token_name;repeated_value
REC-00306-E01,REC-00306,internal_operational_note,PERSON,Ghulam Chaudhry,8,23,planted,REDACT,
REC-00306-E02,REC-00306,internal_operational_note,CUSTOMER_ID,UBW-89433,44,53,planted,REDACT,
REC-00306-E03,REC-00306,internal_operational_note,CNIC,33101-9547951-9,67,82,planted,REDACT,cnic_hyphen
REC-00306-E04,REC-00306,internal_operational_note,PHONE_NUMBER,0341-6645223,102,114,planted,REDACT,phone_local_hyphen
REC-00306-E05,REC-00306,internal_operational_note,PERSON,Shahid Qureshi,118,132,planted,REDACT,
REC-00307-E01,REC-00307,delivery_order,PERSON,Waqar Abbasi,17,29,planted,REDACT,
REC-00307-E02,REC-00307,delivery_order,PHONE_NUMBER,+923064355775,36,49,planted,REDACT,phone_intl_plain
REC-00307-E03,REC-00307,delivery_order,ADDRESS,"near City Hospital gate, behind Moon Market, Rawalpindi",57,112,planted,REDACT,addr_landmark;heldout_format
REC-00308-E01,REC-00308,contact_form,PERSON,Ayesha Hussain,24,38,planted,REDACT,
REC-00308-E02,REC-00308,contact_form,EMAIL_ADDRESS,ayesha.hussain875@example.org,57,86,planted,REDACT,
REC-00308-E03,REC-00308,contact_form,PHONE_NUMBER,0305 8695551,94,106,planted,REDACT,phone_local_space
REC-00308-E04,REC-00308,contact_form,CNIC,21304-8678130-1,119,134,planted,REDACT,cnic_hyphen
REC-00309-E01,REC-00309,subscription_record,CUSTOMER_ID,UBW-87664,6,15,planted,REDACT,
REC-00309-E02,REC-00309,subscription_record,PERSON,Bilal Qureshi,18,31,planted,REDACT,
REC-00309-E03,REC-00309,subscription_record,EMAIL_ADDRESS,bilal.qureshi940@example.com,63,91,planted,REDACT,
REC-00309-E04,REC-00309,subscription_record,ADDRESS,"House #100, Street 2, Block H, North Nazimabad, Gujranwala",94,152,planted,REDACT,addr_house_street_block
REC-00309-E05,REC-00309,subscription_record,POSTAL_CODE,13148,153,158,planted,REDACT,postal_after_city
REC-00310-E01,REC-00310,delivery_note,PERSON,Ehsan Durrani,7,20,planted,REDACT,
REC-00310-E02,REC-00310,delivery_note,PERSON,Usman Farooqi,42,55,planted,REDACT,
REC-00310-E03,REC-00310,delivery_note,ADDRESS,"Flat 2A, Crescent Apartments, Askari 11, Lahore",59,106,planted,REDACT,addr_flat
REC-00310-E04,REC-00310,delivery_note,PHONE_NUMBER,+923417490291,124,137,planted,REDACT,phone_intl_plain
REC-00311-E01,REC-00311,customer_service_message,PERSON,BURHAN JAVED HUSSAIN,25,45,planted,REDACT,three_token_name;uppercase_name
REC-00311-E02,REC-00311,customer_service_message,EMAIL_ADDRESS,burhan.hussain302@example.org,56,85,planted,REDACT,
REC-00311-E03,REC-00311,customer_service_message,PHONE_NUMBER,+923120177948,88,101,planted,REDACT,phone_intl_plain
REC-00312-E01,REC-00312,internal_operational_note,PERSON,Rabia Hashmi,8,20,planted,REDACT,
REC-00312-E02,REC-00312,internal_operational_note,CUSTOMER_ID,UBW-18853,41,50,planted,REDACT,
REC-00312-E03,REC-00312,internal_operational_note,CNIC,3310159624757,66,79,planted,REDACT,cnic_plain
REC-00312-E04,REC-00312,internal_operational_note,PHONE_NUMBER,+92-336-2113620,99,114,planted,REDACT,phone_intl_hyphen
REC-00312-E05,REC-00312,internal_operational_note,PERSON,Faizan Baig,118,129,planted,REDACT,
REC-00313-E01,REC-00313,delivery_order,PERSON,Nadia Hassan Chaudhry,25,46,planted,REDACT,three_token_name
REC-00313-E02,REC-00313,delivery_order,PHONE_NUMBER,+92 341 6001942,53,68,planted,REDACT,phone_intl_space
REC-00313-E03,REC-00313,delivery_order,ADDRESS,"House No. 795, Ferozepur Road, Model Town, Hyderabad",76,128,planted,REDACT,addr_house_no_road
REC-00314-E01,REC-00314,contact_form,PERSON,Usman Osmani,24,36,planted,REDACT,
REC-00314-E02,REC-00314,contact_form,EMAIL_ADDRESS,usman.osmani433@example.com,55,82,planted,REDACT,
REC-00314-E03,REC-00314,contact_form,PHONE_NUMBER,03035730290,90,101,planted,REDACT,phone_local_plain
REC-00314-E04,REC-00314,contact_form,CNIC,55202-7841710-6,114,129,planted,REDACT,cnic_hyphen
REC-00315-E01,REC-00315,subscription_record,CUSTOMER_ID,UBW-62469,6,15,planted,REDACT,
REC-00315-E02,REC-00315,subscription_record,PERSON,Tahira Ahmed,18,30,planted,REDACT,
REC-00315-E03,REC-00315,subscription_record,EMAIL_ADDRESS,tahira_ahmed639@example.org,60,87,planted,REDACT,
REC-00315-E04,REC-00315,subscription_record,ADDRESS,"near the main roundabout, behind Anarkali Bazaar, Multan",90,146,planted,REDACT,addr_landmark;heldout_format
REC-00315-E05,REC-00315,subscription_record,POSTAL_CODE,36911,148,153,planted,REDACT,postal_after_city
REC-00316-E01,REC-00316,delivery_note,PHONE_NUMBER,03124395611,56,67,planted,REDACT,phone_local_plain
REC-00316-E02,REC-00316,delivery_note,ADDRESS,"Plot 868, Sector F-10/2, Islamabad",81,115,planted,REDACT,addr_plot_sector
REC-00316-E03,REC-00316,delivery_note,PERSON,Burhan Ali Bukhari,127,145,planted,REDACT,three_token_name
REC-00316-E04,REC-00316,delivery_note,PERSON,Uzma Iqbal,153,163,planted,REDACT,
REC-00317-E01,REC-00317,customer_service_message,PERSON,Zahida Hussain,6,20,planted,REDACT,
REC-00317-E02,REC-00317,customer_service_message,EMAIL_ADDRESS,zahida.hussain782@example.com,22,51,planted,REDACT,
REC-00317-E03,REC-00317,customer_service_message,PERSON,Zahida Hussain,203,217,planted,REDACT,repeated_value
REC-00318-E01,REC-00318,internal_operational_note,PERSON,Alia Farooqi,10,22,planted,REDACT,
REC-00318-E02,REC-00318,internal_operational_note,CUSTOMER_ID,UBW-94550,43,52,planted,REDACT,
REC-00318-E03,REC-00318,internal_operational_note,CNIC,21304-8816018-8,66,81,planted,REDACT,cnic_hyphen
REC-00318-E04,REC-00318,internal_operational_note,PHONE_NUMBER,0334 7789112,101,113,planted,REDACT,phone_local_space
REC-00318-E05,REC-00318,internal_operational_note,PERSON,Noreen Ghani,117,129,planted,REDACT,
REC-00319-E01,REC-00319,delivery_order,PERSON,Imran Chaudhry,32,46,planted,REDACT,
REC-00319-E02,REC-00319,delivery_order,CUSTOMER_ID,UBW-43361,48,57,planted,REDACT,
REC-00319-E03,REC-00319,delivery_order,ADDRESS,"House #911, Street 25, Block K, Model Town, Peshawar",91,143,planted,REDACT,addr_house_street_block
REC-00319-E04,REC-00319,delivery_order,POSTAL_CODE,59034,144,149,planted,REDACT,postal_after_city
REC-00319-E05,REC-00319,delivery_order,PHONE_NUMBER,+92 312 6642099,163,178,planted,REDACT,phone_intl_space
REC-00320-E01,REC-00320,contact_form,PERSON,Ehsan Hussain,26,39,planted,REDACT,
REC-00320-E02,REC-00320,contact_form,EMAIL_ADDRESS,e.hussain@example.org,47,68,planted,REDACT,
REC-00320-E03,REC-00320,contact_form,PHONE_NUMBER,0312-4456445,76,88,planted,REDACT,phone_local_hyphen
REC-00320-E04,REC-00320,contact_form,CNIC,2130413827535,95,108,planted,REDACT,cnic_plain
REC-00321-E01,REC-00321,subscription_record,CUSTOMER_ID,UBW-28070,6,15,planted,REDACT,
REC-00321-E02,REC-00321,subscription_record,PERSON,Kiran Ali Iqbal,18,33,planted,REDACT,three_token_name
REC-00321-E03,REC-00321,subscription_record,EMAIL_ADDRESS,k.iqbal@example.org,50,69,planted,REDACT,
REC-00321-E04,REC-00321,subscription_record,ADDRESS,"Shop 36, Jinnah Super Market, Gujranwala",72,112,planted,REDACT,addr_shop
REC-00321-E05,REC-00321,subscription_record,POSTAL_CODE,89171,114,119,planted,REDACT,postal_after_city
REC-00322-E01,REC-00322,delivery_note,PERSON,Farhat Dogar,17,29,planted,REDACT,
REC-00322-E02,REC-00322,delivery_note,PERSON,Faizan Ahmed,36,48,planted,REDACT,
REC-00322-E03,REC-00322,delivery_note,PHONE_NUMBER,+923066669032,51,64,planted,REDACT,phone_intl_plain
REC-00322-E04,REC-00322,delivery_note,ADDRESS,"House No. 768, Tariq Road, Gulshan-e-Iqbal, Bahawalpur",67,121,planted,REDACT,addr_house_no_road
REC-00323-E01,REC-00323,customer_service_message,PERSON,Mahnoor Zuberi,25,39,planted,REDACT,
REC-00323-E02,REC-00323,customer_service_message,EMAIL_ADDRESS,mahnoorzuberi@example.net,50,75,planted,REDACT,
REC-00323-E03,REC-00323,customer_service_message,PHONE_NUMBER,0335 0505062,78,90,planted,REDACT,phone_local_space
REC-00325-E01,REC-00325,delivery_order,ADDRESS,"House #291, Street 14, Block D, Bahria Town, Peshawar",85,138,planted,REDACT,addr_house_street_block
REC-00325-E02,REC-00325,delivery_order,POSTAL_CODE,96451,153,158,planted,REDACT,postal_labelled
REC-00325-E03,REC-00325,delivery_order,PERSON,Kiran Tarar,166,177,planted,REDACT,
REC-00325-E04,REC-00325,delivery_order,CUSTOMER_ID,UBW-78733,184,193,planted,REDACT,
REC-00325-E05,REC-00325,delivery_order,PHONE_NUMBER,+92 300 313 2173,201,217,planted,REDACT,phone_intl_space_split
REC-00326-E01,REC-00326,contact_form,EMAIL_ADDRESS,waqar_chaudhry356@example.net,62,91,planted,REDACT,
REC-00326-E02,REC-00326,contact_form,PERSON,Waqar Chaudhry,98,112,planted,REDACT,
REC-00326-E03,REC-00326,contact_form,PHONE_NUMBER,0310 6963429,121,133,planted,REDACT,phone_local_space
REC-00326-E04,REC-00326,contact_form,CNIC,52101-7249042-8,138,153,planted,REDACT,cnic_hyphen
REC-00327-E01,REC-00327,subscription_record,PERSON,Mehwish Kayani,0,14,planted,REDACT,
REC-00327-E02,REC-00327,subscription_record,CUSTOMER_ID,UBW-70470,65,74,planted,REDACT,
REC-00327-E03,REC-00327,subscription_record,EMAIL_ADDRESS,mehwishkayani+water@example.org,91,122,planted,REDACT,email_plus
REC-00327-E04,REC-00327,subscription_record,ADDRESS,"near the main roundabout, behind Anarkali Bazaar, Multan",149,205,planted,REDACT,addr_landmark;heldout_format
REC-00327-E05,REC-00327,subscription_record,POSTAL_CODE,73538,219,224,planted,REDACT,postal_labelled
REC-00328-E01,REC-00328,delivery_note,PERSON,Parveen Lodhi,17,30,planted,REDACT,
REC-00328-E02,REC-00328,delivery_note,PERSON,Qasim Usmani,37,49,planted,REDACT,
REC-00328-E03,REC-00328,delivery_note,PHONE_NUMBER,0345-0188082,52,64,planted,REDACT,phone_local_hyphen
REC-00328-E04,REC-00328,delivery_note,ADDRESS,"Plot 452, Sector I-8/4, Islamabad",67,100,planted,REDACT,addr_plot_sector
REC-00329-E01,REC-00329,customer_service_message,PERSON,Saad Janjua,6,17,planted,REDACT,
REC-00329-E02,REC-00329,customer_service_message,EMAIL_ADDRESS,saad.janjua400@example.org,19,45,planted,REDACT,
REC-00329-E03,REC-00329,customer_service_message,CUSTOMER_ID,UBW-42728,80,89,planted,REDACT,
REC-00329-E04,REC-00329,customer_service_message,PHONE_NUMBER,0323-3384602,101,113,planted,REDACT,phone_local_hyphen
REC-00329-E05,REC-00329,customer_service_message,PERSON,Saad Janjua,242,253,planted,REDACT,repeated_value
REC-00330-E01,REC-00330,internal_operational_note,CUSTOMER_ID,UBW-37147,70,79,planted,REDACT,
REC-00330-E02,REC-00330,internal_operational_note,CNIC,35202-5982358-6,97,112,planted,REDACT,cnic_hyphen
REC-00330-E03,REC-00330,internal_operational_note,PERSON,Parveen Noor Lodhi,126,144,planted,REDACT,three_token_name
REC-00330-E04,REC-00330,internal_operational_note,PHONE_NUMBER,0330 2026754,164,176,planted,REDACT,phone_local_space
REC-00331-E01,REC-00331,delivery_order,PERSON,Burhan Cheema,17,30,planted,REDACT,
REC-00331-E02,REC-00331,delivery_order,PHONE_NUMBER,+923212941566,36,49,planted,REDACT,phone_intl_plain
REC-00331-E03,REC-00331,delivery_order,ADDRESS,"Flat 16A, Gulshan Residency, DHA Phase 6, Bahawalpur",57,109,planted,REDACT,addr_flat
REC-00331-E04,REC-00331,delivery_order,POSTAL_CODE,89761,110,115,planted,REDACT,postal_after_city
REC-00332-E01,REC-00332,contact_form,PERSON,Usman Hussain,26,39,planted,REDACT,
REC-00332-E02,REC-00332,contact_form,EMAIL_ADDRESS,usman.hussain141@example.org,47,75,planted,REDACT,
REC-00332-E03,REC-00332,contact_form,PHONE_NUMBER,0341 0635969,83,95,planted,REDACT,phone_local_space
REC-00332-E04,REC-00332,contact_form,CNIC,52101-7444490-6,102,117,planted,REDACT,cnic_hyphen
REC-00333-E01,REC-00333,subscription_record,CUSTOMER_ID,UBW-89700,6,15,planted,REDACT,
REC-00333-E02,REC-00333,subscription_record,PERSON,Faizan Usmani,18,31,planted,REDACT,
REC-00333-E03,REC-00333,subscription_record,EMAIL_ADDRESS,f.usmani@example.net,48,68,planted,REDACT,
REC-00333-E04,REC-00333,subscription_record,ADDRESS,"near the main roundabout, behind Moon Market, Rawalpindi",71,127,planted,REDACT,addr_landmark;heldout_format
REC-00333-E05,REC-00333,subscription_record,POSTAL_CODE,39156,128,133,planted,REDACT,postal_after_city
REC-00334-E01,REC-00334,delivery_note,PERSON,PALWASHA FAROOQI,22,38,planted,REDACT,uppercase_name
REC-00334-E02,REC-00334,delivery_note,ADDRESS,"H. No. 743, Murree Road, Peshawar",68,101,planted,REDACT,addr_h_no
REC-00334-E03,REC-00334,delivery_note,PHONE_NUMBER,+92 311 3964626,135,150,planted,REDACT,phone_intl_space
REC-00334-E04,REC-00334,delivery_note,PERSON,Omar Pervez,161,172,planted,REDACT,
REC-00335-E01,REC-00335,customer_service_message,PERSON,Kinza Ghani,25,36,planted,REDACT,
REC-00335-E02,REC-00335,customer_service_message,EMAIL_ADDRESS,kinzaghani@example.org,47,69,planted,REDACT,
REC-00335-E03,REC-00335,customer_service_message,PHONE_NUMBER,03156293920,72,83,planted,REDACT,phone_local_plain
REC-00337-E01,REC-00337,delivery_order,PERSON,kinza raza,25,35,planted,REDACT,lowercase_name
REC-00337-E02,REC-00337,delivery_order,PHONE_NUMBER,+92-341-0474058,42,57,planted,REDACT,phone_intl_hyphen
REC-00337-E03,REC-00337,delivery_order,ADDRESS,"Plot 152, Sector I-8/4, Islamabad",65,98,planted,REDACT,addr_plot_sector
REC-00338-E01,REC-00338,contact_form,PERSON,Layla Ghani,24,35,planted,REDACT,
REC-00338-E02,REC-00338,contact_form,EMAIL_ADDRESS,layla_ghani724@example.com,54,80,planted,REDACT,
REC-00338-E03,REC-00338,contact_form,PHONE_NUMBER,0330-2782058,89,101,planted,REDACT,phone_local_hyphen
REC-00338-E04,REC-00338,contact_form,CNIC,3310150704029,125,138,planted,REDACT,cnic_plain;no_context
REC-00339-E01,REC-00339,subscription_record,PERSON,Burhan Abbasi,0,13,planted,REDACT,
REC-00339-E02,REC-00339,subscription_record,CUSTOMER_ID,UBW-19154,69,78,planted,REDACT,
REC-00339-E03,REC-00339,subscription_record,EMAIL_ADDRESS,burhanabbasi@example.net,97,121,planted,REDACT,
REC-00339-E04,REC-00339,subscription_record,ADDRESS,"House No. 836, Murree Road, Gulberg III, Islamabad",148,198,planted,REDACT,addr_house_no_road
REC-00339-E05,REC-00339,subscription_record,POSTAL_CODE,22697,212,217,planted,REDACT,postal_labelled
REC-00340-E01,REC-00340,delivery_note,PERSON,Qasim Javed,7,18,planted,REDACT,
REC-00340-E02,REC-00340,delivery_note,PERSON,Layla Janjua,40,52,planted,REDACT,
REC-00340-E03,REC-00340,delivery_note,ADDRESS,"House No. 452, Allama Iqbal Road, Shadman, Peshawar",56,107,planted,REDACT,addr_house_no_road
REC-00340-E04,REC-00340,delivery_note,PHONE_NUMBER,03103219293,125,136,planted,REDACT,phone_local_plain
REC-00341-E01,REC-00341,customer_service_message,PHONE_NUMBER,03009771813,89,100,planted,REDACT,phone_local_plain
REC-00341-E02,REC-00341,customer_service_message,EMAIL_ADDRESS,ZARA_FAROOQI497@EXAMPLE.COM,109,136,planted,REDACT,uppercase_email
REC-00341-E03,REC-00341,customer_service_message,PERSON,Zara Farooqi,196,208,planted,REDACT,
REC-00341-E04,REC-00341,customer_service_message,CUSTOMER_ID,UBW-15486,210,219,planted,REDACT,
REC-00342-E01,REC-00342,internal_operational_note,PERSON,Ehsan Yaqoob,11,23,planted,REDACT,
REC-00342-E02,REC-00342,internal_operational_note,CUSTOMER_ID,UBW-97173,44,53,planted,REDACT,
REC-00342-E03,REC-00342,internal_operational_note,CNIC,4210176658337,69,82,planted,REDACT,cnic_plain
REC-00342-E04,REC-00342,internal_operational_note,PHONE_NUMBER,+92 322 554 0763,102,118,planted,REDACT,phone_intl_space_split
REC-00342-E05,REC-00342,internal_operational_note,PERSON,Ehsan Hussain,122,135,planted,REDACT,
REC-00343-E01,REC-00343,delivery_order,PERSON,Saima Toor,17,27,planted,REDACT,
REC-00343-E02,REC-00343,delivery_order,PHONE_NUMBER,03317972523,33,44,planted,REDACT,phone_local_plain
REC-00343-E03,REC-00343,delivery_order,ADDRESS,"H. No. 193, Main Boulevard, Gujranwala",52,90,planted,REDACT,addr_h_no
REC-00344-E01,REC-00344,contact_form,CUSTOMER_ID,UBW-26759,60,69,planted,REDACT,
REC-00344-E02,REC-00344,contact_form,EMAIL_ADDRESS,adeel_ghani675@example.com,79,105,planted,REDACT,
REC-00344-E03,REC-00344,contact_form,PERSON,Adeel Ghani,118,129,planted,REDACT,
REC-00344-E04,REC-00344,contact_form,PHONE_NUMBER,03112401850,139,150,planted,REDACT,phone_local_plain
REC-00344-E05,REC-00344,contact_form,CNIC,5210184663971,159,172,planted,REDACT,cnic_plain
REC-00345-E01,REC-00345,subscription_record,CUSTOMER_ID,UBW-85083,6,15,planted,REDACT,
REC-00345-E02,REC-00345,subscription_record,PERSON,Adeel Cheema,18,30,planted,REDACT,
REC-00345-E03,REC-00345,subscription_record,EMAIL_ADDRESS,adeel_cheema828@example.org,62,89,planted,REDACT,
REC-00345-E04,REC-00345,subscription_record,ADDRESS,"House #349, Street 38, Block D, Saddar, Lahore",92,138,planted,REDACT,addr_house_street_block
REC-00345-E05,REC-00345,subscription_record,POSTAL_CODE,25218,139,144,planted,REDACT,postal_after_city
REC-00346-E01,REC-00346,delivery_note,PERSON,Hassan Siddiqui,7,22,planted,REDACT,
REC-00346-E02,REC-00346,delivery_note,PERSON,Kinza Yaqoob,45,57,planted,REDACT,
REC-00346-E03,REC-00346,delivery_note,ADDRESS,"Plot 228, Sector G-9/2, Islamabad",61,94,planted,REDACT,addr_plot_sector
REC-00346-E04,REC-00346,delivery_note,PHONE_NUMBER,0092 306 8719981,113,129,planted,REDACT,phone_intl00_space
REC-00347-E01,REC-00347,customer_service_message,PERSON,Tahira Malik,25,37,planted,REDACT,
REC-00347-E02,REC-00347,customer_service_message,EMAIL_ADDRESS,T.MALIK@EXAMPLE.NET,48,67,planted,REDACT,uppercase_email
REC-00347-E03,REC-00347,customer_service_message,PHONE_NUMBER,03342071382,70,81,planted,REDACT,phone_local_plain
REC-00348-E01,REC-00348,internal_operational_note,PERSON,Shahid Pervez,10,23,planted,REDACT,
REC-00348-E02,REC-00348,internal_operational_note,CUSTOMER_ID,UBW-39500,44,53,planted,REDACT,
REC-00348-E03,REC-00348,internal_operational_note,CNIC,3310126708191,75,88,planted,REDACT,cnic_plain
REC-00348-E04,REC-00348,internal_operational_note,PHONE_NUMBER,0310-8178970,108,120,planted,REDACT,phone_local_hyphen
REC-00348-E05,REC-00348,internal_operational_note,PERSON,Asif Hassan Cheema,124,142,planted,REDACT,three_token_name
REC-00349-E01,REC-00349,delivery_order,PERSON,Farhat Dogar,32,44,planted,REDACT,
REC-00349-E02,REC-00349,delivery_order,CUSTOMER_ID,UBW-49855,46,55,planted,REDACT,
REC-00349-E03,REC-00349,delivery_order,ADDRESS,"House No. 332, MM Alam Road, Faisal Town, Islamabad",90,141,planted,REDACT,addr_house_no_road
REC-00349-E04,REC-00349,delivery_order,POSTAL_CODE,17094,144,149,planted,REDACT,postal_after_city
REC-00349-E05,REC-00349,delivery_order,PHONE_NUMBER,03119194082,156,167,planted,REDACT,phone_local_plain
REC-00350-E01,REC-00350,contact_form,EMAIL_ADDRESS,adeel.ahmed695@example.com,56,82,planted,REDACT,
REC-00350-E02,REC-00350,contact_form,PERSON,Adeel Ahmed,95,106,planted,REDACT,
REC-00350-E03,REC-00350,contact_form,PHONE_NUMBER,0345 282 2312,112,125,planted,REDACT,phone_local_4_3_4;heldout_format
REC-00350-E04,REC-00350,contact_form,CNIC,3520259657078,135,148,planted,REDACT,cnic_plain
REC-00351-E01,REC-00351,subscription_record,CUSTOMER_ID,UBW-80452,6,15,planted,REDACT,
REC-00351-E02,REC-00351,subscription_record,PERSON,Yusra Abbasi,18,30,planted,REDACT,
REC-00351-E03,REC-00351,subscription_record,EMAIL_ADDRESS,yusra.abbasi814@example.org,60,87,planted,REDACT,
REC-00351-E04,REC-00351,subscription_record,ADDRESS,"Flat 19B, Al-Noor Heights, Askari 11, Peshawar",90,136,planted,REDACT,addr_flat
REC-00351-E05,REC-00351,subscription_record,POSTAL_CODE,18322,137,142,planted,REDACT,postal_after_city
REC-00352-E01,REC-00352,delivery_note,PERSON,Saima Siddiqui,17,31,planted,REDACT,
REC-00352-E02,REC-00352,delivery_note,PERSON,Layla Pervez,38,50,planted,REDACT,
REC-00352-E03,REC-00352,delivery_note,PHONE_NUMBER,0340-3018851,53,65,planted,REDACT,phone_local_hyphen
REC-00352-E04,REC-00352,delivery_note,ADDRESS,"House #820, Street 21, Block B, Gulberg III, Quetta",68,119,planted,REDACT,addr_house_street_block
REC-00353-E01,REC-00353,customer_service_message,PHONE_NUMBER,0345-0001435,91,103,planted,REDACT,phone_local_hyphen
REC-00353-E02,REC-00353,customer_service_message,EMAIL_ADDRESS,junaid.tarar128@example.org,112,139,planted,REDACT,
REC-00353-E03,REC-00353,customer_service_message,PERSON,Junaid Tarar,199,211,planted,REDACT,
REC-00353-E04,REC-00353,customer_service_message,CUSTOMER_ID,UBW-42550,213,222,planted,REDACT,
REC-00354-E01,REC-00354,internal_operational_note,PHONE_NUMBER,03112376783,72,83,planted,REDACT,phone_local_plain
REC-00354-E02,REC-00354,internal_operational_note,CUSTOMER_ID,UBW-96850,102,111,planted,REDACT,
REC-00354-E03,REC-00354,internal_operational_note,CNIC,38401-2251636-9,135,150,planted,REDACT,cnic_hyphen
REC-00354-E04,REC-00354,internal_operational_note,PERSON,Palwasha Yaqoob,163,178,planted,REDACT,
REC-00355-E01,REC-00355,delivery_order,PERSON,Sana Osmani,17,28,planted,REDACT,
REC-00355-E02,REC-00355,delivery_order,PHONE_NUMBER,0330-6357590,35,47,planted,REDACT,phone_local_hyphen
REC-00355-E03,REC-00355,delivery_order,ADDRESS,"House #254, Street 5, Block E, Johar Town, Sialkot",55,105,planted,REDACT,addr_house_street_block
REC-00356-E01,REC-00356,contact_form,PERSON,Omar Qureshi,24,36,planted,REDACT,
REC-00356-E02,REC-00356,contact_form,EMAIL_ADDRESS,omarqureshi@example.com,55,78,planted,REDACT,
REC-00356-E03,REC-00356,contact_form,PHONE_NUMBER,+923159878878,87,100,planted,REDACT,phone_intl_plain
REC-00356-E04,REC-00356,contact_form,CNIC,5520216029049,115,128,planted,REDACT,cnic_plain
REC-00357-E01,REC-00357,subscription_record,PERSON,Qasim Ansari,59,71,planted,REDACT,
REC-00357-E02,REC-00357,subscription_record,ADDRESS,"H. No. 674, Ferozepur Road, Islamabad",122,159,planted,REDACT,addr_h_no
REC-00357-E03,REC-00357,subscription_record,POSTAL_CODE,28700,161,166,planted,REDACT,postal_after_city
REC-00357-E04,REC-00357,subscription_record,CUSTOMER_ID,UBW-59650,175,184,planted,REDACT,
REC-00357-E05,REC-00357,subscription_record,EMAIL_ADDRESS,QASIM_ANSARI489@EXAMPLE.ORG,193,220,planted,REDACT,uppercase_email
REC-00358-E01,REC-00358,delivery_note,PERSON,Hassan Ghani,17,29,planted,REDACT,
REC-00358-E02,REC-00358,delivery_note,PERSON,Palwasha Ahmed,36,50,planted,REDACT,
REC-00358-E03,REC-00358,delivery_note,PHONE_NUMBER,+92 306 8047291,53,68,planted,REDACT,phone_intl_space
REC-00358-E04,REC-00358,delivery_note,ADDRESS,"H. No. 694, Shahrah-e-Faisal, Gujranwala",71,111,planted,REDACT,addr_h_no
REC-00359-E01,REC-00359,customer_service_message,PERSON,Adeel Ahmed,25,36,planted,REDACT,
REC-00359-E02,REC-00359,customer_service_message,EMAIL_ADDRESS,a.ahmed@example.net,47,66,planted,REDACT,
REC-00359-E03,REC-00359,customer_service_message,PHONE_NUMBER,+92-334-0710615,69,84,planted,REDACT,phone_intl_hyphen
REC-00360-E01,REC-00360,internal_operational_note,CUSTOMER_ID,UBW-24841,73,82,planted,REDACT,
REC-00360-E02,REC-00360,internal_operational_note,PERSON,Ghulam Javed,95,107,planted,REDACT,
REC-00360-E03,REC-00360,internal_operational_note,CNIC,55202-4924868-5,124,139,planted,REDACT,cnic_hyphen
REC-00361-E01,REC-00361,delivery_order,PERSON,Ayesha Hashmi,17,30,planted,REDACT,
REC-00361-E02,REC-00361,delivery_order,PHONE_NUMBER,+92 306 6890722,36,51,planted,REDACT,phone_intl_space
REC-00361-E03,REC-00361,delivery_order,ADDRESS,"House #8, Street 10, Block E, DHA Phase 5, Quetta",59,108,planted,REDACT,addr_house_street_block
REC-00362-E01,REC-00362,contact_form,PERSON,Luqman Lodhi,24,36,planted,REDACT,
REC-00362-E02,REC-00362,contact_form,EMAIL_ADDRESS,luqman.lodhi368@example.net,55,82,planted,REDACT,
REC-00362-E03,REC-00362,contact_form,PHONE_NUMBER,0301-2242783,100,112,planted,REDACT,phone_local_hyphen
REC-00362-E04,REC-00362,contact_form,CNIC,21304-0530269-3,137,152,planted,REDACT,cnic_hyphen
REC-00363-E01,REC-00363,subscription_record,PERSON,Imran Osmani,0,12,planted,REDACT,
REC-00363-E02,REC-00363,subscription_record,CUSTOMER_ID,UBW-54845,63,72,planted,REDACT,
REC-00363-E03,REC-00363,subscription_record,EMAIL_ADDRESS,imran_osmani135@example.com,91,118,planted,REDACT,
REC-00363-E04,REC-00363,subscription_record,ADDRESS,"House #513, Street 1, Block D, Gulberg III, Multan",145,195,planted,REDACT,addr_house_street_block
REC-00363-E05,REC-00363,subscription_record,POSTAL_CODE,98907,209,214,planted,REDACT,postal_labelled
REC-00364-E01,REC-00364,delivery_note,ADDRESS,"House #802, Street 7, Block J, Cantt, Bahawalpur",38,86,planted,REDACT,addr_house_street_block
REC-00364-E02,REC-00364,delivery_note,PERSON,Qasim Raza,116,126,planted,REDACT,
REC-00364-E03,REC-00364,delivery_note,PHONE_NUMBER,03127200092,143,154,planted,REDACT,phone_local_plain
REC-00364-E04,REC-00364,delivery_note,PERSON,Kinza Raza,163,173,planted,REDACT,
REC-00365-E01,REC-00365,customer_service_message,PHONE_NUMBER,03334700293,89,100,planted,REDACT,phone_local_plain
REC-00365-E02,REC-00365,customer_service_message,EMAIL_ADDRESS,farhatgillani+water@example.net,109,140,planted,REDACT,email_plus
REC-00365-E03,REC-00365,customer_service_message,PERSON,Farhat Gillani,200,214,planted,REDACT,
REC-00365-E04,REC-00365,customer_service_message,CUSTOMER_ID,UBW-89498,216,225,planted,REDACT,
REC-00366-E01,REC-00366,internal_operational_note,CUSTOMER_ID,UBW-87189,71,80,planted,REDACT,
REC-00366-E02,REC-00366,internal_operational_note,PERSON,Layla Hashmi,94,106,planted,REDACT,
REC-00366-E03,REC-00366,internal_operational_note,CNIC,17101-1463496-2,132,147,planted,REDACT,cnic_hyphen
REC-00367-E01,REC-00367,delivery_order,PERSON,Nadia Niazi,32,43,planted,REDACT,
REC-00367-E02,REC-00367,delivery_order,CUSTOMER_ID,UBW-18874,45,54,planted,REDACT,
REC-00367-E03,REC-00367,delivery_order,ADDRESS,"h no 645, st 8, shadman, quetta",89,120,planted,REDACT,addr_abbrev_lower
REC-00367-E04,REC-00367,delivery_order,POSTAL_CODE,67163,121,126,planted,REDACT,postal_after_city
REC-00367-E05,REC-00367,delivery_order,PHONE_NUMBER,0092-335-5827390,147,163,planted,REDACT,phone_intl00_hyphen
REC-00368-E01,REC-00368,contact_form,PERSON,Adeel Dogar,26,37,planted,REDACT,
REC-00368-E02,REC-00368,contact_form,EMAIL_ADDRESS,adeel.dogar170@example.net,45,71,planted,REDACT,
REC-00368-E03,REC-00368,contact_form,PHONE_NUMBER,+92-323-4554916,79,94,planted,REDACT,phone_intl_hyphen
REC-00369-E01,REC-00369,subscription_record,PERSON,Wasim Waheed,0,12,planted,REDACT,
REC-00369-E02,REC-00369,subscription_record,CUSTOMER_ID,UBW-27428,76,85,planted,REDACT,
REC-00369-E03,REC-00369,subscription_record,EMAIL_ADDRESS,w.waheed@example.com,102,122,planted,REDACT,
REC-00369-E04,REC-00369,subscription_record,ADDRESS,"House No. 655, Ferozepur Road, Shadman, Karachi",149,196,planted,REDACT,addr_house_no_road
REC-00369-E05,REC-00369,subscription_record,POSTAL_CODE,46406,210,215,planted,REDACT,postal_labelled
REC-00370-E01,REC-00370,delivery_note,PERSON,Zahida Bukhari,17,31,planted,REDACT,
REC-00370-E02,REC-00370,delivery_note,PERSON,Uzma Sheikh,38,49,planted,REDACT,
REC-00370-E03,REC-00370,delivery_note,PHONE_NUMBER,+92 321 096 0720,52,68,planted,REDACT,phone_intl_space_split
REC-00370-E04,REC-00370,delivery_note,ADDRESS,"Flat 12B, Askari Tower 2, Askari 11, Karachi",71,115,planted,REDACT,addr_flat
REC-00371-E01,REC-00371,customer_service_message,PHONE_NUMBER,+92-312-5440230,85,100,planted,REDACT,phone_intl_hyphen
REC-00371-E02,REC-00371,customer_service_message,EMAIL_ADDRESS,y.hashmi@example.net,111,131,planted,REDACT,
REC-00371-E03,REC-00371,customer_service_message,PERSON,Yusra Hashmi,191,203,planted,REDACT,
REC-00371-E04,REC-00371,customer_service_message,CUSTOMER_ID,UBW-45231,205,214,planted,REDACT,
REC-00372-E01,REC-00372,internal_operational_note,PERSON,Junaid Malik,11,23,planted,REDACT,
REC-00372-E02,REC-00372,internal_operational_note,CUSTOMER_ID,UBW-33083,44,53,planted,REDACT,
REC-00372-E03,REC-00372,internal_operational_note,CNIC,61101-2981886-7,69,84,planted,REDACT,cnic_hyphen
REC-00372-E04,REC-00372,internal_operational_note,PHONE_NUMBER,+92 310 4731917,104,119,planted,REDACT,phone_intl_space
REC-00372-E05,REC-00372,internal_operational_note,PERSON,Noreen Hussain,123,137,planted,REDACT,
REC-00373-E01,REC-00373,delivery_order,PHONE_NUMBER,0334 2303365,76,88,planted,REDACT,phone_local_space
REC-00373-E02,REC-00373,delivery_order,ADDRESS,"Plot 618, Sector G-9/2, Islamabad",107,140,planted,REDACT,addr_plot_sector
REC-00373-E03,REC-00373,delivery_order,POSTAL_CODE,59528,142,147,planted,REDACT,postal_after_city
REC-00373-E04,REC-00373,delivery_order,CUSTOMER_ID,ubw-60330,161,170,planted,REDACT,custid_lowercase
REC-00373-E05,REC-00373,delivery_order,PERSON,Kinza Raza,188,198,planted,REDACT,
REC-00374-E01,REC-00374,contact_form,EMAIL_ADDRESS,TARIQ_USMANI146+WATER@EXAMPLE.COM,63,96,planted,REDACT,email_plus;uppercase_email
REC-00374-E02,REC-00374,contact_form,PERSON,Tariq Usmani,109,121,planted,REDACT,
REC-00375-E01,REC-00375,subscription_record,CUSTOMER_ID,UBW-29482,6,15,planted,REDACT,
REC-00375-E02,REC-00375,subscription_record,PERSON,Hamza Waheed,18,30,planted,REDACT,
REC-00375-E03,REC-00375,subscription_record,EMAIL_ADDRESS,hamza.waheed278@example.net,63,90,planted,REDACT,
REC-00375-E04,REC-00375,subscription_record,ADDRESS,"House No. 818, Canal Road, Garden Town, Bahawalpur",93,143,planted,REDACT,addr_house_no_road
REC-00375-E05,REC-00375,subscription_record,POSTAL_CODE,10285,144,149,planted,REDACT,postal_after_city
REC-00376-E01,REC-00376,delivery_note,PERSON,Iqra Iqbal,7,17,planted,REDACT,
REC-00376-E02,REC-00376,delivery_note,PERSON,Zara Khan,40,49,planted,REDACT,
REC-00376-E03,REC-00376,delivery_note,ADDRESS,"House No. 493, Mall Road, Cantt, Peshawar",53,94,planted,REDACT,addr_house_no_road
REC-00376-E04,REC-00376,delivery_note,PHONE_NUMBER,0323-5915793,113,125,planted,REDACT,phone_local_hyphen
REC-00377-E01,REC-00377,customer_service_message,PERSON,Tariq Malik,6,17,planted,REDACT,
REC-00377-E02,REC-00377,customer_service_message,EMAIL_ADDRESS,tariq_malik86@example.org,19,44,planted,REDACT,
REC-00377-E03,REC-00377,customer_service_message,CUSTOMER_ID,UBW-40827,79,88,planted,REDACT,
REC-00377-E04,REC-00377,customer_service_message,PHONE_NUMBER,+92-312-1463815,96,111,planted,REDACT,phone_intl_hyphen
REC-00377-E05,REC-00377,customer_service_message,PERSON,Tariq Malik,237,248,planted,REDACT,repeated_value
REC-00378-E01,REC-00378,internal_operational_note,PERSON,Jawad Raza,8,18,planted,REDACT,
REC-00378-E02,REC-00378,internal_operational_note,CUSTOMER_ID,UBW-28061,39,48,planted,REDACT,
REC-00378-E03,REC-00378,internal_operational_note,CNIC,1710162358261,70,83,planted,REDACT,cnic_plain
REC-00378-E04,REC-00378,internal_operational_note,PHONE_NUMBER,+923066332741,103,116,planted,REDACT,phone_intl_plain
REC-00378-E05,REC-00378,internal_operational_note,PERSON,Mahnoor Khan,120,132,planted,REDACT,
REC-00379-E01,REC-00379,delivery_order,PERSON,Zahida Hassan Lodhi,17,36,planted,REDACT,three_token_name
REC-00379-E02,REC-00379,delivery_order,PHONE_NUMBER,03009549308,43,54,planted,REDACT,phone_local_plain
REC-00379-E03,REC-00379,delivery_order,ADDRESS,"h no 154, st 12, gulshan-e-iqbal, peshawar",62,104,planted,REDACT,addr_abbrev_lower
REC-00380-E01,REC-00380,contact_form,PERSON,AYESHA USMANI,12,25,planted,REDACT,uppercase_name
REC-00380-E02,REC-00380,contact_form,EMAIL_ADDRESS,ayesha.usmani619@example.net,44,72,planted,REDACT,
REC-00380-E03,REC-00380,contact_form,PHONE_NUMBER,0330 7621830,90,102,planted,REDACT,phone_local_space
REC-00380-E04,REC-00380,contact_form,CNIC,33101-9597660-9,126,141,planted,REDACT,cnic_hyphen;no_context
REC-00381-E01,REC-00381,subscription_record,CUSTOMER_ID,UBW-63097,89,98,planted,REDACT,
REC-00381-E02,REC-00381,subscription_record,EMAIL_ADDRESS,saaddogar@example.net,107,128,planted,REDACT,
REC-00381-E03,REC-00381,subscription_record,ADDRESS,"House #480, Street 31, Block F, Wapda Town, Bahawalpur",148,202,planted,REDACT,addr_house_street_block
REC-00381-E04,REC-00381,subscription_record,POSTAL_CODE,94133,205,210,planted,REDACT,postal_after_city
REC-00381-E05,REC-00381,subscription_record,PERSON,Saad Dogar,224,234,planted,REDACT,
REC-00382-E01,REC-00382,delivery_note,PERSON,Naveed Ali Chaudhry,17,36,planted,REDACT,three_token_name
REC-00382-E02,REC-00382,delivery_note,PERSON,Ayesha Ansari,43,56,planted,REDACT,
REC-00382-E03,REC-00382,delivery_note,PHONE_NUMBER,+92 321 6553873,59,74,planted,REDACT,phone_intl_space
REC-00382-E04,REC-00382,delivery_note,ADDRESS,"Plot 720, Sector E-11/3, Islamabad",77,111,planted,REDACT,addr_plot_sector
REC-00383-E01,REC-00383,customer_service_message,PERSON,Kiran Osmani,6,18,planted,REDACT,
REC-00383-E02,REC-00383,customer_service_message,EMAIL_ADDRESS,kiran_osmani489@example.com,20,47,planted,REDACT,
REC-00383-E03,REC-00383,customer_service_message,CUSTOMER_ID,UBW-92044,84,93,planted,REDACT,
REC-00383-E04,REC-00383,customer_service_message,PERSON,Kiran Osmani,236,248,planted,REDACT,repeated_value
REC-00384-E01,REC-00384,internal_operational_note,PERSON,Nadia Zuberi,10,22,planted,REDACT,
REC-00384-E02,REC-00384,internal_operational_note,CUSTOMER_ID,ubw-66479,43,52,planted,REDACT,custid_lowercase
REC-00384-E03,REC-00384,internal_operational_note,CNIC,52101-1258262-3,68,83,planted,REDACT,cnic_hyphen
REC-00384-E04,REC-00384,internal_operational_note,PHONE_NUMBER,+923456503423,103,116,planted,REDACT,phone_intl_plain
REC-00384-E05,REC-00384,internal_operational_note,PERSON,Saima Rajput,120,132,planted,REDACT,
REC-00385-E01,REC-00385,delivery_order,PERSON,Omar Waheed,17,28,planted,REDACT,
REC-00385-E02,REC-00385,delivery_order,PHONE_NUMBER,+92-303-8370358,35,50,planted,REDACT,phone_intl_hyphen
REC-00385-E03,REC-00385,delivery_order,ADDRESS,"House #174, Street 19, Block C, Johar Town, Multan",58,108,planted,REDACT,addr_house_street_block
REC-00386-E01,REC-00386,contact_form,PERSON,Luqman Javed,26,38,planted,REDACT,
REC-00386-E02,REC-00386,contact_form,EMAIL_ADDRESS,luqman_javed41@example.org,46,72,planted,REDACT,
REC-00386-E03,REC-00386,contact_form,PHONE_NUMBER,0092-345-2163996,80,96,planted,REDACT,phone_intl00_hyphen
REC-00387-E01,REC-00387,subscription_record,CUSTOMER_ID,UBW-71063,6,15,planted,REDACT,
REC-00387-E02,REC-00387,subscription_record,PERSON,Fatima Durrani,18,32,planted,REDACT,
REC-00387-E03,REC-00387,subscription_record,EMAIL_ADDRESS,fatima.durrani159@example.org,49,78,planted,REDACT,
REC-00387-E04,REC-00387,subscription_record,ADDRESS,"Flat 13D, Askari Tower 2, DHA Phase 6, Lahore",81,126,planted,REDACT,addr_flat
REC-00387-E05,REC-00387,subscription_record,POSTAL_CODE,55735,129,134,planted,REDACT,postal_after_city
REC-00388-E01,REC-00388,delivery_note,PERSON,Imran Hussain,17,30,planted,REDACT,
REC-00388-E02,REC-00388,delivery_note,PERSON,Dania Zuberi,37,49,planted,REDACT,
REC-00388-E03,REC-00388,delivery_note,PHONE_NUMBER,+923331918079,52,65,planted,REDACT,phone_intl_plain
REC-00388-E04,REC-00388,delivery_note,ADDRESS,"House No. 559, Ferozepur Road, Gulshan-e-Iqbal, Karachi",68,123,planted,REDACT,addr_house_no_road
REC-00389-E01,REC-00389,customer_service_message,PHONE_NUMBER,+923134229054,87,100,planted,REDACT,phone_intl_plain;unicode_context
REC-00389-E02,REC-00389,customer_service_message,EMAIL_ADDRESS,zahida_cheema219@example.com,109,137,planted,REDACT,unicode_context
REC-00389-E03,REC-00389,customer_service_message,PERSON,Zahida Hassan Cheema,197,217,planted,REDACT,three_token_name;unicode_context
REC-00389-E04,REC-00389,customer_service_message,CUSTOMER_ID,UBW-93320,219,228,planted,REDACT,unicode_context
REC-00390-E01,REC-00390,internal_operational_note,PERSON,Qasim Durrani,11,24,planted,REDACT,
REC-00390-E02,REC-00390,internal_operational_note,CUSTOMER_ID,UBW-54829,45,54,planted,REDACT,
REC-00390-E03,REC-00390,internal_operational_note,CNIC,5520279775569,74,87,planted,REDACT,cnic_plain;no_context
REC-00390-E04,REC-00390,internal_operational_note,PHONE_NUMBER,03115859883,124,135,planted,REDACT,phone_local_plain
REC-00390-E05,REC-00390,internal_operational_note,PERSON,Jawad Rajput,139,151,planted,REDACT,
REC-00391-E01,REC-00391,delivery_order,PERSON,Kinza Ansari,23,35,planted,REDACT,
REC-00391-E02,REC-00391,delivery_order,CUSTOMER_ID,ubw-51486,37,46,planted,REDACT,custid_lowercase
REC-00391-E03,REC-00391,delivery_order,ADDRESS,"House #593, Street 40, Block C, Clifton, Gujranwala",81,132,planted,REDACT,addr_house_street_block
REC-00391-E04,REC-00391,delivery_order,PHONE_NUMBER,+92-335-3331283,146,161,planted,REDACT,phone_intl_hyphen
REC-00392-E01,REC-00392,contact_form,PHONE_NUMBER,+92 310 6334348,51,66,planted,REDACT,phone_intl_space
REC-00392-E02,REC-00392,contact_form,EMAIL_ADDRESS,luqman.javed38@example.com,75,101,planted,REDACT,
REC-00392-E03,REC-00392,contact_form,CUSTOMER_ID,UBW-58530,116,125,planted,REDACT,
REC-00392-E04,REC-00392,contact_form,PERSON,Luqman Javed,133,145,planted,REDACT,
REC-00393-E01,REC-00393,subscription_record,PERSON,Kiran Ghani,0,11,planted,REDACT,
REC-00393-E02,REC-00393,subscription_record,CUSTOMER_ID,UBW-65134,67,76,planted,REDACT,
REC-00393-E03,REC-00393,subscription_record,EMAIL_ADDRESS,kiran_ghani107@example.net,95,121,planted,REDACT,
REC-00394-E01,REC-00394,delivery_note,ADDRESS,"House No. 690, Tariq Road, Gulberg III, Peshawar",25,73,planted,REDACT,addr_house_no_road
REC-00394-E02,REC-00394,delivery_note,PERSON,Farhat Kayani,81,94,planted,REDACT,
REC-00394-E03,REC-00394,delivery_note,PERSON,Shahid Hassan Dogar,105,124,planted,REDACT,three_token_name
REC-00394-E04,REC-00394,delivery_note,PHONE_NUMBER,+92 313 4437558,133,148,planted,REDACT,phone_intl_space
REC-00395-E01,REC-00395,customer_service_message,PERSON,Saima Lodhi,6,17,planted,REDACT,
REC-00395-E02,REC-00395,customer_service_message,EMAIL_ADDRESS,saimalodhi@example.net,19,41,planted,REDACT,
REC-00395-E03,REC-00395,customer_service_message,CUSTOMER_ID,UBW-82470,72,81,planted,REDACT,
REC-00395-E04,REC-00395,customer_service_message,PHONE_NUMBER,+92-341-4365936,90,105,planted,REDACT,phone_intl_hyphen
REC-00395-E05,REC-00395,customer_service_message,PERSON,Saima Lodhi,240,251,planted,REDACT,repeated_value
REC-00397-E01,REC-00397,delivery_order,ADDRESS,"near the main roundabout, behind Anarkali Bazaar, Lahore",71,127,planted,REDACT,addr_landmark;heldout_format
REC-00397-E02,REC-00397,delivery_order,POSTAL_CODE,59185,128,133,planted,REDACT,postal_after_city
REC-00397-E03,REC-00397,delivery_order,PHONE_NUMBER,0303-8162405,144,156,planted,REDACT,phone_local_hyphen
REC-00397-E04,REC-00397,delivery_order,CUSTOMER_ID,UBW-51102,171,180,planted,REDACT,
REC-00397-E05,REC-00397,delivery_order,PERSON,Ghulam Pervez,196,209,planted,REDACT,
REC-00398-E01,REC-00398,contact_form,PERSON,Naveed Niazi,26,38,planted,REDACT,
REC-00398-E02,REC-00398,contact_form,EMAIL_ADDRESS,n.niazi@example.org,46,65,planted,REDACT,
REC-00398-E03,REC-00398,contact_form,PHONE_NUMBER,0092 311 4195866,73,89,planted,REDACT,phone_intl00_space
REC-00399-E01,REC-00399,subscription_record,PERSON,Palwasha Hussain,0,16,planted,REDACT,
REC-00399-E02,REC-00399,subscription_record,CUSTOMER_ID,UBW-18423,80,89,planted,REDACT,
REC-00399-E03,REC-00399,subscription_record,EMAIL_ADDRESS,p.hussain@example.com,108,129,planted,REDACT,
REC-00399-E04,REC-00399,subscription_record,ADDRESS,"H. No. 362, Jail Road, Sialkot",156,186,planted,REDACT,addr_h_no
REC-00400-E01,REC-00400,delivery_note,PERSON,Saima Ansari,7,19,planted,REDACT,
REC-00400-E02,REC-00400,delivery_note,PERSON,Dania Hussain,41,54,planted,REDACT,
REC-00400-E03,REC-00400,delivery_note,ADDRESS,"House No. 126, Main Boulevard, Clifton, Multan",58,104,planted,REDACT,addr_house_no_road
REC-00400-E04,REC-00400,delivery_note,PHONE_NUMBER,0345-6235425,114,126,planted,REDACT,phone_local_hyphen
REC-00401-E01,REC-00401,customer_service_message,PHONE_NUMBER,0092-345-1255341,88,104,planted,REDACT,phone_intl00_hyphen
REC-00401-E02,REC-00401,customer_service_message,EMAIL_ADDRESS,uzmafarooqi@example.net,115,138,planted,REDACT,
REC-00401-E03,REC-00401,customer_service_message,PERSON,Uzma Farooqi,198,210,planted,REDACT,
REC-00401-E04,REC-00401,customer_service_message,CUSTOMER_ID,UBW-85228,212,221,planted,REDACT,
REC-00402-E01,REC-00402,internal_operational_note,CNIC,52101-0077963-8,74,89,planted,REDACT,cnic_hyphen
REC-00402-E02,REC-00402,internal_operational_note,CUSTOMER_ID,UBW-88830,107,116,planted,REDACT,
REC-00402-E03,REC-00402,internal_operational_note,PERSON,Rabia Durrani,129,142,planted,REDACT,
REC-00403-E01,REC-00403,delivery_order,CUSTOMER_ID,UBW-28184,72,81,planted,REDACT,
REC-00403-E02,REC-00403,delivery_order,POSTAL_CODE,11362,95,100,planted,REDACT,postal_labelled
REC-00403-E03,REC-00403,delivery_order,PHONE_NUMBER,+92-305-6273103,108,123,planted,REDACT,phone_intl_hyphen
REC-00403-E04,REC-00403,delivery_order,ADDRESS,"near the old water tank, behind Liberty Market, Lahore",143,197,planted,REDACT,addr_landmark;heldout_format
REC-00403-E05,REC-00403,delivery_order,PERSON,Imran Waheed,214,226,planted,REDACT,
REC-00404-E01,REC-00404,contact_form,PERSON,Naveed Qureshi,18,32,planted,REDACT,
REC-00404-E02,REC-00404,contact_form,EMAIL_ADDRESS,naveed.qureshi362@example.com,46,75,planted,REDACT,
REC-00404-E03,REC-00404,contact_form,PHONE_NUMBER,+923111308903,83,96,planted,REDACT,phone_intl_plain
REC-00404-E04,REC-00404,contact_form,CNIC,55202-1011111-4,111,126,planted,REDACT,cnic_hyphen
REC-00405-E01,REC-00405,subscription_record,ADDRESS,"H. No. 526, Tariq Road, Sialkot",62,93,planted,REDACT,addr_h_no
REC-00405-E02,REC-00405,subscription_record,POSTAL_CODE,62455,96,101,planted,REDACT,postal_after_city
REC-00405-E03,REC-00405,subscription_record,PERSON,Shahid Kayani,139,152,planted,REDACT,
REC-00405-E04,REC-00405,subscription_record,EMAIL_ADDRESS,shahid.kayani937@example.org,168,196,planted,REDACT,
REC-00405-E05,REC-00405,subscription_record,CUSTOMER_ID,UBW-34635,211,220,planted,REDACT,
REC-00406-E01,REC-00406,delivery_note,PHONE_NUMBER,0313-8884588,24,36,planted,REDACT,phone_local_hyphen
REC-00406-E02,REC-00406,delivery_note,ADDRESS,"Flat 4A, Askari Tower 2, Bahria Town Phase 4, Hyderabad",46,101,planted,REDACT,addr_flat
REC-00406-E03,REC-00406,delivery_note,PERSON,Zara Bukhari,144,156,planted,REDACT,
REC-00406-E04,REC-00406,delivery_note,PERSON,Noreen Hussain,170,184,planted,REDACT,
REC-00407-E01,REC-00407,customer_service_message,PERSON,Rizwan Leghari,6,20,planted,REDACT,
REC-00407-E02,REC-00407,customer_service_message,EMAIL_ADDRESS,rizwanleghari@example.com,22,47,planted,REDACT,
REC-00407-E03,REC-00407,customer_service_message,PHONE_NUMBER,03312379573,83,94,planted,REDACT,phone_local_plain
REC-00407-E04,REC-00407,customer_service_message,PERSON,Rizwan Leghari,222,236,planted,REDACT,repeated_value
REC-00408-E01,REC-00408,internal_operational_note,PERSON,Fatima Baig,8,19,planted,REDACT,
REC-00408-E02,REC-00408,internal_operational_note,CUSTOMER_ID,UBW-39922,40,49,planted,REDACT,
REC-00408-E03,REC-00408,internal_operational_note,CNIC,21304-7593642-8,71,86,planted,REDACT,cnic_hyphen
REC-00408-E04,REC-00408,internal_operational_note,PHONE_NUMBER,0306-1575550,106,118,planted,REDACT,phone_local_hyphen
REC-00408-E05,REC-00408,internal_operational_note,PERSON,Ayesha Malik,122,134,planted,REDACT,
REC-00409-E01,REC-00409,delivery_order,ADDRESS,"Shop 15, Saddar Bazaar, Sialkot",81,112,planted,REDACT,addr_shop
REC-00409-E02,REC-00409,delivery_order,POSTAL_CODE,99887,113,118,planted,REDACT,postal_after_city
REC-00409-E03,REC-00409,delivery_order,PERSON,Wasim Bukhari,136,149,planted,REDACT,
REC-00409-E04,REC-00409,delivery_order,CUSTOMER_ID,UBW-78066,161,170,planted,REDACT,
REC-00409-E05,REC-00409,delivery_order,PHONE_NUMBER,03218687763,181,192,planted,REDACT,phone_local_plain
REC-00410-E01,REC-00410,contact_form,EMAIL_ADDRESS,m.abbasi@example.org,55,75,planted,REDACT,
REC-00410-E02,REC-00410,contact_form,PERSON,Mahnoor Abbasi,88,102,planted,REDACT,
REC-00410-E03,REC-00410,contact_form,CNIC,33101-9364049-3,109,124,planted,REDACT,cnic_hyphen
REC-00410-E04,REC-00410,contact_form,CUSTOMER_ID,UBW-49799,133,142,planted,REDACT,
REC-00410-E05,REC-00410,contact_form,PHONE_NUMBER,0345-2520403,151,163,planted,REDACT,phone_local_hyphen
REC-00411-E01,REC-00411,subscription_record,PERSON,Kiran Sheikh,0,12,planted,REDACT,
REC-00411-E02,REC-00411,subscription_record,CUSTOMER_ID,UBW-49460,79,88,planted,REDACT,
REC-00411-E03,REC-00411,subscription_record,EMAIL_ADDRESS,kiransheikh@example.org,105,128,planted,REDACT,
REC-00411-E04,REC-00411,subscription_record,ADDRESS,"House #257, Street 9, Block G, Satellite Town, Rawalpindi",155,212,planted,REDACT,addr_house_street_block
REC-00412-E01,REC-00412,delivery_note,ADDRESS,"H. No. 473, Main Boulevard, Peshawar",22,58,planted,REDACT,addr_h_no
REC-00412-E02,REC-00412,delivery_note,PERSON,Kinza Hashmi,86,98,planted,REDACT,
REC-00412-E03,REC-00412,delivery_note,PHONE_NUMBER,+92 330 7827453,108,123,planted,REDACT,phone_intl_space
REC-00412-E04,REC-00412,delivery_note,PERSON,Dania Osmani,152,164,planted,REDACT,
REC-00413-E01,REC-00413,customer_service_message,PHONE_NUMBER,0306.3750438,71,83,planted,REDACT,phone_dot_separated;heldout_format
REC-00413-E02,REC-00413,customer_service_message,EMAIL_ADDRESS,mehwish.zuberi719@example.com,92,121,planted,REDACT,
REC-00413-E03,REC-00413,customer_service_message,PERSON,Mehwish Zuberi,181,195,planted,REDACT,
REC-00413-E04,REC-00413,customer_service_message,CUSTOMER_ID,UBW-98562,197,206,planted,REDACT,
REC-00414-E01,REC-00414,internal_operational_note,PERSON,Zahida Iqbal,11,23,planted,REDACT,
REC-00414-E02,REC-00414,internal_operational_note,CUSTOMER_ID,UBW-23579,44,53,planted,REDACT,
REC-00414-E03,REC-00414,internal_operational_note,CNIC,35202-5031885-7,67,82,planted,REDACT,cnic_hyphen
REC-00414-E04,REC-00414,internal_operational_note,PHONE_NUMBER,+92-331-6555091,102,117,planted,REDACT,phone_intl_hyphen
REC-00414-E05,REC-00414,internal_operational_note,PERSON,mehwish niazi,121,134,planted,REDACT,lowercase_name
REC-00415-E01,REC-00415,delivery_order,PERSON,Wasim Janjua,17,29,planted,REDACT,
REC-00415-E02,REC-00415,delivery_order,PHONE_NUMBER,0341 0363358,36,48,planted,REDACT,phone_local_space
REC-00415-E03,REC-00415,delivery_order,ADDRESS,"House #674, Street 16, Block C, Satellite Town, Bahawalpur",56,114,planted,REDACT,addr_house_street_block
REC-00416-E01,REC-00416,contact_form,PERSON,Hira Hashmi,24,35,planted,REDACT,
REC-00416-E02,REC-00416,contact_form,EMAIL_ADDRESS,hirahashmi@example.com,54,76,planted,REDACT,
REC-00416-E03,REC-00416,contact_form,PHONE_NUMBER,0315-0571826,84,96,planted,REDACT,phone_local_hyphen
REC-00416-E04,REC-00416,contact_form,CNIC,5210174571261,121,134,planted,REDACT,cnic_plain
REC-00417-E01,REC-00417,subscription_record,CUSTOMER_ID,UBW-61633,6,15,planted,REDACT,
REC-00417-E02,REC-00417,subscription_record,PERSON,SHAHID RAJPUT,18,31,planted,REDACT,uppercase_name
REC-00417-E03,REC-00417,subscription_record,EMAIL_ADDRESS,shahidrajput@example.net,53,77,planted,REDACT,
REC-00417-E04,REC-00417,subscription_record,ADDRESS,"Plot 286, Sector E-11/3, Islamabad",80,114,planted,REDACT,addr_plot_sector
REC-00418-E01,REC-00418,delivery_note,PERSON,Sana Mirza,7,17,planted,REDACT,
REC-00418-E02,REC-00418,delivery_note,PERSON,Sana Rajput,40,51,planted,REDACT,
REC-00418-E03,REC-00418,delivery_note,ADDRESS,"Flat 2A, Askari Tower 2, Bahria Town Phase 4, Peshawar",55,109,planted,REDACT,addr_flat
REC-00418-E04,REC-00418,delivery_note,PHONE_NUMBER,+92 336 584 0068,119,135,planted,REDACT,phone_intl_space_split
REC-00419-E01,REC-00419,customer_service_message,PERSON,Tahira Raza,6,17,planted,REDACT,
REC-00419-E02,REC-00419,customer_service_message,EMAIL_ADDRESS,tahira_raza774@example.com,19,45,planted,REDACT,
REC-00419-E03,REC-00419,customer_service_message,CUSTOMER_ID,UBW-67872,74,83,planted,REDACT,
REC-00419-E04,REC-00419,customer_service_message,PHONE_NUMBER,03011222751,92,103,planted,REDACT,phone_local_plain
REC-00419-E05,REC-00419,customer_service_message,PERSON,Tahira Raza,230,241,planted,REDACT,repeated_value
REC-00420-E01,REC-00420,internal_operational_note,PERSON,Rabia Lodhi,8,19,planted,REDACT,
REC-00420-E02,REC-00420,internal_operational_note,CUSTOMER_ID,UBW-35204,40,49,planted,REDACT,
REC-00420-E03,REC-00420,internal_operational_note,CNIC,61101-0087850-6,65,80,planted,REDACT,cnic_hyphen
REC-00420-E04,REC-00420,internal_operational_note,PHONE_NUMBER,0345-1614070,100,112,planted,REDACT,phone_local_hyphen
REC-00420-E05,REC-00420,internal_operational_note,PERSON,Wasim Malik,116,127,planted,REDACT,
REC-00421-E01,REC-00421,delivery_order,PERSON,Ehsan Mirza,32,43,planted,REDACT,
REC-00421-E02,REC-00421,delivery_order,CUSTOMER_ID,UBW-91065,45,54,planted,REDACT,
REC-00421-E03,REC-00421,delivery_order,ADDRESS,"House #585, Street 31, Block J, Clifton, Rawalpindi",88,139,planted,REDACT,addr_house_street_block
REC-00421-E04,REC-00421,delivery_order,POSTAL_CODE,56725,140,145,planted,REDACT,postal_after_city
REC-00421-E05,REC-00421,delivery_order,PHONE_NUMBER,+923348324443,166,179,planted,REDACT,phone_intl_plain
REC-00422-E01,REC-00422,contact_form,PERSON,KIRAN IQBAL,26,37,planted,REDACT,uppercase_name
REC-00422-E02,REC-00422,contact_form,EMAIL_ADDRESS,k.iqbal@example.org,45,64,planted,REDACT,
REC-00423-E01,REC-00423,subscription_record,PERSON,Alia Durrani,0,12,planted,REDACT,
REC-00423-E02,REC-00423,subscription_record,CUSTOMER_ID,UBW-28256,78,87,planted,REDACT,
REC-00423-E03,REC-00423,subscription_record,EMAIL_ADDRESS,alia_durrani960@example.org,104,131,planted,REDACT,
REC-00424-E01,REC-00424,delivery_note,PERSON,Jawad Ghani,41,52,planted,REDACT,
REC-00424-E02,REC-00424,delivery_note,PHONE_NUMBER,0301-1745857,70,82,planted,REDACT,phone_local_hyphen
REC-00424-E03,REC-00424,delivery_note,PERSON,WAQAR CHAUDHRY,91,105,planted,REDACT,uppercase_name
REC-00424-E04,REC-00424,delivery_note,ADDRESS,"House #231, Street 23, Block G, Gulshan-e-Iqbal, Hyderabad",117,175,planted,REDACT,addr_house_street_block
REC-00425-E01,REC-00425,customer_service_message,PERSON,Tahira Gillani,25,39,planted,REDACT,
REC-00425-E02,REC-00425,customer_service_message,EMAIL_ADDRESS,tahira.gillani822+water@example.net,50,85,planted,REDACT,email_plus
REC-00426-E01,REC-00426,internal_operational_note,PERSON,Layla Noor Farooqi,10,28,planted,REDACT,three_token_name
REC-00426-E02,REC-00426,internal_operational_note,CUSTOMER_ID,UBW-56787,49,58,planted,REDACT,
REC-00426-E03,REC-00426,internal_operational_note,CNIC,4130249104124,72,85,planted,REDACT,cnic_plain
REC-00426-E04,REC-00426,internal_operational_note,PHONE_NUMBER,0092-331-5078780,105,121,planted,REDACT,phone_intl00_hyphen
REC-00426-E05,REC-00426,internal_operational_note,PERSON,Asif Javed,125,135,planted,REDACT,
REC-00427-E01,REC-00427,delivery_order,PERSON,Rizwan Bano Hashmi,17,35,planted,REDACT,three_token_name
REC-00427-E02,REC-00427,delivery_order,PHONE_NUMBER,+92 313 131 6106,42,58,planted,REDACT,phone_intl_space_split
REC-00427-E03,REC-00427,delivery_order,ADDRESS,"House #862, Street 34, Block D, Bahria Town, Islamabad",66,120,planted,REDACT,addr_house_street_block
REC-00428-E01,REC-00428,contact_form,PERSON,Bilal Malik,12,23,planted,REDACT,
REC-00428-E02,REC-00428,contact_form,EMAIL_ADDRESS,bilal_malik308@example.com,37,63,planted,REDACT,
REC-00428-E03,REC-00428,contact_form,PHONE_NUMBER,0092-323-8310719,71,87,planted,REDACT,phone_intl00_hyphen
REC-00428-E04,REC-00428,contact_form,CNIC,17101-6453578-8,100,115,planted,REDACT,cnic_hyphen
REC-00429-E01,REC-00429,subscription_record,PERSON,Farhat Baig,0,11,planted,REDACT,
REC-00429-E02,REC-00429,subscription_record,CUSTOMER_ID,UBW-82521,78,87,planted,REDACT,
REC-00429-E03,REC-00429,subscription_record,EMAIL_ADDRESS,f.baig@example.org,106,124,planted,REDACT,
REC-00429-E04,REC-00429,subscription_record,ADDRESS,"Flat 20D, Crescent Apartments, DHA Phase 6, Karachi",151,202,planted,REDACT,addr_flat
REC-00430-E01,REC-00430,delivery_note,PERSON,Parveen Cheema,7,21,planted,REDACT,
REC-00430-E02,REC-00430,delivery_note,PERSON,Usman Javed,44,55,planted,REDACT,
REC-00430-E03,REC-00430,delivery_note,ADDRESS,"near Green Valley school, behind Hyderi Market, Hyderabad",59,116,planted,REDACT,addr_landmark;heldout_format
REC-00430-E04,REC-00430,delivery_note,PHONE_NUMBER,+923131435070,135,148,planted,REDACT,phone_intl_plain
REC-00431-E01,REC-00431,customer_service_message,PERSON,Zahida Ahmed,25,37,planted,REDACT,
REC-00431-E02,REC-00431,customer_service_message,EMAIL_ADDRESS,z.ahmed@example.com,48,67,planted,REDACT,
REC-00431-E03,REC-00431,customer_service_message,PHONE_NUMBER,0300-7825556,70,82,planted,REDACT,phone_local_hyphen
REC-00432-E01,REC-00432,internal_operational_note,PERSON,Yusra Ghani,65,76,planted,REDACT,
REC-00432-E02,REC-00432,internal_operational_note,CUSTOMER_ID,UBW-46194,96,105,planted,REDACT,
REC-00432-E03,REC-00432,internal_operational_note,CNIC,52101-0831808-4,128,143,planted,REDACT,cnic_hyphen
REC-00433-E01,REC-00433,delivery_order,PERSON,Kiran Farooqi,17,30,planted,REDACT,
REC-00433-E02,REC-00433,delivery_order,PHONE_NUMBER,0311-5465833,37,49,planted,REDACT,phone_local_hyphen
REC-00433-E03,REC-00433,delivery_order,ADDRESS,"Flat 3D, Gulshan Residency, Bahria Town Phase 4, Gujranwala",57,116,planted,REDACT,addr_flat
REC-00434-E01,REC-00434,contact_form,PERSON,alia baig,26,35,planted,REDACT,lowercase_name
REC-00434-E02,REC-00434,contact_form,EMAIL_ADDRESS,aliabaig@example.com,43,63,planted,REDACT,
REC-00434-E03,REC-00434,contact_form,PHONE_NUMBER,+92-334-8525883,71,86,planted,REDACT,phone_intl_hyphen
REC-00435-E01,REC-00435,subscription_record,CUSTOMER_ID,UBW-85398,6,15,planted,REDACT,
REC-00435-E02,REC-00435,subscription_record,PERSON,Junaid Farooqi,18,32,planted,REDACT,
REC-00435-E03,REC-00435,subscription_record,EMAIL_ADDRESS,junaid_farooqi552@example.net,65,94,planted,REDACT,
REC-00435-E04,REC-00435,subscription_record,ADDRESS,"Flat 17D, Gulshan Residency, Askari 11, Gujranwala",97,147,planted,REDACT,addr_flat
REC-00435-E05,REC-00435,subscription_record,POSTAL_CODE,35562,149,154,planted,REDACT,postal_after_city
REC-00436-E01,REC-00436,delivery_note,PERSON,Mahnoor Yaqoob,7,21,planted,REDACT,
REC-00436-E02,REC-00436,delivery_note,PERSON,Usman Janjua,44,56,planted,REDACT,
REC-00436-E03,REC-00436,delivery_note,ADDRESS,"H. No. 670, Murree Road, Multan",60,91,planted,REDACT,addr_h_no
REC-00436-E04,REC-00436,delivery_note,PHONE_NUMBER,0322 9402910,109,121,planted,REDACT,phone_local_space
REC-00437-E01,REC-00437,customer_service_message,PERSON,Usman Gillani,6,19,planted,REDACT,
REC-00437-E02,REC-00437,customer_service_message,EMAIL_ADDRESS,u.gillani@example.org,21,42,planted,REDACT,
REC-00437-E03,REC-00437,customer_service_message,CUSTOMER_ID,UBW-85499,77,86,planted,REDACT,
REC-00437-E04,REC-00437,customer_service_message,PHONE_NUMBER,0334 2489714,96,108,planted,REDACT,phone_local_space
REC-00437-E05,REC-00437,customer_service_message,PERSON,Usman Gillani,233,246,planted,REDACT,repeated_value
REC-00439-E01,REC-00439,delivery_order,PERSON,Naveed Javed,25,37,planted,REDACT,
REC-00439-E02,REC-00439,delivery_order,PHONE_NUMBER,+92 334 140 5754,44,60,planted,REDACT,phone_intl_space_split
REC-00439-E03,REC-00439,delivery_order,ADDRESS,"House #608, Street 38, Block F, Wapda Town, Karachi",68,119,planted,REDACT,addr_house_street_block
REC-00440-E01,REC-00440,contact_form,PERSON,tahira waheed,51,64,planted,REDACT,lowercase_name
REC-00440-E02,REC-00440,contact_form,EMAIL_ADDRESS,tahira_waheed293@example.org,81,109,planted,REDACT,
REC-00441-E01,REC-00441,subscription_record,CUSTOMER_ID,UBW-24367,6,15,planted,REDACT,
REC-00441-E02,REC-00441,subscription_record,PERSON,tariq siddiqui,18,32,planted,REDACT,lowercase_name
REC-00441-E03,REC-00441,subscription_record,EMAIL_ADDRESS,tariq.siddiqui379@example.net,62,91,planted,REDACT,
REC-00441-E04,REC-00441,subscription_record,ADDRESS,"H. No. 851, Murree Road, Islamabad",94,128,planted,REDACT,addr_h_no
REC-00442-E01,REC-00442,delivery_note,ADDRESS,"House No. 344, University Road, Gulshan-e-Iqbal, Hyderabad",27,85,planted,REDACT,addr_house_no_road
REC-00442-E02,REC-00442,delivery_note,PERSON,Wasim Ghani,95,106,planted,REDACT,
REC-00442-E03,REC-00442,delivery_note,PERSON,Noreen Iqbal,136,148,planted,REDACT,
REC-00442-E04,REC-00442,delivery_note,PHONE_NUMBER,+923121247391,167,180,planted,REDACT,phone_intl_plain
REC-00443-E01,REC-00443,customer_service_message,PERSON,Ayesha Noor Hussain,6,25,planted,REDACT,three_token_name
REC-00443-E02,REC-00443,customer_service_message,EMAIL_ADDRESS,ayeshahussain@example.org,27,52,planted,REDACT,
REC-00443-E03,REC-00443,customer_service_message,CUSTOMER_ID,UBW-73469,88,97,planted,REDACT,
REC-00443-E04,REC-00443,customer_service_message,PHONE_NUMBER,+92 312 585 0278,105,121,planted,REDACT,phone_intl_space_split
REC-00443-E05,REC-00443,customer_service_message,PERSON,Ayesha Noor Hussain,248,267,planted,REDACT,three_token_name;repeated_value
REC-00444-E01,REC-00444,internal_operational_note,PERSON,Asif Gillani,10,22,planted,REDACT,
REC-00444-E02,REC-00444,internal_operational_note,CUSTOMER_ID,UBW-96824,43,52,planted,REDACT,
REC-00444-E03,REC-00444,internal_operational_note,CNIC,17101-2148454-8,66,81,planted,REDACT,cnic_hyphen
REC-00444-E04,REC-00444,internal_operational_note,PHONE_NUMBER,0321-1904822,101,113,planted,REDACT,phone_local_hyphen
REC-00444-E05,REC-00444,internal_operational_note,PERSON,Tahira Iqbal,117,129,planted,REDACT,
REC-00445-E01,REC-00445,delivery_order,PERSON,Usman Baig,17,27,planted,REDACT,
REC-00445-E02,REC-00445,delivery_order,PHONE_NUMBER,0092-330-1020109,34,50,planted,REDACT,phone_intl00_hyphen
REC-00445-E03,REC-00445,delivery_order,ADDRESS,"Flat 11D, Crescent Apartments, Clifton Block 5, Multan",58,112,planted,REDACT,addr_flat
REC-00446-E01,REC-00446,contact_form,PERSON,Bina Janjua,26,37,planted,REDACT,
REC-00446-E02,REC-00446,contact_form,EMAIL_ADDRESS,binajanjua@example.net,45,67,planted,REDACT,
REC-00446-E03,REC-00446,contact_form,PHONE_NUMBER,0340.5531182,75,87,planted,REDACT,phone_dot_separated;heldout_format
REC-00446-E04,REC-00446,contact_form,CNIC,41302-0334200-1,94,109,planted,REDACT,cnic_hyphen
REC-00447-E01,REC-00447,subscription_record,PERSON,Iqra Durrani,93,105,planted,REDACT,
REC-00447-E02,REC-00447,subscription_record,CUSTOMER_ID,UBW-38261,121,130,planted,REDACT,
REC-00447-E03,REC-00447,subscription_record,EMAIL_ADDRESS,iqradurrani@example.org,145,168,planted,REDACT,
REC-00447-E04,REC-00447,subscription_record,ADDRESS,"House No. 933, Jail Road, Clifton, Islamabad",187,231,planted,REDACT,addr_house_no_road
REC-00447-E05,REC-00447,subscription_record,POSTAL_CODE,64184,233,238,planted,REDACT,postal_after_city
REC-00448-E01,REC-00448,delivery_note,PERSON,Ayesha Siddiqui,7,22,planted,REDACT,
REC-00448-E02,REC-00448,delivery_note,PERSON,Adeel Dogar,45,56,planted,REDACT,
REC-00448-E03,REC-00448,delivery_note,ADDRESS,"H. No. 310, University Road, Karachi",60,96,planted,REDACT,addr_h_no
REC-00448-E04,REC-00448,delivery_note,PHONE_NUMBER,03217132878,106,117,planted,REDACT,phone_local_plain
REC-00449-E01,REC-00449,customer_service_message,PERSON,Asif Hussain,6,18,planted,REDACT,
REC-00449-E02,REC-00449,customer_service_message,EMAIL_ADDRESS,a.hussain@example.net,20,41,planted,REDACT,
REC-00449-E03,REC-00449,customer_service_message,CUSTOMER_ID,UBW-61595,75,84,planted,REDACT,
REC-00449-E04,REC-00449,customer_service_message,PHONE_NUMBER,03008338861,93,104,planted,REDACT,phone_local_plain
REC-00449-E05,REC-00449,customer_service_message,PERSON,Asif Hussain,229,241,planted,REDACT,repeated_value
REC-00450-E01,REC-00450,internal_operational_note,PERSON,Junaid Hashmi,10,23,planted,REDACT,
REC-00450-E02,REC-00450,internal_operational_note,CUSTOMER_ID,UBW-74200,44,53,planted,REDACT,
REC-00450-E03,REC-00450,internal_operational_note,CNIC,52101-3899524-1,67,82,planted,REDACT,cnic_hyphen
REC-00450-E04,REC-00450,internal_operational_note,PHONE_NUMBER,0323-7944257,102,114,planted,REDACT,phone_local_hyphen
REC-00450-E05,REC-00450,internal_operational_note,PERSON,Faizan Waheed,118,131,planted,REDACT,
REC-00451-E01,REC-00451,delivery_order,PERSON,Ehsan Javed Khan,17,33,planted,REDACT,three_token_name
REC-00451-E02,REC-00451,delivery_order,PHONE_NUMBER,0300 4498724,40,52,planted,REDACT,phone_local_space
REC-00451-E03,REC-00451,delivery_order,ADDRESS,"Plot 814, Sector G-11/1, Islamabad",60,94,planted,REDACT,addr_plot_sector
REC-00452-E01,REC-00452,contact_form,PERSON,Noreen Ghani,26,38,planted,REDACT,
REC-00452-E02,REC-00452,contact_form,EMAIL_ADDRESS,noreen.ghani385@example.com,46,73,planted,REDACT,
REC-00452-E03,REC-00452,contact_form,PHONE_NUMBER,+923103311279,81,94,planted,REDACT,phone_intl_plain
REC-00453-E01,REC-00453,subscription_record,PERSON,Jawad Ali Dogar,0,15,planted,REDACT,three_token_name
REC-00453-E02,REC-00453,subscription_record,CUSTOMER_ID,UBW-48036,83,92,planted,REDACT,
REC-00453-E03,REC-00453,subscription_record,EMAIL_ADDRESS,j.dogar@example.net,111,130,planted,REDACT,
REC-00453-E04,REC-00453,subscription_record,ADDRESS,"House No. 578, Allama Iqbal Road, Model Town, Multan",157,209,planted,REDACT,addr_house_no_road
REC-00453-E05,REC-00453,subscription_record,POSTAL_CODE,28548,223,228,planted,REDACT,postal_labelled
REC-00454-E01,REC-00454,delivery_note,PHONE_NUMBER,+92 300 5231815,23,38,planted,REDACT,phone_intl_space
REC-00454-E02,REC-00454,delivery_note,ADDRESS,"Plot 711, Sector G-9/2, Islamabad",47,80,planted,REDACT,addr_plot_sector
REC-00454-E03,REC-00454,delivery_note,PERSON,Ehsan Javed,111,122,planted,REDACT,
REC-00454-E04,REC-00454,delivery_note,PERSON,Naveed Ahmed,136,148,planted,REDACT,
REC-00455-E01,REC-00455,customer_service_message,PERSON,Zara Mirza,6,16,planted,REDACT,
REC-00455-E02,REC-00455,customer_service_message,EMAIL_ADDRESS,zara_mirza339@example.net,18,43,planted,REDACT,
REC-00455-E03,REC-00455,customer_service_message,PHONE_NUMBER,0340.7942448,75,87,planted,REDACT,phone_dot_separated;heldout_format
REC-00455-E04,REC-00455,customer_service_message,PERSON,Zara Mirza,211,221,planted,REDACT,repeated_value
REC-00456-E01,REC-00456,internal_operational_note,PERSON,Iqra Durrani,65,77,planted,REDACT,
REC-00456-E02,REC-00456,internal_operational_note,CUSTOMER_ID,UBW-25374,98,107,planted,REDACT,
REC-00457-E01,REC-00457,delivery_order,PERSON,Qasim Baig,66,76,planted,REDACT,
REC-00457-E02,REC-00457,delivery_order,PHONE_NUMBER,+92-322-7114847,90,105,planted,REDACT,phone_intl_hyphen
REC-00457-E03,REC-00457,delivery_order,CUSTOMER_ID,UBW-11398,121,130,planted,REDACT,
REC-00457-E04,REC-00457,delivery_order,ADDRESS,"House #898, Street 13, Block G, Clifton, Hyderabad",150,200,planted,REDACT,addr_house_street_block
REC-00457-E05,REC-00457,delivery_order,POSTAL_CODE,33462,201,206,planted,REDACT,postal_after_city
REC-00458-E01,REC-00458,contact_form,PERSON,Tariq Ali Hashmi,53,69,planted,REDACT,three_token_name
REC-00458-E02,REC-00458,contact_form,CUSTOMER_ID,UBW-81314,84,93,planted,REDACT,
REC-00458-E03,REC-00458,contact_form,CNIC,42101-5272014-2,102,117,planted,REDACT,cnic_hyphen
REC-00458-E04,REC-00458,contact_form,EMAIL_ADDRESS,tariqhashmi@example.com,126,149,planted,REDACT,
REC-00459-E01,REC-00459,subscription_record,ADDRESS,"House #606, Street 2, Block C, Garden Town, Multan",63,113,planted,REDACT,addr_house_street_block
REC-00459-E02,REC-00459,subscription_record,CUSTOMER_ID,UBW-38511,125,134,planted,REDACT,
REC-00459-E03,REC-00459,subscription_record,POSTAL_CODE,11368,148,153,planted,REDACT,postal_labelled
REC-00459-E04,REC-00459,subscription_record,EMAIL_ADDRESS,mahnoor_abbasi91@example.com,169,197,planted,REDACT,
REC-00459-E05,REC-00459,subscription_record,PERSON,MAHNOOR ABBASI,209,223,planted,REDACT,uppercase_name
REC-00460-E01,REC-00460,delivery_note,PERSON,Mehwish Hussain,24,39,planted,REDACT,
REC-00460-E02,REC-00460,delivery_note,ADDRESS,"Plot 565, Sector E-11/3, Islamabad",52,86,planted,REDACT,addr_plot_sector
REC-00460-E03,REC-00460,delivery_note,PERSON,Hira Khan,130,139,planted,REDACT,
REC-00460-E04,REC-00460,delivery_note,PHONE_NUMBER,+92-311-5740847,157,172,planted,REDACT,phone_intl_hyphen
REC-00461-E01,REC-00461,customer_service_message,PERSON,Qasim Ansari,25,37,planted,REDACT,
REC-00461-E02,REC-00461,customer_service_message,EMAIL_ADDRESS,qasimansari+water@example.net,48,77,planted,REDACT,email_plus
REC-00461-E03,REC-00461,customer_service_message,PHONE_NUMBER,+92 330 669 9704,80,96,planted,REDACT,phone_intl_space_split
REC-00463-E01,REC-00463,delivery_order,ADDRESS,"h no 93, st 16, model town, peshawar",76,112,planted,REDACT,addr_abbrev_lower
REC-00463-E02,REC-00463,delivery_order,POSTAL_CODE,99746,113,118,planted,REDACT,postal_after_city
REC-00463-E03,REC-00463,delivery_order,CUSTOMER_ID,UBW-82790,129,138,planted,REDACT,
REC-00463-E04,REC-00463,delivery_order,PHONE_NUMBER,03103962502,148,159,planted,REDACT,phone_local_plain
REC-00463-E05,REC-00463,delivery_order,PERSON,Sana Khan,171,180,planted,REDACT,
REC-00464-E01,REC-00464,contact_form,PERSON,Usman Bukhari,26,39,planted,REDACT,
REC-00464-E02,REC-00464,contact_form,EMAIL_ADDRESS,usman.bukhari626@example.org,47,75,planted,REDACT,
REC-00464-E03,REC-00464,contact_form,PHONE_NUMBER,+92 306 838 7763,83,99,planted,REDACT,phone_intl_space_split
REC-00464-E04,REC-00464,contact_form,CNIC,38401-5065677-7,106,121,planted,REDACT,cnic_hyphen
REC-00465-E01,REC-00465,subscription_record,PERSON,Hira Bano Leghari,0,17,planted,REDACT,three_token_name
REC-00465-E02,REC-00465,subscription_record,CUSTOMER_ID,UBW-31087,68,77,planted,REDACT,
REC-00465-E03,REC-00465,subscription_record,EMAIL_ADDRESS,hira_leghari699@example.com,94,121,planted,REDACT,
REC-00465-E04,REC-00465,subscription_record,ADDRESS,"House #751, Street 7, Block G, Garden Town, Gujranwala",148,202,planted,REDACT,addr_house_street_block
REC-00466-E01,REC-00466,delivery_note,PERSON,Imran Hussain,17,30,planted,REDACT,
REC-00466-E02,REC-00466,delivery_note,PERSON,Wasim Iqbal,37,48,planted,REDACT,
REC-00466-E03,REC-00466,delivery_note,PHONE_NUMBER,+92 322 7944805,51,66,planted,REDACT,phone_intl_space
REC-00466-E04,REC-00466,delivery_note,ADDRESS,"Plot 996, Sector I-8/4, Islamabad",69,102,planted,REDACT,addr_plot_sector
REC-00467-E01,REC-00467,customer_service_message,PHONE_NUMBER,+92 301 7797432,70,85,planted,REDACT,phone_intl_space
REC-00467-E02,REC-00467,customer_service_message,EMAIL_ADDRESS,h.ghani@example.net,94,113,planted,REDACT,
REC-00467-E03,REC-00467,customer_service_message,PERSON,Hira Ghani,173,183,planted,REDACT,
REC-00467-E04,REC-00467,customer_service_message,CUSTOMER_ID,ubw-46924,185,194,planted,REDACT,custid_lowercase
REC-00468-E01,REC-00468,internal_operational_note,PERSON,Bilal Siddiqui,11,25,planted,REDACT,
REC-00468-E02,REC-00468,internal_operational_note,CUSTOMER_ID,ubw-64664,46,55,planted,REDACT,custid_lowercase
REC-00468-E03,REC-00468,internal_operational_note,CNIC,21304-0614253-9,69,84,planted,REDACT,cnic_hyphen
REC-00468-E04,REC-00468,internal_operational_note,PHONE_NUMBER,03410597521,104,115,planted,REDACT,phone_local_plain
REC-00468-E05,REC-00468,internal_operational_note,PERSON,Ghulam Sheikh,119,132,planted,REDACT,
REC-00469-E01,REC-00469,delivery_order,ADDRESS,"near the old water tank, behind Moon Market, Bahawalpur",90,145,planted,REDACT,addr_landmark;heldout_format
REC-00469-E02,REC-00469,delivery_order,POSTAL_CODE,78623,147,152,planted,REDACT,postal_after_city
REC-00469-E03,REC-00469,delivery_order,PERSON,Kiran Javed,162,173,planted,REDACT,
REC-00469-E04,REC-00469,delivery_order,PHONE_NUMBER,0313 5794620,185,197,planted,REDACT,phone_local_space
REC-00469-E05,REC-00469,delivery_order,CUSTOMER_ID,UBW-84588,212,221,planted,REDACT,
REC-00470-E01,REC-00470,contact_form,PERSON,Ghulam Abbasi,24,37,planted,REDACT,
REC-00470-E02,REC-00470,contact_form,EMAIL_ADDRESS,ghulam_abbasi282@example.com,51,79,planted,REDACT,
REC-00470-E03,REC-00470,contact_form,PHONE_NUMBER,+923406688583,87,100,planted,REDACT,phone_intl_plain
REC-00470-E04,REC-00470,contact_form,CNIC,3310145748011,115,128,planted,REDACT,cnic_plain
REC-00471-E01,REC-00471,subscription_record,PERSON,Tahira Hassan Qureshi,58,79,planted,REDACT,three_token_name
REC-00471-E02,REC-00471,subscription_record,EMAIL_ADDRESS,t.qureshi@example.org,98,119,planted,REDACT,
REC-00471-E03,REC-00471,subscription_record,CUSTOMER_ID,UBW-54642,150,159,planted,REDACT,
REC-00471-E04,REC-00471,subscription_record,ADDRESS,"Flat 13D, Pearl Residencia, DHA Phase 6, Multan",177,224,planted,REDACT,addr_flat
REC-00471-E05,REC-00471,subscription_record,POSTAL_CODE,54951,225,230,planted,REDACT,postal_after_city
REC-00472-E01,REC-00472,delivery_note,PERSON,Bilal Usmani,44,56,planted,REDACT,
REC-00472-E02,REC-00472,delivery_note,PERSON,Farhat Abbasi,66,79,planted,REDACT,
REC-00472-E03,REC-00472,delivery_note,PHONE_NUMBER,03352209515,90,101,planted,REDACT,phone_local_plain
REC-00472-E04,REC-00472,delivery_note,ADDRESS,"House No. 100, Mall Road, DHA Phase 5, Lahore",110,155,planted,REDACT,addr_house_no_road
REC-00473-E01,REC-00473,customer_service_message,PERSON,Qasim Dogar,6,17,planted,REDACT,unicode_context
REC-00473-E02,REC-00473,customer_service_message,EMAIL_ADDRESS,q.dogar@example.com,19,38,planted,REDACT,unicode_context
REC-00473-E03,REC-00473,customer_service_message,CUSTOMER_ID,UBW-64823,68,77,planted,REDACT,unicode_context
REC-00473-E04,REC-00473,customer_service_message,PHONE_NUMBER,0336-7014552,86,98,planted,REDACT,phone_local_hyphen;unicode_context
REC-00473-E05,REC-00473,customer_service_message,PERSON,Qasim Dogar,257,268,planted,REDACT,unicode_context;repeated_value
REC-00475-E01,REC-00475,delivery_order,PERSON,Qasim Kayani,23,35,planted,REDACT,
REC-00475-E02,REC-00475,delivery_order,ADDRESS,"House No. 986, Canal Road, Gulberg III, Bahawalpur",68,118,planted,REDACT,addr_house_no_road
REC-00475-E03,REC-00475,delivery_order,PHONE_NUMBER,+92 321 267 2049,139,155,planted,REDACT,phone_intl_space_split
REC-00476-E01,REC-00476,contact_form,PERSON,Tariq Baig,26,36,planted,REDACT,
REC-00476-E02,REC-00476,contact_form,EMAIL_ADDRESS,tariq.baig300@example.net,44,69,planted,REDACT,
REC-00476-E03,REC-00476,contact_form,PHONE_NUMBER,0334 7382743,77,89,planted,REDACT,phone_local_space
REC-00476-E04,REC-00476,contact_form,CNIC,35202-1738505-3,96,111,planted,REDACT,cnic_hyphen
REC-00477-E01,REC-00477,subscription_record,PERSON,Ghulam Gillani,0,14,planted,REDACT,
REC-00477-E02,REC-00477,subscription_record,CUSTOMER_ID,UBW-68284,70,79,planted,REDACT,
REC-00477-E03,REC-00477,subscription_record,EMAIL_ADDRESS,ghulamgillani@example.org,98,123,planted,REDACT,
REC-00477-E04,REC-00477,subscription_record,ADDRESS,"Flat 16B, Gulshan Residency, Askari 11, Lahore",150,196,planted,REDACT,addr_flat
REC-00477-E05,REC-00477,subscription_record,POSTAL_CODE,48704,210,215,planted,REDACT,postal_labelled
REC-00478-E01,REC-00478,delivery_note,PERSON,Saima Hassan Usmani,7,26,planted,REDACT,three_token_name
REC-00478-E02,REC-00478,delivery_note,PERSON,Shahid Usmani,49,62,planted,REDACT,
REC-00478-E03,REC-00478,delivery_note,ADDRESS,"Plot 302, Sector F-7/3, Islamabad",66,99,planted,REDACT,addr_plot_sector
REC-00478-E04,REC-00478,delivery_note,PHONE_NUMBER,+92 315 7973956,118,133,planted,REDACT,phone_intl_space
REC-00479-E01,REC-00479,customer_service_message,PERSON,saad waheed,25,36,planted,REDACT,lowercase_name
REC-00479-E02,REC-00479,customer_service_message,EMAIL_ADDRESS,s.waheed@example.net,47,67,planted,REDACT,
REC-00479-E03,REC-00479,customer_service_message,PHONE_NUMBER,+92 310 577 4944,70,86,planted,REDACT,phone_intl_space_split
REC-00480-E01,REC-00480,internal_operational_note,PERSON,Naveed Ali Cheema,8,25,planted,REDACT,three_token_name
REC-00480-E02,REC-00480,internal_operational_note,CUSTOMER_ID,UBW-50541,46,55,planted,REDACT,
REC-00480-E03,REC-00480,internal_operational_note,CNIC,2130483683118,75,88,planted,REDACT,cnic_plain;no_context
REC-00480-E04,REC-00480,internal_operational_note,PHONE_NUMBER,0340-2006411,125,137,planted,REDACT,phone_local_hyphen
REC-00480-E05,REC-00480,internal_operational_note,PERSON,Palwasha Lodhi,141,155,planted,REDACT,
REC-00481-E01,REC-00481,delivery_order,PERSON,Adeel Rajput,17,29,planted,REDACT,
REC-00481-E02,REC-00481,delivery_order,PHONE_NUMBER,0301 6685573,35,47,planted,REDACT,phone_local_space
REC-00481-E03,REC-00481,delivery_order,ADDRESS,"Flat 3C, Pearl Residencia, Gulistan-e-Jauhar Block 15, Multan",55,116,planted,REDACT,addr_flat
REC-00481-E04,REC-00481,delivery_order,POSTAL_CODE,80481,119,124,planted,REDACT,postal_after_city
REC-00482-E01,REC-00482,contact_form,PHONE_NUMBER,0311-1068187,51,63,planted,REDACT,phone_local_hyphen
REC-00482-E02,REC-00482,contact_form,PERSON,Faizan Raza,75,86,planted,REDACT,
REC-00482-E03,REC-00482,contact_form,CUSTOMER_ID,UBW-17977,104,113,planted,REDACT,
REC-00482-E04,REC-00482,contact_form,CNIC,6110187670635,119,132,planted,REDACT,cnic_plain
REC-00482-E05,REC-00482,contact_form,EMAIL_ADDRESS,faizanraza@example.org,140,162,planted,REDACT,
REC-00483-E01,REC-00483,subscription_record,CUSTOMER_ID,UBW-51839,6,15,planted,REDACT,
REC-00483-E02,REC-00483,subscription_record,PERSON,Naveed Osmani,18,31,planted,REDACT,
REC-00483-E03,REC-00483,subscription_record,EMAIL_ADDRESS,n.osmani@example.org,48,68,planted,REDACT,
REC-00483-E04,REC-00483,subscription_record,ADDRESS,"Flat 15A, Sky Towers, Clifton Block 5, Faisalabad",71,120,planted,REDACT,addr_flat
REC-00483-E05,REC-00483,subscription_record,POSTAL_CODE,10854,123,128,planted,REDACT,postal_after_city
REC-00484-E01,REC-00484,delivery_note,PERSON,Kinza Waheed,17,29,planted,REDACT,
REC-00484-E02,REC-00484,delivery_note,PERSON,Ehsan Siddiqui,36,50,planted,REDACT,
REC-00484-E03,REC-00484,delivery_note,PHONE_NUMBER,0312-3577178,53,65,planted,REDACT,phone_local_hyphen
REC-00484-E04,REC-00484,delivery_note,ADDRESS,"House No. 328, Shahrah-e-Faisal, Gulshan-e-Iqbal, Faisalabad",68,128,planted,REDACT,addr_house_no_road
REC-00485-E01,REC-00485,customer_service_message,PHONE_NUMBER,0333.9986296,95,107,planted,REDACT,phone_dot_separated;heldout_format
REC-00485-E02,REC-00485,customer_service_message,EMAIL_ADDRESS,omaryaqoob@example.net,116,138,planted,REDACT,
REC-00485-E03,REC-00485,customer_service_message,PERSON,Omar Yaqoob,198,209,planted,REDACT,
REC-00485-E04,REC-00485,customer_service_message,CUSTOMER_ID,UBW-64645,211,220,planted,REDACT,
REC-00486-E01,REC-00486,internal_operational_note,PERSON,Adeel Yaqoob,11,23,planted,REDACT,
REC-00486-E02,REC-00486,internal_operational_note,CUSTOMER_ID,UBW-61582,44,53,planted,REDACT,
REC-00486-E03,REC-00486,internal_operational_note,CNIC,21304 2347640 8,69,84,planted,REDACT,cnic_spaced;heldout_format
REC-00486-E04,REC-00486,internal_operational_note,PHONE_NUMBER,0323-0927904,104,116,planted,REDACT,phone_local_hyphen
REC-00486-E05,REC-00486,internal_operational_note,PERSON,Omar Waheed,120,131,planted,REDACT,
REC-00487-E01,REC-00487,delivery_order,PERSON,Saad Sheikh,23,34,planted,REDACT,
REC-00487-E02,REC-00487,delivery_order,ADDRESS,"Flat 7D, Gulshan Residency, DHA Phase 6, Bahawalpur",68,119,planted,REDACT,addr_flat
REC-00487-E03,REC-00487,delivery_order,PHONE_NUMBER,03235464089,140,151,planted,REDACT,phone_local_plain
REC-00488-E01,REC-00488,contact_form,PERSON,Usman Toor,26,36,planted,REDACT,
REC-00488-E02,REC-00488,contact_form,EMAIL_ADDRESS,usman.toor104@example.org,44,69,planted,REDACT,
REC-00488-E03,REC-00488,contact_form,PHONE_NUMBER,0315 1862787,77,89,planted,REDACT,phone_local_space
REC-00488-E04,REC-00488,contact_form,CNIC,35202-5444970-7,96,111,planted,REDACT,cnic_hyphen
REC-00489-E01,REC-00489,subscription_record,CUSTOMER_ID,UBW-38155,54,63,planted,REDACT,
REC-00489-E02,REC-00489,subscription_record,POSTAL_CODE,68437,77,82,planted,REDACT,postal_labelled
REC-00489-E03,REC-00489,subscription_record,EMAIL_ADDRESS,l.raza@example.org,92,110,planted,REDACT,
REC-00489-E04,REC-00489,subscription_record,PERSON,Luqman Raza,122,133,planted,REDACT,
REC-00489-E05,REC-00489,subscription_record,ADDRESS,"House #892, Street 21, Block F, Shadman, Lahore",151,198,planted,REDACT,addr_house_street_block
REC-00490-E01,REC-00490,delivery_note,PERSON,Uzma Iqbal,17,27,planted,REDACT,
REC-00490-E02,REC-00490,delivery_note,PERSON,Junaid Abbasi,34,47,planted,REDACT,
REC-00490-E03,REC-00490,delivery_note,PHONE_NUMBER,0303 723 0086,50,63,planted,REDACT,phone_local_4_3_4;heldout_format
REC-00490-E04,REC-00490,delivery_note,ADDRESS,"Shop 20, Moon Market, Quetta",66,94,planted,REDACT,addr_shop
REC-00491-E01,REC-00491,customer_service_message,PERSON,Ehsan Kayani,6,18,planted,REDACT,
REC-00491-E02,REC-00491,customer_service_message,EMAIL_ADDRESS,ehsan_kayani911+water@example.net,20,53,planted,REDACT,email_plus
REC-00491-E03,REC-00491,customer_service_message,CUSTOMER_ID,UBW-11119,89,98,planted,REDACT,
REC-00491-E04,REC-00491,customer_service_message,PHONE_NUMBER,+92 323 031 6613,111,127,planted,REDACT,phone_intl_space_split
REC-00491-E05,REC-00491,customer_service_message,PERSON,Ehsan Kayani,252,264,planted,REDACT,repeated_value
REC-00493-E01,REC-00493,delivery_order,PERSON,Hira Baig,25,34,planted,REDACT,
REC-00493-E02,REC-00493,delivery_order,PHONE_NUMBER,+923230825678,41,54,planted,REDACT,phone_intl_plain
REC-00493-E03,REC-00493,delivery_order,ADDRESS,"H. No. 204, Tariq Road, Peshawar",62,94,planted,REDACT,addr_h_no
REC-00493-E04,REC-00493,delivery_order,POSTAL_CODE,59873,97,102,planted,REDACT,postal_after_city
REC-00494-E01,REC-00494,contact_form,PERSON,Palwasha Ansari,12,27,planted,REDACT,
REC-00494-E02,REC-00494,contact_form,EMAIL_ADDRESS,palwashaansari@example.net,46,72,planted,REDACT,
REC-00494-E03,REC-00494,contact_form,PHONE_NUMBER,03057666411,81,92,planted,REDACT,phone_local_plain
REC-00494-E04,REC-00494,contact_form,CNIC,17101-7046664-7,116,131,planted,REDACT,cnic_hyphen;no_context
REC-00495-E01,REC-00495,subscription_record,ADDRESS,"h no 579, st 1, model town, islamabad",64,101,planted,REDACT,addr_abbrev_lower
REC-00495-E02,REC-00495,subscription_record,POSTAL_CODE,77976,104,109,planted,REDACT,postal_after_city
REC-00495-E03,REC-00495,subscription_record,CUSTOMER_ID,UBW-30415,119,128,planted,REDACT,
REC-00495-E04,REC-00495,subscription_record,PERSON,faizan cheema,141,154,planted,REDACT,lowercase_name
REC-00495-E05,REC-00495,subscription_record,EMAIL_ADDRESS,f.cheema@example.org,162,182,planted,REDACT,
REC-00496-E01,REC-00496,delivery_note,PERSON,Fatima Siddiqui,44,59,planted,REDACT,
REC-00496-E02,REC-00496,delivery_note,PERSON,saima lodhi,72,83,planted,REDACT,lowercase_name
REC-00496-E03,REC-00496,delivery_note,ADDRESS,"near the PSO petrol pump, behind Anarkali Bazaar, Lahore",113,169,planted,REDACT,addr_landmark;heldout_format
REC-00496-E04,REC-00496,delivery_note,PHONE_NUMBER,0092-303-7044465,180,196,planted,REDACT,phone_intl00_hyphen
REC-00497-E01,REC-00497,customer_service_message,PERSON,Asif Hashmi,25,36,planted,REDACT,
REC-00497-E02,REC-00497,customer_service_message,EMAIL_ADDRESS,a.hashmi@example.org,47,67,planted,REDACT,
REC-00498-E01,REC-00498,internal_operational_note,PERSON,qasim ahmed,11,22,planted,REDACT,lowercase_name
REC-00498-E02,REC-00498,internal_operational_note,CUSTOMER_ID,UBW-41172,43,52,planted,REDACT,
REC-00498-E03,REC-00498,internal_operational_note,CNIC,21304-3149893-7,74,89,planted,REDACT,cnic_hyphen
REC-00498-E04,REC-00498,internal_operational_note,PHONE_NUMBER,03368066089,109,120,planted,REDACT,phone_local_plain
REC-00498-E05,REC-00498,internal_operational_note,PERSON,Fatima Cheema,124,137,planted,REDACT,
REC-00499-E01,REC-00499,delivery_order,PERSON,Tariq Janjua,23,35,planted,REDACT,
REC-00499-E02,REC-00499,delivery_order,CUSTOMER_ID,UBW-69810,37,46,planted,REDACT,
REC-00499-E03,REC-00499,delivery_order,ADDRESS,"near Green Valley school, behind Anarkali Bazaar, Islamabad",81,140,planted,REDACT,addr_landmark;heldout_format
REC-00499-E04,REC-00499,delivery_order,POSTAL_CODE,81945,141,146,planted,REDACT,postal_after_city
REC-00499-E05,REC-00499,delivery_order,PHONE_NUMBER,+923215658193,167,180,planted,REDACT,phone_intl_plain
REC-00500-E01,REC-00500,contact_form,CNIC,41302-3269510-3,59,74,planted,REDACT,cnic_hyphen
REC-00500-E02,REC-00500,contact_form,PERSON,Mahnoor Iqbal,86,99,planted,REDACT,
REC-00500-E03,REC-00500,contact_form,PHONE_NUMBER,0303 846 7858,109,122,planted,REDACT,phone_local_4_3_4;heldout_format
REC-00500-E04,REC-00500,contact_form,EMAIL_ADDRESS,mahnooriqbal@example.org,139,163,planted,REDACT,
REC-00500-E05,REC-00500,contact_form,CUSTOMER_ID,UBW-99204,172,181,planted,REDACT,
REC-00501-E01,REC-00501,subscription_record,PERSON,Bina Javed Ahmed,0,16,planted,REDACT,three_token_name
REC-00501-E02,REC-00501,subscription_record,CUSTOMER_ID,UBW-41780,84,93,planted,REDACT,
REC-00501-E03,REC-00501,subscription_record,EMAIL_ADDRESS,b.ahmed@example.net,110,129,planted,REDACT,
REC-00501-E04,REC-00501,subscription_record,ADDRESS,"House #144, Street 10, Block H, Faisal Town, Peshawar",156,209,planted,REDACT,addr_house_street_block
REC-00501-E05,REC-00501,subscription_record,POSTAL_CODE,31004,223,228,planted,REDACT,postal_labelled
REC-00502-E01,REC-00502,delivery_note,PERSON,Tahira Toor,7,18,planted,REDACT,
REC-00502-E02,REC-00502,delivery_note,PERSON,Noreen Khan,41,52,planted,REDACT,
REC-00502-E03,REC-00502,delivery_note,ADDRESS,"Flat 17A, Askari Tower 2, Gulistan-e-Jauhar Block 15, Hyderabad",56,119,planted,REDACT,addr_flat
REC-00502-E04,REC-00502,delivery_note,PHONE_NUMBER,03210180674,137,148,planted,REDACT,phone_local_plain
REC-00503-E01,REC-00503,customer_service_message,PHONE_NUMBER,0092-305-7827002,105,121,planted,REDACT,phone_intl00_hyphen
REC-00503-E02,REC-00503,customer_service_message,EMAIL_ADDRESS,a.kayani@example.com,130,150,planted,REDACT,
REC-00503-E03,REC-00503,customer_service_message,PERSON,Alia Kayani,210,221,planted,REDACT,
REC-00503-E04,REC-00503,customer_service_message,CUSTOMER_ID,UBW-65824,223,232,planted,REDACT,
REC-00504-E01,REC-00504,internal_operational_note,PERSON,Zahida Bukhari,10,24,planted,REDACT,
REC-00504-E02,REC-00504,internal_operational_note,CUSTOMER_ID,UBW-74819,45,54,planted,REDACT,
REC-00504-E03,REC-00504,internal_operational_note,CNIC,3310146282575,76,89,planted,REDACT,cnic_plain
REC-00504-E04,REC-00504,internal_operational_note,PHONE_NUMBER,0330.0950471,109,121,planted,REDACT,phone_dot_separated;heldout_format
REC-00504-E05,REC-00504,internal_operational_note,PERSON,Kiran Ghani,125,136,planted,REDACT,
REC-00505-E01,REC-00505,delivery_order,CUSTOMER_ID,UBW-59259,68,77,planted,REDACT,
REC-00505-E02,REC-00505,delivery_order,PERSON,Farhat Javed Ghani,93,111,planted,REDACT,three_token_name
REC-00505-E03,REC-00505,delivery_order,PHONE_NUMBER,03333714276,120,131,planted,REDACT,phone_local_plain
REC-00505-E04,REC-00505,delivery_order,POSTAL_CODE,84136,144,149,planted,REDACT,postal_labelled
REC-00505-E05,REC-00505,delivery_order,ADDRESS,"Flat 4D, Pearl Residencia, Gulistan-e-Jauhar Block 15, Gujranwala",162,227,planted,REDACT,addr_flat
REC-00506-E01,REC-00506,contact_form,PHONE_NUMBER,0333-1490982,51,63,planted,REDACT,phone_local_hyphen
REC-00506-E02,REC-00506,contact_form,CNIC,52101-9030080-4,77,92,planted,REDACT,cnic_hyphen
REC-00506-E03,REC-00506,contact_form,PERSON,Mahnoor Sheikh,101,115,planted,REDACT,
REC-00506-E04,REC-00506,contact_form,EMAIL_ADDRESS,m.sheikh@example.org,126,146,planted,REDACT,
REC-00507-E01,REC-00507,subscription_record,ADDRESS,"House #835, Street 19, Block K, Cantt, Bahawalpur",63,112,planted,REDACT,addr_house_street_block
REC-00507-E02,REC-00507,subscription_record,POSTAL_CODE,20775,113,118,planted,REDACT,postal_after_city
REC-00507-E03,REC-00507,subscription_record,PERSON,Junaid Dogar,131,143,planted,REDACT,
REC-00507-E04,REC-00507,subscription_record,CUSTOMER_ID,UBW-52445,180,189,planted,REDACT,
REC-00507-E05,REC-00507,subscription_record,EMAIL_ADDRESS,j.dogar@example.com,207,226,planted,REDACT,
REC-00508-E01,REC-00508,delivery_note,PERSON,Ghulam Sheikh,27,40,planted,REDACT,
REC-00508-E02,REC-00508,delivery_note,ADDRESS,"Flat 5C, Askari Tower 2, Bahria Town Phase 4, Lahore",51,103,planted,REDACT,addr_flat
REC-00508-E03,REC-00508,delivery_note,PERSON,Waqar Cheema,129,141,planted,REDACT,
REC-00508-E04,REC-00508,delivery_note,PHONE_NUMBER,0092 312 5371304,153,169,planted,REDACT,phone_intl00_space
REC-00509-E01,REC-00509,customer_service_message,PERSON,NAVEED HASSAN KHAN,25,43,planted,REDACT,three_token_name;uppercase_name
REC-00509-E02,REC-00509,customer_service_message,EMAIL_ADDRESS,N.KHAN@EXAMPLE.NET,54,72,planted,REDACT,uppercase_email
REC-00509-E03,REC-00509,customer_service_message,PHONE_NUMBER,+92 330 223 7355,75,91,planted,REDACT,phone_intl_space_split
REC-00510-E01,REC-00510,internal_operational_note,PERSON,Jawad Khan,11,21,planted,REDACT,
REC-00510-E02,REC-00510,internal_operational_note,CUSTOMER_ID,UBW-86922,42,51,planted,REDACT,
REC-00510-E03,REC-00510,internal_operational_note,CNIC,2130498557362,65,78,planted,REDACT,cnic_plain
REC-00510-E04,REC-00510,internal_operational_note,PHONE_NUMBER,0340-0888704,98,110,planted,REDACT,phone_local_hyphen
REC-00510-E05,REC-00510,internal_operational_note,PERSON,Tahira Abbasi,114,127,planted,REDACT,
REC-00511-E01,REC-00511,delivery_order,PERSON,Jawad Lodhi,23,34,planted,REDACT,
REC-00511-E02,REC-00511,delivery_order,CUSTOMER_ID,UBW-62894,36,45,planted,REDACT,
REC-00511-E03,REC-00511,delivery_order,ADDRESS,"House #747, Street 8, Block F, Johar Town, Quetta",80,129,planted,REDACT,addr_house_street_block
REC-00511-E04,REC-00511,delivery_order,POSTAL_CODE,22341,131,136,planted,REDACT,postal_after_city
REC-00511-E05,REC-00511,delivery_order,PHONE_NUMBER,+92 310 304 0670,143,159,planted,REDACT,phone_intl_space_split
REC-00512-E01,REC-00512,contact_form,PHONE_NUMBER,+92 303 569 9558,61,77,planted,REDACT,phone_intl_space_split
REC-00512-E02,REC-00512,contact_form,CNIC,35202-8789034-5,103,118,planted,REDACT,cnic_hyphen
REC-00512-E03,REC-00512,contact_form,PERSON,Shahid Hussain,131,145,planted,REDACT,
REC-00512-E04,REC-00512,contact_form,EMAIL_ADDRESS,shahidhussain@example.com,154,179,planted,REDACT,
REC-00513-E01,REC-00513,subscription_record,PERSON,Luqman Baig,0,11,planted,REDACT,
REC-00513-E02,REC-00513,subscription_record,CUSTOMER_ID,UBW-75228,79,88,planted,REDACT,
REC-00513-E03,REC-00513,subscription_record,EMAIL_ADDRESS,luqman.baig827@example.org,107,133,planted,REDACT,
REC-00514-E01,REC-00514,delivery_note,PERSON,Usman Bukhari,25,38,planted,REDACT,
REC-00514-E02,REC-00514,delivery_note,PERSON,LUQMAN IQBAL,47,59,planted,REDACT,uppercase_name
REC-00514-E03,REC-00514,delivery_note,PHONE_NUMBER,+92 323 0697770,68,83,planted,REDACT,phone_intl_space
REC-00514-E04,REC-00514,delivery_note,ADDRESS,"House No. 831, Allama Iqbal Road, Saddar, Quetta",95,143,planted,REDACT,addr_house_no_road
REC-00515-E01,REC-00515,customer_service_message,PERSON,SAIMA CHAUDHRY,25,39,planted,REDACT,uppercase_name;unicode_context
REC-00515-E02,REC-00515,customer_service_message,EMAIL_ADDRESS,saimachaudhry@example.com,50,75,planted,REDACT,unicode_context
REC-00517-E01,REC-00517,delivery_order,PERSON,Omar Raza,32,41,planted,REDACT,
REC-00517-E02,REC-00517,delivery_order,CUSTOMER_ID,UBW-45732,43,52,planted,REDACT,
REC-00517-E03,REC-00517,delivery_order,ADDRESS,"Plot 318, Sector F-7/3, Islamabad",87,120,planted,REDACT,addr_plot_sector
REC-00517-E04,REC-00517,delivery_order,PHONE_NUMBER,0092 345 9572068,134,150,planted,REDACT,phone_intl00_space
REC-00518-E01,REC-00518,contact_form,PERSON,Mehwish Bano Dogar,24,42,planted,REDACT,three_token_name
REC-00518-E02,REC-00518,contact_form,EMAIL_ADDRESS,mehwishdogar@example.com,61,85,planted,REDACT,
REC-00518-E03,REC-00518,contact_form,PHONE_NUMBER,+92-303-3076246,103,118,planted,REDACT,phone_intl_hyphen
REC-00518-E04,REC-00518,contact_form,CNIC,61101-4303341-7,143,158,planted,REDACT,cnic_hyphen
REC-00519-E01,REC-00519,subscription_record,CUSTOMER_ID,UBW-90651,6,15,planted,REDACT,
REC-00519-E02,REC-00519,subscription_record,PERSON,Uzma Malik,18,28,planted,REDACT,
REC-00519-E03,REC-00519,subscription_record,EMAIL_ADDRESS,uzma.malik481@example.com,61,86,planted,REDACT,
REC-00519-E04,REC-00519,subscription_record,ADDRESS,"h no 86, st 5, dha phase 5, islamabad",89,126,planted,REDACT,addr_abbrev_lower
REC-00519-E05,REC-00519,subscription_record,POSTAL_CODE,67140,127,132,planted,REDACT,postal_after_city
REC-00520-E01,REC-00520,delivery_note,PERSON,Rizwan Niazi,17,29,planted,REDACT,
REC-00520-E02,REC-00520,delivery_note,PERSON,Fatima Ahmed Abbasi,36,55,planted,REDACT,three_token_name
REC-00520-E03,REC-00520,delivery_note,PHONE_NUMBER,0310.5873992,58,70,planted,REDACT,phone_dot_separated;heldout_format
REC-00520-E04,REC-00520,delivery_note,ADDRESS,"H. No. 58, Mall Road, Gujranwala",73,105,planted,REDACT,addr_h_no
REC-00521-E01,REC-00521,customer_service_message,PERSON,Tahira Mirza,25,37,planted,REDACT,unicode_context
REC-00521-E02,REC-00521,customer_service_message,EMAIL_ADDRESS,tahira_mirza26@example.com,48,74,planted,REDACT,unicode_context
REC-00521-E03,REC-00521,customer_service_message,PHONE_NUMBER,+92 315 934 2445,77,93,planted,REDACT,phone_intl_space_split;unicode_context
REC-00522-E01,REC-00522,internal_operational_note,PERSON,Alia Lodhi,65,75,planted,REDACT,
REC-00522-E02,REC-00522,internal_operational_note,PHONE_NUMBER,+92 323 9511922,96,111,planted,REDACT,phone_intl_space
REC-00522-E03,REC-00522,internal_operational_note,CUSTOMER_ID,UBW-10773,131,140,planted,REDACT,
REC-00523-E01,REC-00523,delivery_order,PERSON,Omar Usmani,17,28,planted,REDACT,
REC-00523-E02,REC-00523,delivery_order,PHONE_NUMBER,0313.2689667,34,46,planted,REDACT,phone_dot_separated;heldout_format
REC-00523-E03,REC-00523,delivery_order,ADDRESS,"House No. 443, University Road, Model Town, Karachi",54,105,planted,REDACT,addr_house_no_road
REC-00524-E01,REC-00524,contact_form,PERSON,Jawad Kayani,18,30,planted,REDACT,
REC-00524-E02,REC-00524,contact_form,EMAIL_ADDRESS,jawad_kayani475@example.org,44,71,planted,REDACT,
REC-00524-E03,REC-00524,contact_form,PHONE_NUMBER,0334-3454681,79,91,planted,REDACT,phone_local_hyphen
REC-00524-E04,REC-00524,contact_form,CNIC,38401-9535944-4,120,135,planted,REDACT,cnic_hyphen
REC-00525-E01,REC-00525,subscription_record,PERSON,Naveed Hashmi,0,13,planted,REDACT,
REC-00525-E02,REC-00525,subscription_record,CUSTOMER_ID,UBW-13124,69,78,planted,REDACT,
REC-00525-E03,REC-00525,subscription_record,EMAIL_ADDRESS,naveed_hashmi53@example.org,97,124,planted,REDACT,
REC-00525-E04,REC-00525,subscription_record,ADDRESS,"House #960, Street 34, Block G, Model Town, Peshawar",151,203,planted,REDACT,addr_house_street_block
REC-00526-E01,REC-00526,delivery_note,PERSON,Faizan Dogar,7,19,planted,REDACT,
REC-00526-E02,REC-00526,delivery_note,PERSON,Omar Gillani,41,53,planted,REDACT,
REC-00526-E03,REC-00526,delivery_note,ADDRESS,"Flat 2A, Al-Noor Heights, DHA Phase 6, Sialkot",57,103,planted,REDACT,addr_flat
REC-00526-E04,REC-00526,delivery_note,PHONE_NUMBER,+923335305200,121,134,planted,REDACT,phone_intl_plain
REC-00527-E01,REC-00527,customer_service_message,PERSON,Rabia Khan,6,16,planted,REDACT,
REC-00527-E02,REC-00527,customer_service_message,EMAIL_ADDRESS,rabia.khan372@example.org,18,43,planted,REDACT,
REC-00527-E03,REC-00527,customer_service_message,CUSTOMER_ID,UBW-32966,74,83,planted,REDACT,
REC-00527-E04,REC-00527,customer_service_message,PHONE_NUMBER,+92-333-5681113,91,106,planted,REDACT,phone_intl_hyphen
REC-00527-E05,REC-00527,customer_service_message,PERSON,Rabia Khan,236,246,planted,REDACT,repeated_value
REC-00528-E01,REC-00528,internal_operational_note,PERSON,Zara Raza,64,73,planted,REDACT,
REC-00528-E02,REC-00528,internal_operational_note,CUSTOMER_ID,UBW-59931,92,101,planted,REDACT,
REC-00529-E01,REC-00529,delivery_order,ADDRESS,"House #428, Street 11, Block F, Faisal Town, Sialkot",80,132,planted,REDACT,addr_house_street_block
REC-00529-E02,REC-00529,delivery_order,POSTAL_CODE,43123,133,138,planted,REDACT,postal_after_city
REC-00529-E03,REC-00529,delivery_order,CUSTOMER_ID,UBW-35168,146,155,planted,REDACT,
REC-00529-E04,REC-00529,delivery_order,PHONE_NUMBER,+92-322-8300525,160,175,planted,REDACT,phone_intl_hyphen
REC-00529-E05,REC-00529,delivery_order,PERSON,Burhan Yaqoob,188,201,planted,REDACT,
REC-00530-E01,REC-00530,contact_form,PHONE_NUMBER,0092 303 5345454,50,66,planted,REDACT,phone_intl00_space
REC-00530-E02,REC-00530,contact_form,EMAIL_ADDRESS,ehsanjaved@example.com,74,96,planted,REDACT,
REC-00530-E03,REC-00530,contact_form,PERSON,Ehsan Javed,109,120,planted,REDACT,
REC-00531-E01,REC-00531,subscription_record,ADDRESS,"House #726, Street 32, Block K, Saddar, Rawalpindi",64,114,planted,REDACT,addr_house_street_block
REC-00531-E02,REC-00531,subscription_record,EMAIL_ADDRESS,shahid.ghani735@example.org,130,157,planted,REDACT,
REC-00531-E03,REC-00531,subscription_record,PERSON,Shahid Javed Ghani,171,189,planted,REDACT,three_token_name
REC-00531-E04,REC-00531,subscription_record,POSTAL_CODE,34387,223,228,planted,REDACT,postal_labelled
REC-00531-E05,REC-00531,subscription_record,CUSTOMER_ID,UBW-71500,241,250,planted,REDACT,
REC-00532-E01,REC-00532,delivery_note,PERSON,Parveen Bano Farooqi,17,37,planted,REDACT,three_token_name
REC-00532-E02,REC-00532,delivery_note,PERSON,Noreen Durrani,44,58,planted,REDACT,
REC-00532-E03,REC-00532,delivery_note,PHONE_NUMBER,0331-0201308,61,73,planted,REDACT,phone_local_hyphen
REC-00532-E04,REC-00532,delivery_note,ADDRESS,"near Green Valley school, behind Hyderi Market, Gujranwala",76,134,planted,REDACT,addr_landmark;heldout_format
REC-00533-E01,REC-00533,customer_service_message,PHONE_NUMBER,0311 382 7078,103,116,planted,REDACT,phone_local_4_3_4;heldout_format
REC-00533-E02,REC-00533,customer_service_message,EMAIL_ADDRESS,noreen_yaqoob380@example.org,125,153,planted,REDACT,
REC-00533-E03,REC-00533,customer_service_message,PERSON,Noreen Yaqoob,213,226,planted,REDACT,
REC-00533-E04,REC-00533,customer_service_message,CUSTOMER_ID,UBW-86969,228,237,planted,REDACT,
REC-00534-E01,REC-00534,internal_operational_note,PERSON,Hira Gillani,11,23,planted,REDACT,
REC-00534-E02,REC-00534,internal_operational_note,CUSTOMER_ID,UBW-51513,44,53,planted,REDACT,
REC-00534-E03,REC-00534,internal_operational_note,CNIC,17101-2898766-3,69,84,planted,REDACT,cnic_hyphen
REC-00534-E04,REC-00534,internal_operational_note,PHONE_NUMBER,0092-306-6701126,104,120,planted,REDACT,phone_intl00_hyphen
REC-00534-E05,REC-00534,internal_operational_note,PERSON,Mahnoor Kayani,124,138,planted,REDACT,
REC-00535-E01,REC-00535,delivery_order,PERSON,Imran Leghari,23,36,planted,REDACT,
REC-00535-E02,REC-00535,delivery_order,ADDRESS,"House No. 285, Tariq Road, DHA Phase 5, Hyderabad",70,119,planted,REDACT,addr_house_no_road
REC-00535-E03,REC-00535,delivery_order,POSTAL_CODE,73771,120,125,planted,REDACT,postal_after_city
REC-00535-E04,REC-00535,delivery_order,PHONE_NUMBER,0323-2656107,132,144,planted,REDACT,phone_local_hyphen
REC-00536-E01,REC-00536,contact_form,PERSON,Shahid Leghari,18,32,planted,REDACT,
REC-00536-E02,REC-00536,contact_form,EMAIL_ADDRESS,SHAHID_LEGHARI823@EXAMPLE.ORG,46,75,planted,REDACT,uppercase_email
REC-00536-E03,REC-00536,contact_form,PHONE_NUMBER,03105680438,83,94,planted,REDACT,phone_local_plain
REC-00537-E01,REC-00537,subscription_record,PERSON,GHULAM ABBASI,0,13,planted,REDACT,uppercase_name
REC-00537-E02,REC-00537,subscription_record,CUSTOMER_ID,UBW-82744,79,88,planted,REDACT,
REC-00537-E03,REC-00537,subscription_record,EMAIL_ADDRESS,ghulam_abbasi379@example.com,107,135,planted,REDACT,
REC-00537-E04,REC-00537,subscription_record,ADDRESS,"Plot 650, Sector G-11/1, Islamabad",162,196,planted,REDACT,addr_plot_sector
REC-00538-E01,REC-00538,delivery_note,PERSON,Waqar Leghari,25,38,planted,REDACT,
REC-00538-E02,REC-00538,delivery_note,ADDRESS,"Flat 16D, Pearl Residencia, Askari 11, Lahore",82,127,planted,REDACT,addr_flat
REC-00538-E03,REC-00538,delivery_note,PERSON,Shahid Raza,138,149,planted,REDACT,
REC-00538-E04,REC-00538,delivery_note,PHONE_NUMBER,0092-323-2488991,160,176,planted,REDACT,phone_intl00_hyphen
REC-00539-E01,REC-00539,customer_service_message,PERSON,Asif Durrani,25,37,planted,REDACT,unicode_context
REC-00539-E02,REC-00539,customer_service_message,EMAIL_ADDRESS,a.durrani@example.org,48,69,planted,REDACT,unicode_context
REC-00539-E03,REC-00539,customer_service_message,PHONE_NUMBER,0092-315-4378650,72,88,planted,REDACT,phone_intl00_hyphen;unicode_context
REC-00541-E01,REC-00541,delivery_order,PERSON,Dania Chaudhry,79,93,planted,REDACT,
REC-00541-E02,REC-00541,delivery_order,PHONE_NUMBER,+923018585041,97,110,planted,REDACT,phone_intl_plain
REC-00541-E03,REC-00541,delivery_order,ADDRESS,"House #731, Street 9, Block H, Johar Town, Bahawalpur",128,181,planted,REDACT,addr_house_street_block
REC-00541-E04,REC-00541,delivery_order,POSTAL_CODE,18899,184,189,planted,REDACT,postal_after_city
REC-00541-E05,REC-00541,delivery_order,CUSTOMER_ID,UBW-28338,203,212,planted,REDACT,
REC-00542-E01,REC-00542,contact_form,PERSON,Tahira Ahmed Leghari,24,44,planted,REDACT,three_token_name
REC-00542-E02,REC-00542,contact_form,EMAIL_ADDRESS,tahiraleghari@example.net,58,83,planted,REDACT,
REC-00542-E03,REC-00542,contact_form,PHONE_NUMBER,0341 6640569,101,113,planted,REDACT,phone_local_space
REC-00542-E04,REC-00542,contact_form,CNIC,33101-8258203-1,138,153,planted,REDACT,cnic_hyphen
REC-00543-E01,REC-00543,subscription_record,ADDRESS,"House #938, Street 40, Block E, Bahria Town, Karachi",64,116,planted,REDACT,addr_house_street_block
REC-00543-E02,REC-00543,subscription_record,CUSTOMER_ID,UBW-59060,129,138,planted,REDACT,
REC-00543-E03,REC-00543,subscription_record,POSTAL_CODE,82910,153,158,planted,REDACT,postal_labelled
REC-00543-E04,REC-00543,subscription_record,PERSON,PALWASHA AHMED,170,184,planted,REDACT,uppercase_name
REC-00543-E05,REC-00543,subscription_record,EMAIL_ADDRESS,p.ahmed@example.com,192,211,planted,REDACT,
REC-00544-E01,REC-00544,delivery_note,PERSON,Ghulam Javed Kayani,7,26,planted,REDACT,three_token_name
REC-00544-E02,REC-00544,delivery_note,PERSON,Wasim Pervez,49,61,planted,REDACT,
REC-00544-E03,REC-00544,delivery_note,ADDRESS,"House #398, Street 21, Block H, North Nazimabad, Bahawalpur",65,124,planted,REDACT,addr_house_street_block
REC-00544-E04,REC-00544,delivery_note,PHONE_NUMBER,03105602449,134,145,planted,REDACT,phone_local_plain
REC-00545-E01,REC-00545,customer_service_message,PHONE_NUMBER,0092 315 7466878,90,106,planted,REDACT,phone_intl00_space;unicode_context
REC-00545-E02,REC-00545,customer_service_message,EMAIL_ADDRESS,usman.farooqi635@example.com,115,143,planted,REDACT,unicode_context
REC-00545-E03,REC-00545,customer_service_message,PERSON,Usman Farooqi,203,216,planted,REDACT,unicode_context
REC-00545-E04,REC-00545,customer_service_message,CUSTOMER_ID,UBW-59993,218,227,planted,REDACT,unicode_context
REC-00546-E01,REC-00546,internal_operational_note,PERSON,Ghulam Farooqi,65,79,planted,REDACT,
REC-00546-E02,REC-00546,internal_operational_note,CUSTOMER_ID,UBW-44435,101,110,planted,REDACT,
REC-00546-E03,REC-00546,internal_operational_note,CNIC,4210179944243,124,137,planted,REDACT,cnic_plain
REC-00547-E01,REC-00547,delivery_order,PERSON,qasim ahmed,74,85,planted,REDACT,lowercase_name
REC-00547-E02,REC-00547,delivery_order,CUSTOMER_ID,UBW-97981,99,108,planted,REDACT,
REC-00547-E03,REC-00547,delivery_order,PHONE_NUMBER,0313-4723937,118,130,planted,REDACT,phone_local_hyphen
REC-00547-E04,REC-00547,delivery_order,ADDRESS,"Plot 822, Sector I-8/4, Islamabad",150,183,planted,REDACT,addr_plot_sector
REC-00547-E05,REC-00547,delivery_order,POSTAL_CODE,13199,184,189,planted,REDACT,postal_after_city
REC-00548-E01,REC-00548,contact_form,PERSON,Hamza Malik,26,37,planted,REDACT,
REC-00548-E02,REC-00548,contact_form,EMAIL_ADDRESS,hamza_malik89@example.com,45,70,planted,REDACT,
REC-00548-E03,REC-00548,contact_form,PHONE_NUMBER,0331 7562644,78,90,planted,REDACT,phone_local_space
REC-00548-E04,REC-00548,contact_form,CNIC,6110107173226,97,110,planted,REDACT,cnic_plain
REC-00549-E01,REC-00549,subscription_record,PERSON,Adeel Lodhi,0,11,planted,REDACT,
REC-00549-E02,REC-00549,subscription_record,CUSTOMER_ID,ubw-85427,62,71,planted,REDACT,custid_lowercase
REC-00549-E03,REC-00549,subscription_record,EMAIL_ADDRESS,adeellodhi@example.com,90,112,planted,REDACT,
REC-00550-E01,REC-00550,delivery_note,PERSON,Ehsan Malik,17,28,planted,REDACT,
REC-00550-E02,REC-00550,delivery_note,PERSON,Ghulam Tarar,35,47,planted,REDACT,
REC-00550-E03,REC-00550,delivery_note,PHONE_NUMBER,+92-312-9680779,50,65,planted,REDACT,phone_intl_hyphen
REC-00550-E04,REC-00550,delivery_note,ADDRESS,"House No. 705, Canal Road, DHA Phase 5, Peshawar",68,116,planted,REDACT,addr_house_no_road
REC-00551-E01,REC-00551,customer_service_message,PERSON,Rizwan Hashmi,6,19,planted,REDACT,
REC-00551-E02,REC-00551,customer_service_message,EMAIL_ADDRESS,r.hashmi@example.org,21,41,planted,REDACT,
REC-00551-E03,REC-00551,customer_service_message,CUSTOMER_ID,ubw-13080,78,87,planted,REDACT,custid_lowercase
REC-00551-E04,REC-00551,customer_service_message,PHONE_NUMBER,+92 305 3204558,95,110,planted,REDACT,phone_intl_space
REC-00551-E05,REC-00551,customer_service_message,PERSON,Rizwan Hashmi,245,258,planted,REDACT,repeated_value
REC-00552-E01,REC-00552,internal_operational_note,PERSON,Bina Hussain,10,22,planted,REDACT,
REC-00552-E02,REC-00552,internal_operational_note,CUSTOMER_ID,UBW-93259,43,52,planted,REDACT,
REC-00552-E03,REC-00552,internal_operational_note,CNIC,21304-0520770-5,68,83,planted,REDACT,cnic_hyphen
REC-00552-E04,REC-00552,internal_operational_note,PHONE_NUMBER,0333-0528784,103,115,planted,REDACT,phone_local_hyphen
REC-00552-E05,REC-00552,internal_operational_note,PERSON,Zahida Waheed,119,132,planted,REDACT,
REC-00553-E01,REC-00553,delivery_order,PERSON,Kinza Ansari,17,29,planted,REDACT,
REC-00553-E02,REC-00553,delivery_order,PHONE_NUMBER,0323 064 8801,35,48,planted,REDACT,phone_local_4_3_4;heldout_format
REC-00553-E03,REC-00553,delivery_order,ADDRESS,"near Green Valley school, behind Hyderi Market, Lahore",56,110,planted,REDACT,addr_landmark;heldout_format
REC-00554-E01,REC-00554,contact_form,PERSON,Fatima Yaqoob,26,39,planted,REDACT,
REC-00554-E02,REC-00554,contact_form,EMAIL_ADDRESS,FATIMA_YAQOOB222@EXAMPLE.COM,47,75,planted,REDACT,uppercase_email
REC-00554-E03,REC-00554,contact_form,PHONE_NUMBER,0345-0473717,83,95,planted,REDACT,phone_local_hyphen
REC-00555-E01,REC-00555,subscription_record,ADDRESS,"House #340, Street 28, Block B, Wapda Town, Sialkot",64,115,planted,REDACT,addr_house_street_block
REC-00555-E02,REC-00555,subscription_record,EMAIL_ADDRESS,faizan_durrani179@example.org,122,151,planted,REDACT,
REC-00555-E03,REC-00555,subscription_record,POSTAL_CODE,30289,165,170,planted,REDACT,postal_labelled
REC-00555-E04,REC-00555,subscription_record,CUSTOMER_ID,UBW-20069,181,190,planted,REDACT,
REC-00555-E05,REC-00555,subscription_record,PERSON,Faizan Durrani,226,240,planted,REDACT,
REC-00556-E01,REC-00556,delivery_note,PERSON,Jawad Bano Leghari,25,43,planted,REDACT,three_token_name
REC-00556-E02,REC-00556,delivery_note,PHONE_NUMBER,+923336733149,96,109,planted,REDACT,phone_intl_plain
REC-00556-E03,REC-00556,delivery_note,ADDRESS,"H. No. 929, Ferozepur Road, Rawalpindi",122,160,planted,REDACT,addr_h_no
REC-00556-E04,REC-00556,delivery_note,PERSON,Kinza Hassan Farooqi,173,193,planted,REDACT,three_token_name
REC-00557-E01,REC-00557,customer_service_message,PERSON,Yusra Ahmed Rajput,25,43,planted,REDACT,three_token_name
REC-00557-E02,REC-00557,customer_service_message,EMAIL_ADDRESS,yusrarajput@example.com,54,77,planted,REDACT,
REC-00557-E03,REC-00557,customer_service_message,PHONE_NUMBER,+92 333 3592379,80,95,planted,REDACT,phone_intl_space
REC-00558-E01,REC-00558,internal_operational_note,PERSON,Iqra Leghari,11,23,planted,REDACT,
REC-00558-E02,REC-00558,internal_operational_note,CUSTOMER_ID,UBW-84207,44,53,planted,REDACT,
REC-00558-E03,REC-00558,internal_operational_note,CNIC,3310168181171,73,86,planted,REDACT,cnic_plain;no_context
REC-00558-E04,REC-00558,internal_operational_note,PHONE_NUMBER,+92 330 606 8696,123,139,planted,REDACT,phone_intl_space_split
REC-00558-E05,REC-00558,internal_operational_note,PERSON,Sana Javed,143,153,planted,REDACT,
REC-00559-E01,REC-00559,delivery_order,PERSON,Imran Baig,17,27,planted,REDACT,
REC-00559-E02,REC-00559,delivery_order,PHONE_NUMBER,0331 3770193,34,46,planted,REDACT,phone_local_space
REC-00559-E03,REC-00559,delivery_order,ADDRESS,"Plot 491, Sector F-10/2, Islamabad",54,88,planted,REDACT,addr_plot_sector
REC-00560-E01,REC-00560,contact_form,PERSON,Zahida Baig,24,35,planted,REDACT,
REC-00560-E02,REC-00560,contact_form,EMAIL_ADDRESS,zahidabaig@example.org,49,71,planted,REDACT,
REC-00560-E03,REC-00560,contact_form,PHONE_NUMBER,03415729127,80,91,planted,REDACT,phone_local_plain
REC-00560-E04,REC-00560,contact_form,CNIC,41302-5487622-5,116,131,planted,REDACT,cnic_hyphen
REC-00561-E01,REC-00561,subscription_record,PERSON,Ehsan Ghani,0,11,planted,REDACT,
REC-00561-E02,REC-00561,subscription_record,CUSTOMER_ID,UBW-50153,77,86,planted,REDACT,
REC-00561-E03,REC-00561,subscription_record,EMAIL_ADDRESS,ehsan.ghani258@example.org,105,131,planted,REDACT,
REC-00561-E04,REC-00561,subscription_record,ADDRESS,"Flat 11B, Pearl Residencia, Bahria Town Phase 4, Rawalpindi",158,217,planted,REDACT,addr_flat
REC-00562-E01,REC-00562,delivery_note,PERSON,Rabia Javed,7,18,planted,REDACT,
REC-00562-E02,REC-00562,delivery_note,PERSON,Rabia Bukhari,41,54,planted,REDACT,
REC-00562-E03,REC-00562,delivery_note,ADDRESS,"Flat 10B, Sky Towers, Gulistan-e-Jauhar Block 15, Lahore",58,114,planted,REDACT,addr_flat
REC-00562-E04,REC-00562,delivery_note,PHONE_NUMBER,03319760129,132,143,planted,REDACT,phone_local_plain
REC-00563-E01,REC-00563,customer_service_message,PHONE_NUMBER,0335.6594804,88,100,planted,REDACT,phone_dot_separated;heldout_format
REC-00563-E02,REC-00563,customer_service_message,EMAIL_ADDRESS,s.toor@example.com,109,127,planted,REDACT,
REC-00563-E03,REC-00563,customer_service_message,PERSON,Shahid Toor,187,198,planted,REDACT,
REC-00563-E04,REC-00563,customer_service_message,CUSTOMER_ID,UBW-10428,200,209,planted,REDACT,
REC-00564-E01,REC-00564,internal_operational_note,PERSON,Hassan Hussain,10,24,planted,REDACT,
REC-00564-E02,REC-00564,internal_operational_note,CUSTOMER_ID,UBW-24166,45,54,planted,REDACT,
REC-00564-E03,REC-00564,internal_operational_note,CNIC,21304-0914394-1,68,83,planted,REDACT,cnic_hyphen
REC-00564-E04,REC-00564,internal_operational_note,PHONE_NUMBER,0305 2344236,103,115,planted,REDACT,phone_local_space
REC-00564-E05,REC-00564,internal_operational_note,PERSON,Zara Osmani,119,130,planted,REDACT,
REC-00565-E01,REC-00565,delivery_order,CUSTOMER_ID,UBW-91836,79,88,planted,REDACT,
REC-00565-E02,REC-00565,delivery_order,POSTAL_CODE,54250,99,104,planted,REDACT,postal_labelled
REC-00565-E03,REC-00565,delivery_order,PERSON,Zara Javed,118,128,planted,REDACT,
REC-00565-E04,REC-00565,delivery_order,PHONE_NUMBER,+923110670038,139,152,planted,REDACT,phone_intl_plain
REC-00565-E05,REC-00565,delivery_order,ADDRESS,"h no 62, st 1, johar town, sialkot",161,195,planted,REDACT,addr_abbrev_lower
REC-00566-E01,REC-00566,contact_form,PHONE_NUMBER,0331 7424380,50,62,planted,REDACT,phone_local_space
REC-00566-E02,REC-00566,contact_form,EMAIL_ADDRESS,kiran_ahmed457@example.com,69,95,planted,REDACT,
REC-00566-E03,REC-00566,contact_form,PERSON,Kiran Ahmed,101,112,planted,REDACT,
REC-00566-E04,REC-00566,contact_form,CNIC,17101-6378070-1,123,138,planted,REDACT,cnic_hyphen
REC-00567-E01,REC-00567,subscription_record,CUSTOMER_ID,UBW-67325,6,15,planted,REDACT,
REC-00567-E02,REC-00567,subscription_record,PERSON,Mehwish Farooqi,18,33,planted,REDACT,
REC-00567-E03,REC-00567,subscription_record,EMAIL_ADDRESS,MEHWISH_FAROOQI586@EXAMPLE.ORG,66,96,planted,REDACT,uppercase_email
REC-00567-E04,REC-00567,subscription_record,ADDRESS,"H. No. 932, Mall Road, Quetta",99,128,planted,REDACT,addr_h_no
REC-00567-E05,REC-00567,subscription_record,POSTAL_CODE,21725,130,135,planted,REDACT,postal_after_city
REC-00568-E01,REC-00568,delivery_note,PERSON,Parveen Lodhi,23,36,planted,REDACT,
REC-00568-E02,REC-00568,delivery_note,ADDRESS,"Shop 21, Liberty Market, Lahore",63,94,planted,REDACT,addr_shop
REC-00568-E03,REC-00568,delivery_note,PHONE_NUMBER,0322.0804946,122,134,planted,REDACT,phone_dot_separated;heldout_format
REC-00568-E04,REC-00568,delivery_note,PERSON,Saima Rajput,146,158,planted,REDACT,
REC-00569-E01,REC-00569,customer_service_message,PHONE_NUMBER,0310 2562193,71,83,planted,REDACT,phone_local_space
REC-00569-E02,REC-00569,customer_service_message,EMAIL_ADDRESS,zahidafarooqi@example.org,92,117,planted,REDACT,
REC-00569-E03,REC-00569,customer_service_message,PERSON,Zahida Ali Farooqi,177,195,planted,REDACT,three_token_name
REC-00569-E04,REC-00569,customer_service_message,CUSTOMER_ID,UBW-79947,197,206,planted,REDACT,
REC-00570-E01,REC-00570,internal_operational_note,PERSON,Nadia Ahmed Lodhi,11,28,planted,REDACT,three_token_name
REC-00570-E02,REC-00570,internal_operational_note,CUSTOMER_ID,UBW-41709,49,58,planted,REDACT,
REC-00570-E03,REC-00570,internal_operational_note,CNIC,55202-2938445-2,74,89,planted,REDACT,cnic_hyphen
REC-00570-E04,REC-00570,internal_operational_note,PHONE_NUMBER,+92-336-4685491,109,124,planted,REDACT,phone_intl_hyphen
REC-00570-E05,REC-00570,internal_operational_note,PERSON,BILAL OSMANI,128,140,planted,REDACT,uppercase_name
REC-00571-E01,REC-00571,delivery_order,PERSON,Iqra Cheema,17,28,planted,REDACT,
REC-00571-E02,REC-00571,delivery_order,PHONE_NUMBER,+92 333 6627284,34,49,planted,REDACT,phone_intl_space
REC-00571-E03,REC-00571,delivery_order,ADDRESS,"Flat 17D, Askari Tower 2, Gulistan-e-Jauhar Block 15, Bahawalpur",57,121,planted,REDACT,addr_flat
REC-00572-E01,REC-00572,contact_form,PERSON,Nadia Chaudhry,26,40,planted,REDACT,
REC-00572-E02,REC-00572,contact_form,EMAIL_ADDRESS,n.chaudhry@example.net,48,70,planted,REDACT,
REC-00572-E03,REC-00572,contact_form,PHONE_NUMBER,0315 6268360,78,90,planted,REDACT,phone_local_space
REC-00572-E04,REC-00572,contact_form,CNIC,55202-3333680-1,97,112,planted,REDACT,cnic_hyphen
REC-00573-E01,REC-00573,subscription_record,EMAIL_ADDRESS,adeeljaved+water@example.com,54,82,planted,REDACT,email_plus
REC-00573-E02,REC-00573,subscription_record,ADDRESS,"House No. 478, Murree Road, Clifton, Peshawar",100,145,planted,REDACT,addr_house_no_road
REC-00573-E03,REC-00573,subscription_record,POSTAL_CODE,36829,147,152,planted,REDACT,postal_after_city
REC-00573-E04,REC-00573,subscription_record,CUSTOMER_ID,UBW-70725,166,175,planted,REDACT,
REC-00573-E05,REC-00573,subscription_record,PERSON,Adeel Javed,188,199,planted,REDACT,
REC-00574-E01,REC-00574,delivery_note,PERSON,Hassan Baig,7,18,planted,REDACT,
REC-00574-E02,REC-00574,delivery_note,PERSON,Ghulam Baig,40,51,planted,REDACT,
REC-00574-E03,REC-00574,delivery_note,ADDRESS,"House No. 821, Shahrah-e-Faisal, Cantt, Karachi",55,102,planted,REDACT,addr_house_no_road
REC-00574-E04,REC-00574,delivery_note,PHONE_NUMBER,+92 322 547 8510,112,128,planted,REDACT,phone_intl_space_split
REC-00575-E01,REC-00575,customer_service_message,PHONE_NUMBER,0341 4481292,99,111,planted,REDACT,phone_local_space;unicode_context
REC-00575-E02,REC-00575,customer_service_message,EMAIL_ADDRESS,uzmaabbasi@example.org,122,144,planted,REDACT,unicode_context
REC-00575-E03,REC-00575,customer_service_message,PERSON,Uzma Abbasi,204,215,planted,REDACT,unicode_context
REC-00575-E04,REC-00575,customer_service_message,CUSTOMER_ID,UBW-28868,217,226,planted,REDACT,unicode_context
REC-00576-E01,REC-00576,internal_operational_note,PERSON,Waqar Niazi,11,22,planted,REDACT,
REC-00576-E02,REC-00576,internal_operational_note,CUSTOMER_ID,UBW-29876,43,52,planted,REDACT,
REC-00576-E03,REC-00576,internal_operational_note,CNIC,61101 0628491 5,68,83,planted,REDACT,cnic_spaced;heldout_format
REC-00576-E04,REC-00576,internal_operational_note,PHONE_NUMBER,+92 311 0009512,103,118,planted,REDACT,phone_intl_space
REC-00576-E05,REC-00576,internal_operational_note,PERSON,Fatima Ahmed Waheed,122,141,planted,REDACT,three_token_name
REC-00577-E01,REC-00577,delivery_order,PERSON,Hamza Malik,25,36,planted,REDACT,
REC-00577-E02,REC-00577,delivery_order,PHONE_NUMBER,+92-321-6243076,43,58,planted,REDACT,phone_intl_hyphen
REC-00577-E03,REC-00577,delivery_order,ADDRESS,"h no 591, st 36, satellite town, faisalabad",66,109,planted,REDACT,addr_abbrev_lower
REC-00578-E01,REC-00578,contact_form,CNIC,4130237518084,54,67,planted,REDACT,cnic_plain
REC-00578-E02,REC-00578,contact_form,PHONE_NUMBER,+92 313 178 6719,77,93,planted,REDACT,phone_intl_space_split
REC-00578-E03,REC-00578,contact_form,EMAIL_ADDRESS,t.baig@example.org,109,127,planted,REDACT,
REC-00578-E04,REC-00578,contact_form,PERSON,Tahira Baig,133,144,planted,REDACT,
REC-00579-E01,REC-00579,subscription_record,ADDRESS,"h no 85, st 6, garden town, lahore",86,120,planted,REDACT,addr_abbrev_lower
REC-00579-E02,REC-00579,subscription_record,POSTAL_CODE,11112,121,126,planted,REDACT,postal_after_city
REC-00579-E03,REC-00579,subscription_record,EMAIL_ADDRESS,imranhussain@example.org,134,158,planted,REDACT,
REC-00579-E04,REC-00579,subscription_record,PERSON,Imran Hussain,172,185,planted,REDACT,
REC-00579-E05,REC-00579,subscription_record,CUSTOMER_ID,UBW-29666,199,208,planted,REDACT,
REC-00580-E01,REC-00580,delivery_note,PERSON,Zara Usmani,7,18,planted,REDACT,
REC-00580-E02,REC-00580,delivery_note,PERSON,Alia Usmani,41,52,planted,REDACT,
REC-00580-E03,REC-00580,delivery_note,ADDRESS,"House #230, Street 19, Block A, North Nazimabad, Sialkot",56,112,planted,REDACT,addr_house_street_block
REC-00580-E04,REC-00580,delivery_note,PHONE_NUMBER,0092-310-8638445,131,147,planted,REDACT,phone_intl00_hyphen
REC-00581-E01,REC-00581,customer_service_message,PHONE_NUMBER,+923011333002,74,87,planted,REDACT,phone_intl_plain
REC-00581-E02,REC-00581,customer_service_message,EMAIL_ADDRESS,a.dogar@example.com,96,115,planted,REDACT,
REC-00581-E03,REC-00581,customer_service_message,PERSON,Asif Dogar,175,185,planted,REDACT,
REC-00581-E04,REC-00581,customer_service_message,CUSTOMER_ID,UBW-17700,187,196,planted,REDACT,
REC-00582-E01,REC-00582,internal_operational_note,PERSON,Yusra Raza,10,20,planted,REDACT,
REC-00582-E02,REC-00582,internal_operational_note,CUSTOMER_ID,UBW-26071,41,50,planted,REDACT,
REC-00582-E03,REC-00582,internal_operational_note,CNIC,3310135193888,66,79,planted,REDACT,cnic_plain
REC-00582-E04,REC-00582,internal_operational_note,PHONE_NUMBER,+923459263040,99,112,planted,REDACT,phone_intl_plain
REC-00582-E05,REC-00582,internal_operational_note,PERSON,Iqra Usmani,116,127,planted,REDACT,
REC-00583-E01,REC-00583,delivery_order,PERSON,Farhat Hassan Farooqi,32,53,planted,REDACT,three_token_name
REC-00583-E02,REC-00583,delivery_order,CUSTOMER_ID,UBW-96298,55,64,planted,REDACT,
REC-00583-E03,REC-00583,delivery_order,ADDRESS,"Shop 18, Saddar Bazaar, Multan",99,129,planted,REDACT,addr_shop
REC-00583-E04,REC-00583,delivery_order,POSTAL_CODE,65358,131,136,planted,REDACT,postal_after_city
REC-00583-E05,REC-00583,delivery_order,PHONE_NUMBER,+92-331-6668769,143,158,planted,REDACT,phone_intl_hyphen
REC-00584-E01,REC-00584,contact_form,PERSON,Rizwan Malik,24,36,planted,REDACT,
REC-00584-E02,REC-00584,contact_form,EMAIL_ADDRESS,rizwanmalik+water@example.com,50,79,planted,REDACT,email_plus
REC-00584-E03,REC-00584,contact_form,PHONE_NUMBER,+923406258302,88,101,planted,REDACT,phone_intl_plain
REC-00584-E04,REC-00584,contact_form,CNIC,35202-8100012-9,130,145,planted,REDACT,cnic_hyphen
REC-00585-E01,REC-00585,subscription_record,CUSTOMER_ID,UBW-92187,6,15,planted,REDACT,
REC-00585-E02,REC-00585,subscription_record,PERSON,Yusra Niazi,18,29,planted,REDACT,
REC-00585-E03,REC-00585,subscription_record,EMAIL_ADDRESS,yusra.niazi466@example.net,59,85,planted,REDACT,
REC-00585-E04,REC-00585,subscription_record,ADDRESS,"Flat 10C, Al-Noor Heights, Clifton Block 5, Quetta",88,138,planted,REDACT,addr_flat
REC-00586-E01,REC-00586,delivery_note,PHONE_NUMBER,+923013849916,31,44,planted,REDACT,phone_intl_plain
REC-00586-E02,REC-00586,delivery_note,PERSON,Mahnoor Abbasi,91,105,planted,REDACT,
REC-00586-E03,REC-00586,delivery_note,ADDRESS,"Plot 261, Sector G-11/1, Islamabad",116,150,planted,REDACT,addr_plot_sector
REC-00586-E04,REC-00586,delivery_note,PERSON,Yusra Qureshi,163,176,planted,REDACT,
REC-00587-E01,REC-00587,customer_service_message,PERSON,Usman Cheema,6,18,planted,REDACT,
REC-00587-E02,REC-00587,customer_service_message,EMAIL_ADDRESS,usmancheema@example.com,20,43,planted,REDACT,
REC-00587-E03,REC-00587,customer_service_message,CUSTOMER_ID,UBW-23036,80,89,planted,REDACT,
REC-00587-E04,REC-00587,customer_service_message,PERSON,Usman Cheema,230,242,planted,REDACT,repeated_value
REC-00588-E01,REC-00588,internal_operational_note,CUSTOMER_ID,UBW-93757,71,80,planted,REDACT,
REC-00588-E02,REC-00588,internal_operational_note,PERSON,Noreen Lodhi,93,105,planted,REDACT,
REC-00588-E03,REC-00588,internal_operational_note,CNIC,35202 4530705 3,127,142,planted,REDACT,cnic_spaced;heldout_format
REC-00588-E04,REC-00588,internal_operational_note,PHONE_NUMBER,0305 005 5838,162,175,planted,REDACT,phone_local_4_3_4;heldout_format
REC-00589-E01,REC-00589,delivery_order,PERSON,Ehsan Lodhi,25,36,planted,REDACT,
REC-00589-E02,REC-00589,delivery_order,PHONE_NUMBER,0341-5895221,43,55,planted,REDACT,phone_local_hyphen
REC-00589-E03,REC-00589,delivery_order,ADDRESS,"House #812, Street 28, Block B, Garden Town, Peshawar",63,116,planted,REDACT,addr_house_street_block
REC-00589-E04,REC-00589,delivery_order,POSTAL_CODE,77163,119,124,planted,REDACT,postal_after_city
REC-00590-E01,REC-00590,contact_form,PERSON,Palwasha Tarar,12,26,planted,REDACT,
REC-00590-E02,REC-00590,contact_form,EMAIL_ADDRESS,p.tarar@example.com,40,59,planted,REDACT,
REC-00590-E03,REC-00590,contact_form,PHONE_NUMBER,0322-0287248,77,89,planted,REDACT,phone_local_hyphen
REC-00590-E04,REC-00590,contact_form,CNIC,21304 5682872 7,102,117,planted,REDACT,cnic_spaced;heldout_format
REC-00591-E01,REC-00591,subscription_record,PERSON,Nadia Leghari,0,13,planted,REDACT,
REC-00591-E02,REC-00591,subscription_record,CUSTOMER_ID,UBW-17197,80,89,planted,REDACT,
REC-00591-E03,REC-00591,subscription_record,EMAIL_ADDRESS,n.leghari@example.com,108,129,planted,REDACT,
REC-00591-E04,REC-00591,subscription_record,ADDRESS,"Flat 18D, Gulshan Residency, DHA Phase 6, Rawalpindi",156,208,planted,REDACT,addr_flat
REC-00591-E05,REC-00591,subscription_record,POSTAL_CODE,23968,222,227,planted,REDACT,postal_labelled
REC-00592-E01,REC-00592,delivery_note,ADDRESS,"h no 618, st 39, faisal town, hyderabad",23,62,planted,REDACT,addr_abbrev_lower
REC-00592-E02,REC-00592,delivery_note,PHONE_NUMBER,03101561560,90,101,planted,REDACT,phone_local_plain
REC-00592-E03,REC-00592,delivery_note,PERSON,adeel waheed,132,144,planted,REDACT,lowercase_name
REC-00592-E04,REC-00592,delivery_note,PERSON,Iqra Rajput,152,163,planted,REDACT,
REC-00593-E01,REC-00593,customer_service_message,PERSON,Jawad Ghani,25,36,planted,REDACT,
REC-00593-E02,REC-00593,customer_service_message,EMAIL_ADDRESS,JAWAD.GHANI141@EXAMPLE.NET,47,73,planted,REDACT,uppercase_email
REC-00595-E01,REC-00595,delivery_order,CUSTOMER_ID,UBW-89332,77,86,planted,REDACT,
REC-00595-E02,REC-00595,delivery_order,ADDRESS,"House No. 724, Mall Road, Bahria Town, Lahore",96,141,planted,REDACT,addr_house_no_road
REC-00595-E03,REC-00595,delivery_order,POSTAL_CODE,94978,143,148,planted,REDACT,postal_after_city
REC-00595-E04,REC-00595,delivery_order,PERSON,Farhat Javed,156,168,planted,REDACT,
REC-00595-E05,REC-00595,delivery_order,PHONE_NUMBER,0092 315 4519114,178,194,planted,REDACT,phone_intl00_space
REC-00596-E01,REC-00596,contact_form,PERSON,Dania Gillani,12,25,planted,REDACT,
REC-00596-E02,REC-00596,contact_form,EMAIL_ADDRESS,d.gillani@example.net,39,60,planted,REDACT,
REC-00596-E03,REC-00596,contact_form,PHONE_NUMBER,0311 4072979,78,90,planted,REDACT,phone_local_space
REC-00596-E04,REC-00596,contact_form,CNIC,33101-7339206-1,115,130,planted,REDACT,cnic_hyphen
REC-00597-E01,REC-00597,subscription_record,CUSTOMER_ID,UBW-36335,6,15,planted,REDACT,
REC-00597-E02,REC-00597,subscription_record,PERSON,Layla Usmani,18,30,planted,REDACT,
REC-00597-E03,REC-00597,subscription_record,EMAIL_ADDRESS,layla_usmani788+water@example.net,62,95,planted,REDACT,email_plus
REC-00597-E04,REC-00597,subscription_record,ADDRESS,"H. No. 660, Tariq Road, Faisalabad",98,132,planted,REDACT,addr_h_no
REC-00598-E01,REC-00598,delivery_note,PERSON,Parveen Leghari,7,22,planted,REDACT,
REC-00598-E02,REC-00598,delivery_note,PERSON,Bilal Raza,44,54,planted,REDACT,
REC-00598-E03,REC-00598,delivery_note,ADDRESS,"Flat 9C, Pearl Residencia, Askari 11, Islamabad",58,105,planted,REDACT,addr_flat
REC-00598-E04,REC-00598,delivery_note,PHONE_NUMBER,0335 855 1308,115,128,planted,REDACT,phone_local_4_3_4;heldout_format
REC-00599-E01,REC-00599,customer_service_message,PERSON,Iqra Abbasi,6,17,planted,REDACT,unicode_context
REC-00599-E02,REC-00599,customer_service_message,EMAIL_ADDRESS,i.abbasi@example.net,19,39,planted,REDACT,unicode_context
REC-00599-E03,REC-00599,customer_service_message,CUSTOMER_ID,UBW-33979,73,82,planted,REDACT,unicode_context
REC-00599-E04,REC-00599,customer_service_message,PHONE_NUMBER,0092-336-8890570,94,110,planted,REDACT,phone_intl00_hyphen;unicode_context
REC-00599-E05,REC-00599,customer_service_message,PERSON,Iqra Abbasi,246,257,planted,REDACT,unicode_context;repeated_value
REC-00601-E01,REC-00601,delivery_order,ADDRESS,"Plot 452, Sector E-11/3, Islamabad",87,121,planted,REDACT,addr_plot_sector
REC-00601-E02,REC-00601,delivery_order,POSTAL_CODE,27789,122,127,planted,REDACT,postal_after_city
REC-00601-E03,REC-00601,delivery_order,PHONE_NUMBER,0303 172 1596,142,155,planted,REDACT,phone_local_4_3_4;heldout_format
REC-00601-E04,REC-00601,delivery_order,PERSON,Jawad Chaudhry,172,186,planted,REDACT,
REC-00602-E01,REC-00602,contact_form,PERSON,Saad Gillani,26,38,planted,REDACT,
REC-00602-E02,REC-00602,contact_form,EMAIL_ADDRESS,saadgillani@example.com,46,69,planted,REDACT,
REC-00602-E03,REC-00602,contact_form,PHONE_NUMBER,03227589271,77,88,planted,REDACT,phone_local_plain
REC-00602-E04,REC-00602,contact_form,CNIC,61101-0451296-2,95,110,planted,REDACT,cnic_hyphen
REC-00603-E01,REC-00603,subscription_record,PERSON,Tahira Chaudhry,0,15,planted,REDACT,
REC-00603-E02,REC-00603,subscription_record,CUSTOMER_ID,UBW-36760,82,91,planted,REDACT,
REC-00603-E03,REC-00603,subscription_record,EMAIL_ADDRESS,tahirachaudhry@example.org,108,134,planted,REDACT,
REC-00604-E01,REC-00604,delivery_note,PERSON,Parveen Leghari,17,32,planted,REDACT,
REC-00604-E02,REC-00604,delivery_note,PERSON,Fatima Siddiqui,39,54,planted,REDACT,
REC-00604-E03,REC-00604,delivery_note,PHONE_NUMBER,0303 2642987,57,69,planted,REDACT,phone_local_space
REC-00604-E04,REC-00604,delivery_note,ADDRESS,"House #426, Street 7, Block G, DHA Phase 5, Islamabad",72,125,planted,REDACT,addr_house_street_block
REC-00605-E01,REC-00605,customer_service_message,PHONE_NUMBER,+92 331 7128409,88,103,planted,REDACT,phone_intl_space
REC-00605-E02,REC-00605,customer_service_message,EMAIL_ADDRESS,h.rajput@example.net,114,134,planted,REDACT,
REC-00605-E03,REC-00605,customer_service_message,PERSON,Hamza Rajput,194,206,planted,REDACT,
REC-00605-E04,REC-00605,customer_service_message,CUSTOMER_ID,UBW-32562,208,217,planted,REDACT,
REC-00606-E01,REC-00606,internal_operational_note,PERSON,Tariq Kayani,8,20,planted,REDACT,
REC-00606-E02,REC-00606,internal_operational_note,CUSTOMER_ID,UBW-25118,41,50,planted,REDACT,
REC-00606-E03,REC-00606,internal_operational_note,CNIC,4130218985919,64,77,planted,REDACT,cnic_plain
REC-00606-E04,REC-00606,internal_operational_note,PHONE_NUMBER,0301-3854361,97,109,planted,REDACT,phone_local_hyphen
REC-00606-E05,REC-00606,internal_operational_note,PERSON,Noreen Baig,113,124,planted,REDACT,
REC-00607-E01,REC-00607,delivery_order,PERSON,Nadia Durrani,17,30,planted,REDACT,
REC-00607-E02,REC-00607,delivery_order,PHONE_NUMBER,03064034633,37,48,planted,REDACT,phone_local_plain
REC-00607-E03,REC-00607,delivery_order,ADDRESS,"near City Hospital gate, behind Hyderi Market, Hyderabad",56,112,planted,REDACT,addr_landmark;heldout_format
REC-00607-E04,REC-00607,delivery_order,POSTAL_CODE,19721,115,120,planted,REDACT,postal_after_city
REC-00608-E01,REC-00608,contact_form,PERSON,Fatima Hussain,18,32,planted,REDACT,
REC-00608-E02,REC-00608,contact_form,EMAIL_ADDRESS,fatimahussain@example.net,46,71,planted,REDACT,
REC-00608-E03,REC-00608,contact_form,PHONE_NUMBER,+92 340 7421362,89,104,planted,REDACT,phone_intl_space
REC-00608-E04,REC-00608,contact_form,CNIC,41302-1344809-6,117,132,planted,REDACT,cnic_hyphen
REC-00609-E01,REC-00609,subscription_record,CUSTOMER_ID,ubw-89281,6,15,planted,REDACT,custid_lowercase
REC-00609-E02,REC-00609,subscription_record,PERSON,Bilal Ghani,18,29,planted,REDACT,
REC-00609-E03,REC-00609,subscription_record,EMAIL_ADDRESS,bilal.ghani85@example.org,62,87,planted,REDACT,
REC-00609-E04,REC-00609,subscription_record,ADDRESS,"House #664, Street 24, Block A, Garden Town, Hyderabad",90,144,planted,REDACT,addr_house_street_block
REC-00609-E05,REC-00609,subscription_record,POSTAL_CODE,92686,145,150,planted,REDACT,postal_after_city
REC-00610-E01,REC-00610,delivery_note,PERSON,Faizan Usmani,7,20,planted,REDACT,
REC-00610-E02,REC-00610,delivery_note,PERSON,Junaid Siddiqui,43,58,planted,REDACT,
REC-00610-E03,REC-00610,delivery_note,ADDRESS,"H. No. 155, Ferozepur Road, Lahore",62,96,planted,REDACT,addr_h_no
REC-00610-E04,REC-00610,delivery_note,PHONE_NUMBER,+92 333 481 8144,115,131,planted,REDACT,phone_intl_space_split
REC-00611-E01,REC-00611,customer_service_message,PERSON,rizwan hussain,25,39,planted,REDACT,lowercase_name
REC-00611-E02,REC-00611,customer_service_message,EMAIL_ADDRESS,rizwan.hussain3@example.com,50,77,planted,REDACT,
REC-00611-E03,REC-00611,customer_service_message,PHONE_NUMBER,+92 303 606 4405,80,96,planted,REDACT,phone_intl_space_split
REC-00612-E01,REC-00612,internal_operational_note,PERSON,Ghulam Durrani,8,22,planted,REDACT,
REC-00612-E02,REC-00612,internal_operational_note,CUSTOMER_ID,UBW-85605,43,52,planted,REDACT,
REC-00612-E03,REC-00612,internal_operational_note,CNIC,38401-4033072-7,66,81,planted,REDACT,cnic_hyphen
REC-00612-E04,REC-00612,internal_operational_note,PHONE_NUMBER,0301-7881419,101,113,planted,REDACT,phone_local_hyphen
REC-00612-E05,REC-00612,internal_operational_note,PERSON,Omar Toor,117,126,planted,REDACT,
REC-00613-E01,REC-00613,delivery_order,PERSON,Farhat Baig,25,36,planted,REDACT,
REC-00613-E02,REC-00613,delivery_order,PHONE_NUMBER,0334.3099866,42,54,planted,REDACT,phone_dot_separated;heldout_format
REC-00613-E03,REC-00613,delivery_order,ADDRESS,"House #275, Street 4, Block B, Faisal Town, Karachi",62,113,planted,REDACT,addr_house_street_block
REC-00613-E04,REC-00613,delivery_order,POSTAL_CODE,61337,115,120,planted,REDACT,postal_after_city
REC-00614-E01,REC-00614,contact_form,PERSON,Qasim Tarar,24,35,planted,REDACT,
REC-00614-E02,REC-00614,contact_form,EMAIL_ADDRESS,qasimtarar@example.net,49,71,planted,REDACT,
REC-00614-E03,REC-00614,contact_form,PHONE_NUMBER,+92 303 6705999,80,95,planted,REDACT,phone_intl_space
REC-00614-E04,REC-00614,contact_form,CNIC,61101-1099420-3,110,125,planted,REDACT,cnic_hyphen
REC-00615-E01,REC-00615,subscription_record,ADDRESS,"House #85, Street 30, Block A, Faisal Town, Faisalabad",86,140,planted,REDACT,addr_house_street_block
REC-00615-E02,REC-00615,subscription_record,POSTAL_CODE,61142,142,147,planted,REDACT,postal_after_city
REC-00615-E03,REC-00615,subscription_record,EMAIL_ADDRESS,binalodhi@example.net,156,177,planted,REDACT,
REC-00615-E04,REC-00615,subscription_record,CUSTOMER_ID,UBW-48223,190,199,planted,REDACT,
REC-00615-E05,REC-00615,subscription_record,PERSON,Bina Bano Lodhi,212,227,planted,REDACT,three_token_name
REC-00616-E01,REC-00616,delivery_note,PERSON,Rizwan Rajput,25,38,planted,REDACT,
REC-00616-E02,REC-00616,delivery_note,PERSON,Noreen Hashmi,47,60,planted,REDACT,
REC-00616-E03,REC-00616,delivery_note,ADDRESS,"Flat 11A, Gulshan Residency, DHA Phase 6, Bahawalpur",70,122,planted,REDACT,addr_flat
REC-00616-E04,REC-00616,delivery_note,PHONE_NUMBER,03067812859,150,161,planted,REDACT,phone_local_plain
REC-00617-E01,REC-00617,customer_service_message,PERSON,Saad Javed,6,16,planted,REDACT,
REC-00617-E02,REC-00617,customer_service_message,EMAIL_ADDRESS,saadjaved@example.com,18,39,planted,REDACT,
REC-00617-E03,REC-00617,customer_service_message,PERSON,Saad Javed,199,209,planted,REDACT,repeated_value
REC-00618-E01,REC-00618,internal_operational_note,PERSON,noreen rajput,65,78,planted,REDACT,lowercase_name
REC-00618-E02,REC-00618,internal_operational_note,CUSTOMER_ID,UBW-13853,96,105,planted,REDACT,
REC-00618-E03,REC-00618,internal_operational_note,PHONE_NUMBER,03301879293,126,137,planted,REDACT,phone_local_plain
REC-00618-E04,REC-00618,internal_operational_note,CNIC,52101-8789075-1,161,176,planted,REDACT,cnic_hyphen
REC-00619-E01,REC-00619,delivery_order,PERSON,Iqra Iqbal,17,27,planted,REDACT,
REC-00619-E02,REC-00619,delivery_order,PHONE_NUMBER,+92 305 904 6766,33,49,planted,REDACT,phone_intl_space_split
REC-00619-E03,REC-00619,delivery_order,ADDRESS,"House No. 407, Shahrah-e-Faisal, Gulshan-e-Iqbal, Rawalpindi",57,117,planted,REDACT,addr_house_no_road
REC-00620-E01,REC-00620,contact_form,PERSON,Omar Farooqi,12,24,planted,REDACT,
REC-00620-E02,REC-00620,contact_form,EMAIL_ADDRESS,o.farooqi@example.org,43,64,planted,REDACT,
REC-00620-E03,REC-00620,contact_form,PHONE_NUMBER,+923152181918,72,85,planted,REDACT,phone_intl_plain
REC-00620-E04,REC-00620,contact_form,CNIC,17101-0718961-6,109,124,planted,REDACT,cnic_hyphen;no_context
REC-00621-E01,REC-00621,subscription_record,CUSTOMER_ID,UBW-21584,6,15,planted,REDACT,
REC-00621-E02,REC-00621,subscription_record,PERSON,Mehwish Hashmi,18,32,planted,REDACT,
REC-00621-E03,REC-00621,subscription_record,EMAIL_ADDRESS,mehwish.hashmi962+water@example.com,62,97,planted,REDACT,email_plus
REC-00621-E04,REC-00621,subscription_record,ADDRESS,"House #370, Street 25, Block G, Shadman, Rawalpindi",100,151,planted,REDACT,addr_house_street_block
REC-00621-E05,REC-00621,subscription_record,POSTAL_CODE,89616,152,157,planted,REDACT,postal_after_city
REC-00622-E01,REC-00622,delivery_note,PERSON,Dania Pervez,17,29,planted,REDACT,
REC-00622-E02,REC-00622,delivery_note,PERSON,Saad Sheikh,36,47,planted,REDACT,
REC-00622-E03,REC-00622,delivery_note,PHONE_NUMBER,+92-334-9232357,50,65,planted,REDACT,phone_intl_hyphen
REC-00622-E04,REC-00622,delivery_note,ADDRESS,"House #112, Street 32, Block H, North Nazimabad, Sialkot",68,124,planted,REDACT,addr_house_street_block
REC-00623-E01,REC-00623,customer_service_message,PERSON,wasim usmani,25,37,planted,REDACT,lowercase_name
REC-00623-E02,REC-00623,customer_service_message,EMAIL_ADDRESS,wasimusmani@example.com,48,71,planted,REDACT,
REC-00624-E01,REC-00624,internal_operational_note,PERSON,Alia Javed Iqbal,11,27,planted,REDACT,three_token_name
REC-00624-E02,REC-00624,internal_operational_note,CUSTOMER_ID,UBW-12366,48,57,planted,REDACT,
REC-00624-E03,REC-00624,internal_operational_note,CNIC,35202-4854480-5,79,94,planted,REDACT,cnic_hyphen
REC-00624-E04,REC-00624,internal_operational_note,PHONE_NUMBER,0322-9470097,114,126,planted,REDACT,phone_local_hyphen
REC-00624-E05,REC-00624,internal_operational_note,PERSON,Nadia Ahmed Gillani,130,149,planted,REDACT,three_token_name
REC-00625-E01,REC-00625,delivery_order,PERSON,Wasim Lodhi,23,34,planted,REDACT,
REC-00625-E02,REC-00625,delivery_order,CUSTOMER_ID,UBW-82443,36,45,planted,REDACT,
REC-00625-E03,REC-00625,delivery_order,ADDRESS,"Shop 49, Moon Market, Sialkot",80,109,planted,REDACT,addr_shop
REC-00625-E04,REC-00625,delivery_order,PHONE_NUMBER,+92 341 705 8810,130,146,planted,REDACT,phone_intl_space_split
REC-00626-E01,REC-00626,contact_form,PERSON,Omar Zuberi,26,37,planted,REDACT,
REC-00626-E02,REC-00626,contact_form,EMAIL_ADDRESS,o.zuberi@example.com,45,65,planted,REDACT,
REC-00626-E03,REC-00626,contact_form,CNIC,3840149397433,72,85,planted,REDACT,cnic_plain
REC-00627-E01,REC-00627,subscription_record,PERSON,Mehwish Baig,0,12,planted,REDACT,
REC-00627-E02,REC-00627,subscription_record,CUSTOMER_ID,UBW-78156,78,87,planted,REDACT,
REC-00627-E03,REC-00627,subscription_record,EMAIL_ADDRESS,mehwish_baig656@example.org,106,133,planted,REDACT,
REC-00627-E04,REC-00627,subscription_record,ADDRESS,"House #179, Street 14, Block E, Satellite Town, Quetta",160,214,planted,REDACT,addr_house_street_block
REC-00628-E01,REC-00628,delivery_note,PERSON,Nadia Tarar,7,18,planted,REDACT,
REC-00628-E02,REC-00628,delivery_note,PERSON,Asif Ahmed,40,50,planted,REDACT,
REC-00628-E03,REC-00628,delivery_note,ADDRESS,"near the PSO petrol pump, behind Saddar Bazaar, Sialkot",54,109,planted,REDACT,addr_landmark;heldout_format
REC-00628-E04,REC-00628,delivery_note,PHONE_NUMBER,0092-305-2390019,119,135,planted,REDACT,phone_intl00_hyphen
REC-00629-E01,REC-00629,customer_service_message,PERSON,Hamza Khan,25,35,planted,REDACT,unicode_context
REC-00629-E02,REC-00629,customer_service_message,EMAIL_ADDRESS,hamza_khan587@example.org,46,71,planted,REDACT,unicode_context
REC-00630-E01,REC-00630,internal_operational_note,PERSON,Wasim Niazi,11,22,planted,REDACT,
REC-00630-E02,REC-00630,internal_operational_note,CUSTOMER_ID,UBW-29523,43,52,planted,REDACT,
REC-00630-E03,REC-00630,internal_operational_note,CNIC,42101-0494157-3,66,81,planted,REDACT,cnic_hyphen
REC-00630-E04,REC-00630,internal_operational_note,PHONE_NUMBER,+92-315-8540127,101,116,planted,REDACT,phone_intl_hyphen
REC-00630-E05,REC-00630,internal_operational_note,PERSON,Waqar Zuberi,120,132,planted,REDACT,
REC-00631-E01,REC-00631,delivery_order,POSTAL_CODE,20644,73,78,planted,REDACT,postal_labelled
REC-00631-E02,REC-00631,delivery_order,PHONE_NUMBER,0301 1959309,89,101,planted,REDACT,phone_local_space
REC-00631-E03,REC-00631,delivery_order,PERSON,Rizwan Hussain,114,128,planted,REDACT,
REC-00631-E04,REC-00631,delivery_order,ADDRESS,"h no 516, st 13, johar town, peshawar",141,178,planted,REDACT,addr_abbrev_lower
REC-00632-E01,REC-00632,contact_form,PERSON,Imran Bano Lodhi,26,42,planted,REDACT,three_token_name
REC-00632-E02,REC-00632,contact_form,EMAIL_ADDRESS,imran_lodhi782@example.net,50,76,planted,REDACT,
REC-00632-E03,REC-00632,contact_form,PHONE_NUMBER,0300-9319147,84,96,planted,REDACT,phone_local_hyphen
REC-00633-E01,REC-00633,subscription_record,EMAIL_ADDRESS,b.dogar@example.com,53,72,planted,REDACT,
REC-00633-E02,REC-00633,subscription_record,ADDRESS,"House No. 978, Jail Road, Clifton, Islamabad",114,158,planted,REDACT,addr_house_no_road
REC-00633-E03,REC-00633,subscription_record,POSTAL_CODE,32445,160,165,planted,REDACT,postal_after_city
REC-00633-E04,REC-00633,subscription_record,CUSTOMER_ID,UBW-36557,179,188,planted,REDACT,
REC-00633-E05,REC-00633,subscription_record,PERSON,Bilal Dogar,202,213,planted,REDACT,
REC-00634-E01,REC-00634,delivery_note,PERSON,Bina Sheikh,7,18,planted,REDACT,
REC-00634-E02,REC-00634,delivery_note,PERSON,Parveen Bano Yaqoob,41,60,planted,REDACT,three_token_name
REC-00634-E03,REC-00634,delivery_note,ADDRESS,"House No. 243, Murree Road, DHA Phase 5, Karachi",64,112,planted,REDACT,addr_house_no_road
REC-00634-E04,REC-00634,delivery_note,PHONE_NUMBER,0305-7233660,122,134,planted,REDACT,phone_local_hyphen
REC-00635-E01,REC-00635,customer_service_message,PHONE_NUMBER,0092-336-8996681,72,88,planted,REDACT,phone_intl00_hyphen
REC-00635-E02,REC-00635,customer_service_message,EMAIL_ADDRESS,mahnoormalik+water@example.com,97,127,planted,REDACT,email_plus
REC-00635-E03,REC-00635,customer_service_message,PERSON,Mahnoor Malik,187,200,planted,REDACT,
REC-00635-E04,REC-00635,customer_service_message,CUSTOMER_ID,UBW-33906,202,211,planted,REDACT,
REC-00636-E01,REC-00636,internal_operational_note,CNIC,21304-6852237-1,77,92,planted,REDACT,cnic_hyphen
REC-00636-E02,REC-00636,internal_operational_note,PERSON,Ehsan Malik,104,115,planted,REDACT,
REC-00636-E03,REC-00636,internal_operational_note,CUSTOMER_ID,UBW-40360,135,144,planted,REDACT,
REC-00636-E04,REC-00636,internal_operational_note,PHONE_NUMBER,+92 305 8645304,164,179,planted,REDACT,phone_intl_space
REC-00637-E01,REC-00637,delivery_order,PERSON,Sana Lodhi,23,33,planted,REDACT,
REC-00637-E02,REC-00637,delivery_order,CUSTOMER_ID,UBW-53915,35,44,planted,REDACT,
REC-00637-E03,REC-00637,delivery_order,ADDRESS,"near the main roundabout, behind Saddar Bazaar, Gujranwala",79,137,planted,REDACT,addr_landmark;heldout_format
REC-00637-E04,REC-00637,delivery_order,PHONE_NUMBER,03101446013,158,169,planted,REDACT,phone_local_plain
REC-00638-E01,REC-00638,contact_form,EMAIL_ADDRESS,qasim_farooqi993@example.net,62,90,planted,REDACT,
REC-00638-E02,REC-00638,contact_form,PERSON,Qasim Farooqi,98,111,planted,REDACT,
REC-00638-E03,REC-00638,contact_form,CNIC,52101-9090862-5,126,141,planted,REDACT,cnic_hyphen
REC-00638-E04,REC-00638,contact_form,PHONE_NUMBER,+92 335 4504975,155,170,planted,REDACT,phone_intl_space
REC-00639-E01,REC-00639,subscription_record,PERSON,Luqman Cheema,80,93,planted,REDACT,
REC-00639-E02,REC-00639,subscription_record,EMAIL_ADDRESS,luqmancheema@example.org,101,125,planted,REDACT,
REC-00639-E03,REC-00639,subscription_record,ADDRESS,"Shop 60, Anarkali Bazaar, Sialkot",144,177,planted,REDACT,addr_shop
REC-00639-E04,REC-00639,subscription_record,POSTAL_CODE,90010,180,185,planted,REDACT,postal_after_city
REC-00639-E05,REC-00639,subscription_record,CUSTOMER_ID,UBW-79756,192,201,planted,REDACT,
REC-00640-E01,REC-00640,delivery_note,ADDRESS,"House No. 957, Shahrah-e-Faisal, North Nazimabad, Islamabad",27,86,planted,REDACT,addr_house_no_road
REC-00640-E02,REC-00640,delivery_note,PERSON,hamza kayani,96,108,planted,REDACT,lowercase_name
REC-00640-E03,REC-00640,delivery_note,PERSON,Layla Lodhi,156,167,planted,REDACT,
REC-00640-E04,REC-00640,delivery_note,PHONE_NUMBER,+92-321-6283559,176,191,planted,REDACT,phone_intl_hyphen
REC-00641-E01,REC-00641,customer_service_message,PERSON,Tariq Zuberi,25,37,planted,REDACT,
REC-00641-E02,REC-00641,customer_service_message,EMAIL_ADDRESS,tariqzuberi@example.org,48,71,planted,REDACT,
REC-00641-E03,REC-00641,customer_service_message,PHONE_NUMBER,+92 323 988 3864,74,90,planted,REDACT,phone_intl_space_split
REC-00642-E01,REC-00642,internal_operational_note,PERSON,Kiran Tarar,10,21,planted,REDACT,
REC-00642-E02,REC-00642,internal_operational_note,CUSTOMER_ID,UBW-13363,42,51,planted,REDACT,
REC-00642-E03,REC-00642,internal_operational_note,CNIC,4130254421321,73,86,planted,REDACT,cnic_plain
REC-00642-E04,REC-00642,internal_operational_note,PHONE_NUMBER,+92 313 6480687,106,121,planted,REDACT,phone_intl_space
REC-00642-E05,REC-00642,internal_operational_note,PERSON,Kiran Qureshi,125,138,planted,REDACT,
REC-00643-E01,REC-00643,delivery_order,PERSON,Wasim Hassan Qureshi,17,37,planted,REDACT,three_token_name
REC-00643-E02,REC-00643,delivery_order,PHONE_NUMBER,0345-8595138,44,56,planted,REDACT,phone_local_hyphen
REC-00643-E03,REC-00643,delivery_order,ADDRESS,"Shop 15, Anarkali Bazaar, Lahore",64,96,planted,REDACT,addr_shop
REC-00644-E01,REC-00644,contact_form,PERSON,GHULAM PERVEZ,18,31,planted,REDACT,uppercase_name
REC-00644-E02,REC-00644,contact_form,EMAIL_ADDRESS,g.pervez@example.org,50,70,planted,REDACT,
REC-00644-E03,REC-00644,contact_form,PHONE_NUMBER,03106142308,88,99,planted,REDACT,phone_local_plain
REC-00644-E04,REC-00644,contact_form,CNIC,38401-7037768-8,124,139,planted,REDACT,cnic_hyphen
REC-00645-E01,REC-00645,subscription_record,CUSTOMER_ID,UBW-27253,6,15,planted,REDACT,
REC-00645-E02,REC-00645,subscription_record,PERSON,Faizan Hashmi,18,31,planted,REDACT,
REC-00645-E03,REC-00645,subscription_record,EMAIL_ADDRESS,faizan.hashmi37@example.com,61,88,planted,REDACT,
REC-00645-E04,REC-00645,subscription_record,ADDRESS,"Flat 19D, Pearl Residencia, DHA Phase 6, Lahore",91,138,planted,REDACT,addr_flat
REC-00645-E05,REC-00645,subscription_record,POSTAL_CODE,89307,141,146,planted,REDACT,postal_after_city
REC-00646-E01,REC-00646,delivery_note,PERSON,Saima Tarar,7,18,planted,REDACT,
REC-00646-E02,REC-00646,delivery_note,PERSON,Parveen Javed,41,54,planted,REDACT,
REC-00646-E03,REC-00646,delivery_note,ADDRESS,"House #885, Street 38, Block J, North Nazimabad, Multan",58,113,planted,REDACT,addr_house_street_block
REC-00646-E04,REC-00646,delivery_note,PHONE_NUMBER,0092 330 6980716,132,148,planted,REDACT,phone_intl00_space
REC-00647-E01,REC-00647,customer_service_message,PERSON,Palwasha Zuberi,6,21,planted,REDACT,
REC-00647-E02,REC-00647,customer_service_message,EMAIL_ADDRESS,p.zuberi@example.net,23,43,planted,REDACT,
REC-00647-E03,REC-00647,customer_service_message,PHONE_NUMBER,0321.4832385,71,83,planted,REDACT,phone_dot_separated;heldout_format
REC-00647-E04,REC-00647,customer_service_message,PERSON,Palwasha Zuberi,216,231,planted,REDACT,repeated_value
REC-00648-E01,REC-00648,internal_operational_note,PERSON,Tahira Ahmed Qureshi,8,28,planted,REDACT,three_token_name
REC-00648-E02,REC-00648,internal_operational_note,CUSTOMER_ID,UBW-25169,49,58,planted,REDACT,
REC-00648-E03,REC-00648,internal_operational_note,CNIC,21304-8061942-1,72,87,planted,REDACT,cnic_hyphen
REC-00648-E04,REC-00648,internal_operational_note,PHONE_NUMBER,0092-303-3495431,107,123,planted,REDACT,phone_intl00_hyphen
REC-00648-E05,REC-00648,internal_operational_note,PERSON,Fatima Khan,127,138,planted,REDACT,
REC-00649-E01,REC-00649,delivery_order,PERSON,Adeel Mirza,17,28,planted,REDACT,
REC-00649-E02,REC-00649,delivery_order,PHONE_NUMBER,03348804546,34,45,planted,REDACT,phone_local_plain
REC-00649-E03,REC-00649,delivery_order,ADDRESS,"Flat 20D, Sky Towers, Clifton Block 5, Peshawar",53,100,planted,REDACT,addr_flat
REC-00650-E01,REC-00650,contact_form,PERSON,Ghulam Osmani,26,39,planted,REDACT,
REC-00650-E02,REC-00650,contact_form,EMAIL_ADDRESS,g.osmani@example.com,47,67,planted,REDACT,
REC-00650-E03,REC-00650,contact_form,PHONE_NUMBER,+92-310-9116147,75,90,planted,REDACT,phone_intl_hyphen
REC-00651-E01,REC-00651,subscription_record,CUSTOMER_ID,ubw-55220,6,15,planted,REDACT,custid_lowercase
REC-00651-E02,REC-00651,subscription_record,PERSON,BURHAN WAHEED,18,31,planted,REDACT,uppercase_name
REC-00651-E03,REC-00651,subscription_record,EMAIL_ADDRESS,burhan.waheed907@example.com,64,92,planted,REDACT,
REC-00651-E04,REC-00651,subscription_record,ADDRESS,"H. No. 735, Shahrah-e-Faisal, Rawalpindi",95,135,planted,REDACT,addr_h_no
REC-00651-E05,REC-00651,subscription_record,POSTAL_CODE,70710,136,141,planted,REDACT,postal_after_city
REC-00652-E01,REC-00652,delivery_note,PERSON,Mahnoor Mirza,17,30,planted,REDACT,
REC-00652-E02,REC-00652,delivery_note,PERSON,Naveed Kayani,37,50,planted,REDACT,
REC-00652-E03,REC-00652,delivery_note,PHONE_NUMBER,0341 4456537,53,65,planted,REDACT,phone_local_space
REC-00652-E04,REC-00652,delivery_note,ADDRESS,"H. No. 159, MM Alam Road, Peshawar",68,102,planted,REDACT,addr_h_no
REC-00653-E01,REC-00653,customer_service_message,PERSON,Rizwan Kayani,6,19,planted,REDACT,
REC-00653-E02,REC-00653,customer_service_message,EMAIL_ADDRESS,rizwankayani@example.com,21,45,planted,REDACT,
REC-00653-E03,REC-00653,customer_service_message,CUSTOMER_ID,UBW-94596,75,84,planted,REDACT,
REC-00653-E04,REC-00653,customer_service_message,PERSON,Rizwan Kayani,214,227,planted,REDACT,repeated_value
REC-00654-E01,REC-00654,internal_operational_note,PERSON,Dania Mirza,11,22,planted,REDACT,
REC-00654-E02,REC-00654,internal_operational_note,CUSTOMER_ID,UBW-84301,43,52,planted,REDACT,
REC-00654-E03,REC-00654,internal_operational_note,CNIC,17101 5485389 2,68,83,planted,REDACT,cnic_spaced;heldout_format
REC-00654-E04,REC-00654,internal_operational_note,PHONE_NUMBER,03302872134,103,114,planted,REDACT,phone_local_plain
REC-00654-E05,REC-00654,internal_operational_note,PERSON,Yusra Mirza,118,129,planted,REDACT,
REC-00655-E01,REC-00655,delivery_order,PERSON,Usman Lodhi,75,86,planted,REDACT,
REC-00655-E02,REC-00655,delivery_order,CUSTOMER_ID,UBW-74107,99,108,planted,REDACT,
REC-00655-E03,REC-00655,delivery_order,ADDRESS,"House #963, Street 20, Block E, North Nazimabad, Hyderabad",120,178,planted,REDACT,addr_house_street_block
REC-00655-E04,REC-00655,delivery_order,POSTAL_CODE,26011,195,200,planted,REDACT,postal_labelled
REC-00655-E05,REC-00655,delivery_order,PHONE_NUMBER,0336.9062440,205,217,planted,REDACT,phone_dot_separated;heldout_format
REC-00656-E01,REC-00656,contact_form,PERSON,Omar Baig,26,35,planted,REDACT,
REC-00656-E02,REC-00656,contact_form,EMAIL_ADDRESS,omar.baig138@example.org,43,67,planted,REDACT,
REC-00657-E01,REC-00657,subscription_record,PERSON,Waqar Janjua,0,12,planted,REDACT,
REC-00657-E02,REC-00657,subscription_record,CUSTOMER_ID,UBW-40970,76,85,planted,REDACT,
REC-00657-E03,REC-00657,subscription_record,EMAIL_ADDRESS,w.janjua@example.com,102,122,planted,REDACT,
REC-00657-E04,REC-00657,subscription_record,ADDRESS,"Flat 2B, Al-Noor Heights, Askari 11, Karachi",149,193,planted,REDACT,addr_flat
REC-00657-E05,REC-00657,subscription_record,POSTAL_CODE,49597,207,212,planted,REDACT,postal_labelled
REC-00658-E01,REC-00658,delivery_note,PHONE_NUMBER,0336-5842624,24,36,planted,REDACT,phone_local_hyphen
REC-00658-E02,REC-00658,delivery_note,PERSON,Junaid Baig,67,78,planted,REDACT,
REC-00658-E03,REC-00658,delivery_note,ADDRESS,"Plot 311, Sector F-7/3, Islamabad",89,122,planted,REDACT,addr_plot_sector
REC-00658-E04,REC-00658,delivery_note,PERSON,Parveen Pervez,149,163,planted,REDACT,
REC-00659-E01,REC-00659,customer_service_message,PERSON,Layla Ghani,6,17,planted,REDACT,
REC-00659-E02,REC-00659,customer_service_message,EMAIL_ADDRESS,layla.ghani133@example.com,19,45,planted,REDACT,
REC-00659-E03,REC-00659,customer_service_message,PHONE_NUMBER,+923312281479,78,91,planted,REDACT,phone_intl_plain
REC-00659-E04,REC-00659,customer_service_message,PERSON,Layla Ghani,218,229,planted,REDACT,repeated_value
REC-00660-E01,REC-00660,internal_operational_note,PERSON,Sana Mirza,8,18,planted,REDACT,
REC-00660-E02,REC-00660,internal_operational_note,CUSTOMER_ID,UBW-49513,39,48,planted,REDACT,
REC-00660-E03,REC-00660,internal_operational_note,CNIC,33101-0381001-9,70,85,planted,REDACT,cnic_hyphen
REC-00660-E04,REC-00660,internal_operational_note,PHONE_NUMBER,0315-2955091,105,117,planted,REDACT,phone_local_hyphen
REC-00660-E05,REC-00660,internal_operational_note,PERSON,Kinza Cheema,121,133,planted,REDACT,
REC-00661-E01,REC-00661,delivery_order,PERSON,Ayesha Abbasi,25,38,planted,REDACT,
REC-00661-E02,REC-00661,delivery_order,PHONE_NUMBER,0315-6301135,45,57,planted,REDACT,phone_local_hyphen
REC-00661-E03,REC-00661,delivery_order,ADDRESS,"House #199, Street 24, Block F, Saddar, Sialkot",65,112,planted,REDACT,addr_house_street_block
REC-00662-E01,REC-00662,contact_form,EMAIL_ADDRESS,mehwishmalik@example.com,55,79,planted,REDACT,
REC-00662-E02,REC-00662,contact_form,CUSTOMER_ID,UBW-27083,87,96,planted,REDACT,
REC-00662-E03,REC-00662,contact_form,CNIC,21304-6498969-5,107,122,planted,REDACT,cnic_hyphen
REC-00662-E04,REC-00662,contact_form,PERSON,Mehwish Malik,130,143,planted,REDACT,
REC-00662-E05,REC-00662,contact_form,PHONE_NUMBER,0322 9222351,148,160,planted,REDACT,phone_local_space
REC-00663-E01,REC-00663,subscription_record,PERSON,Faizan Ahmed,0,12,planted,REDACT,
REC-00663-E02,REC-00663,subscription_record,CUSTOMER_ID,UBW-69175,78,87,planted,REDACT,
REC-00663-E03,REC-00663,subscription_record,EMAIL_ADDRESS,F.AHMED@EXAMPLE.COM,106,125,planted,REDACT,uppercase_email
REC-00663-E04,REC-00663,subscription_record,ADDRESS,"House No. 980, Murree Road, Cantt, Peshawar",152,195,planted,REDACT,addr_house_no_road
REC-00664-E01,REC-00664,delivery_note,PHONE_NUMBER,+92-313-7746810,31,46,planted,REDACT,phone_intl_hyphen
REC-00664-E02,REC-00664,delivery_note,PERSON,Ghulam Usmani,72,85,planted,REDACT,
REC-00664-E03,REC-00664,delivery_note,PERSON,Usman Sheikh,98,110,planted,REDACT,
REC-00664-E04,REC-00664,delivery_note,ADDRESS,"H. No. 46, Shahrah-e-Faisal, Lahore",121,156,planted,REDACT,addr_h_no
REC-00665-E01,REC-00665,customer_service_message,PERSON,Shahid Durrani,25,39,planted,REDACT,
REC-00665-E02,REC-00665,customer_service_message,EMAIL_ADDRESS,shahid.durrani419@example.com,50,79,planted,REDACT,
REC-00665-E03,REC-00665,customer_service_message,PHONE_NUMBER,+923211337271,82,95,planted,REDACT,phone_intl_plain
REC-00666-E01,REC-00666,internal_operational_note,PERSON,Rabia Dogar,63,74,planted,REDACT,
REC-00666-E02,REC-00666,internal_operational_note,PHONE_NUMBER,+923317145557,93,106,planted,REDACT,phone_intl_plain
REC-00666-E03,REC-00666,internal_operational_note,CNIC,5210142573978,121,134,planted,REDACT,cnic_plain
REC-00666-E04,REC-00666,internal_operational_note,CUSTOMER_ID,UBW-79689,154,163,planted,REDACT,
REC-00667-E01,REC-00667,delivery_order,PHONE_NUMBER,0341.9887051,83,95,planted,REDACT,phone_dot_separated;heldout_format
REC-00667-E02,REC-00667,delivery_order,CUSTOMER_ID,UBW-73655,110,119,planted,REDACT,
REC-00667-E03,REC-00667,delivery_order,PERSON,Zara Dogar,136,146,planted,REDACT,
REC-00667-E04,REC-00667,delivery_order,ADDRESS,"House #815, Street 8, Block A, Gulshan-e-Iqbal, Lahore",156,210,planted,REDACT,addr_house_street_block
REC-00667-E05,REC-00667,delivery_order,POSTAL_CODE,87137,211,216,planted,REDACT,postal_after_city
REC-00668-E01,REC-00668,contact_form,CNIC,38401-3914105-3,63,78,planted,REDACT,cnic_hyphen
REC-00668-E02,REC-00668,contact_form,PHONE_NUMBER,0333.8051249,93,105,planted,REDACT,phone_dot_separated;heldout_format
REC-00668-E03,REC-00668,contact_form,PERSON,Hira Tarar,116,126,planted,REDACT,
REC-00668-E04,REC-00668,contact_form,EMAIL_ADDRESS,hira_tarar979@example.com,135,160,planted,REDACT,
REC-00669-E01,REC-00669,subscription_record,PERSON,Burhan Sheikh,0,13,planted,REDACT,
REC-00669-E02,REC-00669,subscription_record,CUSTOMER_ID,UBW-68255,64,73,planted,REDACT,
REC-00669-E03,REC-00669,subscription_record,EMAIL_ADDRESS,burhan.sheikh241@example.net,92,120,planted,REDACT,
REC-00669-E04,REC-00669,subscription_record,ADDRESS,"Flat 19D, Sky Towers, DHA Phase 6, Sialkot",147,189,planted,REDACT,addr_flat
REC-00670-E01,REC-00670,delivery_note,ADDRESS,"H. No. 585, Murree Road, Rawalpindi",26,61,planted,REDACT,addr_h_no
REC-00670-E02,REC-00670,delivery_note,PERSON,Bina Siddiqui,89,102,planted,REDACT,
REC-00670-E03,REC-00670,delivery_note,PHONE_NUMBER,+92 322 8756805,139,154,planted,REDACT,phone_intl_space
REC-00670-E04,REC-00670,delivery_note,PERSON,Iqra Siddiqui,164,177,planted,REDACT,
REC-00671-E01,REC-00671,customer_service_message,PERSON,Zahida Hussain,6,20,planted,REDACT,
REC-00671-E02,REC-00671,customer_service_message,EMAIL_ADDRESS,zahida_hussain744@example.net,22,51,planted,REDACT,
REC-00671-E03,REC-00671,customer_service_message,PHONE_NUMBER,+923330839286,85,98,planted,REDACT,phone_intl_plain
REC-00671-E04,REC-00671,customer_service_message,PERSON,Zahida Hussain,230,244,planted,REDACT,repeated_value
REC-00672-E01,REC-00672,internal_operational_note,PERSON,Fatima Malik,63,75,planted,REDACT,
REC-00672-E02,REC-00672,internal_operational_note,CUSTOMER_ID,UBW-82510,95,104,planted,REDACT,
REC-00673-E01,REC-00673,delivery_order,PERSON,Rizwan Waheed,17,30,planted,REDACT,
REC-00673-E02,REC-00673,delivery_order,PHONE_NUMBER,0321-1714793,37,49,planted,REDACT,phone_local_hyphen
REC-00673-E03,REC-00673,delivery_order,ADDRESS,"House No. 956, Jail Road, Cantt, Islamabad",57,99,planted,REDACT,addr_house_no_road
REC-00674-E01,REC-00674,contact_form,EMAIL_ADDRESS,mehwish_osmani141@example.org,54,83,planted,REDACT,
REC-00674-E02,REC-00674,contact_form,PERSON,mehwish osmani,90,104,planted,REDACT,lowercase_name
REC-00675-E01,REC-00675,subscription_record,CUSTOMER_ID,UBW-44364,6,15,planted,REDACT,
REC-00675-E02,REC-00675,subscription_record,PERSON,Wasim Yaqoob,18,30,planted,REDACT,
REC-00675-E03,REC-00675,subscription_record,EMAIL_ADDRESS,w.yaqoob@example.com,60,80,planted,REDACT,
REC-00675-E04,REC-00675,subscription_record,ADDRESS,"House No. 769, University Road, Gulshan-e-Iqbal, Faisalabad",83,142,planted,REDACT,addr_house_no_road
REC-00675-E05,REC-00675,subscription_record,POSTAL_CODE,28958,143,148,planted,REDACT,postal_after_city
REC-00676-E01,REC-00676,delivery_note,PERSON,Mehwish Usmani,17,31,planted,REDACT,
REC-00676-E02,REC-00676,delivery_note,PERSON,Jawad Dogar,38,49,planted,REDACT,
REC-00676-E03,REC-00676,delivery_note,PHONE_NUMBER,+923038653473,52,65,planted,REDACT,phone_intl_plain
REC-00676-E04,REC-00676,delivery_note,ADDRESS,"House #609, Street 35, Block K, Garden Town, Faisalabad",68,123,planted,REDACT,addr_house_street_block
REC-00677-E01,REC-00677,customer_service_message,PHONE_NUMBER,+92-305-3799605,89,104,planted,REDACT,phone_intl_hyphen
REC-00677-E02,REC-00677,customer_service_message,EMAIL_ADDRESS,ayesha.dogar279@example.org,113,140,planted,REDACT,
REC-00677-E03,REC-00677,customer_service_message,PERSON,Ayesha Dogar,200,212,planted,REDACT,
REC-00677-E04,REC-00677,customer_service_message,CUSTOMER_ID,UBW-52788,214,223,planted,REDACT,
REC-00678-E01,REC-00678,internal_operational_note,PHONE_NUMBER,+923035491629,73,86,planted,REDACT,phone_intl_plain
REC-00678-E02,REC-00678,internal_operational_note,CUSTOMER_ID,UBW-59959,105,114,planted,REDACT,
REC-00678-E03,REC-00678,internal_operational_note,CNIC,33101-5260591-1,136,151,planted,REDACT,cnic_hyphen
REC-00678-E04,REC-00678,internal_operational_note,PERSON,Tariq Raza,165,175,planted,REDACT,
REC-00679-E01,REC-00679,delivery_order,PERSON,Saad Gillani,25,37,planted,REDACT,
REC-00679-E02,REC-00679,delivery_order,PHONE_NUMBER,+923061677861,44,57,planted,REDACT,phone_intl_plain
REC-00679-E03,REC-00679,delivery_order,ADDRESS,"H. No. 336, Jail Road, Faisalabad",65,98,planted,REDACT,addr_h_no
REC-00680-E01,REC-00680,contact_form,EMAIL_ADDRESS,bina.rajput301@example.org,51,77,planted,REDACT,
REC-00680-E02,REC-00680,contact_form,PHONE_NUMBER,03357296545,90,101,planted,REDACT,phone_local_plain
REC-00680-E03,REC-00680,contact_form,PERSON,Bina Rajput,109,120,planted,REDACT,
REC-00681-E01,REC-00681,subscription_record,CUSTOMER_ID,UBW-32925,6,15,planted,REDACT,
REC-00681-E02,REC-00681,subscription_record,PERSON,Mehwish Bano Usmani,18,37,planted,REDACT,three_token_name
REC-00681-E03,REC-00681,subscription_record,EMAIL_ADDRESS,m.usmani@example.com,70,90,planted,REDACT,
REC-00681-E04,REC-00681,subscription_record,ADDRESS,"Plot 877, Sector F-7/3, Islamabad",93,126,planted,REDACT,addr_plot_sector
REC-00681-E05,REC-00681,subscription_record,POSTAL_CODE,25520,127,132,planted,REDACT,postal_after_city
REC-00682-E01,REC-00682,delivery_note,PERSON,Naveed Waheed,23,36,planted,REDACT,
REC-00682-E02,REC-00682,delivery_note,PHONE_NUMBER,0305-1548539,54,66,planted,REDACT,phone_local_hyphen
REC-00682-E03,REC-00682,delivery_note,PERSON,Alia Farooqi,80,92,planted,REDACT,
REC-00682-E04,REC-00682,delivery_note,ADDRESS,"House No. 835, University Road, Satellite Town, Hyderabad",138,195,planted,REDACT,addr_house_no_road
REC-00683-E01,REC-00683,customer_service_message,PERSON,OMAR IQBAL,25,35,planted,REDACT,uppercase_name
REC-00683-E02,REC-00683,customer_service_message,EMAIL_ADDRESS,o.iqbal@example.org,46,65,planted,REDACT,
REC-00683-E03,REC-00683,customer_service_message,PHONE_NUMBER,0336 6473815,68,80,planted,REDACT,phone_local_space
REC-00684-E01,REC-00684,internal_operational_note,PERSON,Sana Tarar,10,20,planted,REDACT,
REC-00684-E02,REC-00684,internal_operational_note,CUSTOMER_ID,UBW-52506,41,50,planted,REDACT,
REC-00684-E03,REC-00684,internal_operational_note,CNIC,17101-4269208-5,72,87,planted,REDACT,cnic_hyphen
REC-00684-E04,REC-00684,internal_operational_note,PHONE_NUMBER,0313 0791030,107,119,planted,REDACT,phone_local_space
REC-00684-E05,REC-00684,internal_operational_note,PERSON,Wasim Osmani,123,135,planted,REDACT,
REC-00685-E01,REC-00685,delivery_order,PERSON,Adeel Khan,32,42,planted,REDACT,
REC-00685-E02,REC-00685,delivery_order,CUSTOMER_ID,UBW-99413,44,53,planted,REDACT,
REC-00685-E03,REC-00685,delivery_order,ADDRESS,"House #459, Street 19, Block J, Cantt, Bahawalpur",88,137,planted,REDACT,addr_house_street_block
REC-00685-E04,REC-00685,delivery_order,POSTAL_CODE,74389,139,144,planted,REDACT,postal_after_city
REC-00685-E05,REC-00685,delivery_order,PHONE_NUMBER,0306-3247214,165,177,planted,REDACT,phone_local_hyphen
REC-00686-E01,REC-00686,contact_form,PERSON,adeel lodhi,26,37,planted,REDACT,lowercase_name
REC-00686-E02,REC-00686,contact_form,EMAIL_ADDRESS,adeel_lodhi702@example.com,45,71,planted,REDACT,
REC-00686-E03,REC-00686,contact_form,PHONE_NUMBER,0300 9108383,79,91,planted,REDACT,phone_local_space
REC-00686-E04,REC-00686,contact_form,CNIC,35202-6493199-4,98,113,planted,REDACT,cnic_hyphen
REC-00687-E01,REC-00687,subscription_record,CUSTOMER_ID,UBW-23610,6,15,planted,REDACT,
REC-00687-E02,REC-00687,subscription_record,PERSON,Tahira Yaqoob,18,31,planted,REDACT,
REC-00687-E03,REC-00687,subscription_record,EMAIL_ADDRESS,tahirayaqoob@example.com,53,77,planted,REDACT,
REC-00687-E04,REC-00687,subscription_record,ADDRESS,"House No. 13, Main Boulevard, Faisal Town, Faisalabad",80,133,planted,REDACT,addr_house_no_road
REC-00687-E05,REC-00687,subscription_record,POSTAL_CODE,93148,135,140,planted,REDACT,postal_after_city
REC-00688-E01,REC-00688,delivery_note,PERSON,Iqra Hussain,7,19,planted,REDACT,
REC-00688-E02,REC-00688,delivery_note,PERSON,Wasim Sheikh,41,53,planted,REDACT,
REC-00688-E03,REC-00688,delivery_note,ADDRESS,"Shop 69, Saddar Bazaar, Rawalpindi",57,91,planted,REDACT,addr_shop
REC-00688-E04,REC-00688,delivery_note,PHONE_NUMBER,03300897366,101,112,planted,REDACT,phone_local_plain
REC-00689-E01,REC-00689,customer_service_message,PERSON,Faizan Yaqoob,25,38,planted,REDACT,
REC-00689-E02,REC-00689,customer_service_message,EMAIL_ADDRESS,faizanyaqoob@example.net,49,73,planted,REDACT,
REC-00690-E01,REC-00690,internal_operational_note,PERSON,Naveed Javed,11,23,planted,REDACT,
REC-00690-E02,REC-00690,internal_operational_note,CUSTOMER_ID,UBW-68905,44,53,planted,REDACT,
REC-00690-E03,REC-00690,internal_operational_note,CNIC,5210190671967,69,82,planted,REDACT,cnic_plain
REC-00690-E04,REC-00690,internal_operational_note,PHONE_NUMBER,03120611180,102,113,planted,REDACT,phone_local_plain
REC-00690-E05,REC-00690,internal_operational_note,PERSON,Mehwish Durrani,117,132,planted,REDACT,
REC-00691-E01,REC-00691,delivery_order,PERSON,Uzma Qureshi,17,29,planted,REDACT,
REC-00691-E02,REC-00691,delivery_order,PHONE_NUMBER,03361731464,36,47,planted,REDACT,phone_local_plain
REC-00691-E03,REC-00691,delivery_order,ADDRESS,"House #662, Street 36, Block H, Gulberg III, Lahore",55,106,planted,REDACT,addr_house_street_block
REC-00692-E01,REC-00692,contact_form,PERSON,Parveen Khan,26,38,planted,REDACT,
REC-00692-E02,REC-00692,contact_form,EMAIL_ADDRESS,PARVEEN.KHAN190@EXAMPLE.COM,46,73,planted,REDACT,uppercase_email
REC-00692-E03,REC-00692,contact_form,PHONE_NUMBER,+923237739482,81,94,planted,REDACT,phone_intl_plain
REC-00693-E01,REC-00693,subscription_record,PERSON,Naveed Cheema,0,13,planted,REDACT,
REC-00693-E02,REC-00693,subscription_record,CUSTOMER_ID,UBW-95180,77,86,planted,REDACT,
REC-00693-E03,REC-00693,subscription_record,EMAIL_ADDRESS,n.cheema@example.com,105,125,planted,REDACT,
REC-00693-E04,REC-00693,subscription_record,ADDRESS,"near City Hospital gate, behind Saddar Bazaar, Rawalpindi",152,209,planted,REDACT,addr_landmark;heldout_format
REC-00694-E01,REC-00694,delivery_note,PERSON,Uzma Javed,7,17,planted,REDACT,
REC-00694-E02,REC-00694,delivery_note,PERSON,Yusra Yaqoob,39,51,planted,REDACT,
REC-00694-E03,REC-00694,delivery_note,ADDRESS,"H. No. 938, Ferozepur Road, Peshawar",55,91,planted,REDACT,addr_h_no
REC-00694-E04,REC-00694,delivery_note,PHONE_NUMBER,0311-0283563,101,113,planted,REDACT,phone_local_hyphen
REC-00695-E01,REC-00695,customer_service_message,PERSON,iqra javed zuberi,25,42,planted,REDACT,three_token_name;lowercase_name
REC-00695-E02,REC-00695,customer_service_message,EMAIL_ADDRESS,iqra_zuberi996@example.org,53,79,planted,REDACT,
REC-00696-E01,REC-00696,internal_operational_note,CNIC,21304-9423725-4,75,90,planted,REDACT,cnic_hyphen
REC-00696-E02,REC-00696,internal_operational_note,CUSTOMER_ID,UBW-87526,109,118,planted,REDACT,
REC-00696-E03,REC-00696,internal_operational_note,PERSON,Tahira Bano Usmani,133,151,planted,REDACT,three_token_name
REC-00696-E04,REC-00696,internal_operational_note,PHONE_NUMBER,+92 301 877 1006,174,190,planted,REDACT,phone_intl_space_split
REC-00697-E01,REC-00697,delivery_order,PERSON,Kinza Mirza,25,36,planted,REDACT,
REC-00697-E02,REC-00697,delivery_order,PHONE_NUMBER,+92 323 0392144,42,57,planted,REDACT,phone_intl_space
REC-00697-E03,REC-00697,delivery_order,ADDRESS,"Plot 130, Sector G-9/2, Islamabad",65,98,planted,REDACT,addr_plot_sector
REC-00697-E04,REC-00697,delivery_order,POSTAL_CODE,21400,100,105,planted,REDACT,postal_after_city
REC-00698-E01,REC-00698,contact_form,PHONE_NUMBER,0334 5273994,51,63,planted,REDACT,phone_local_space
REC-00698-E02,REC-00698,contact_form,CUSTOMER_ID,UBW-69889,74,83,planted,REDACT,
REC-00698-E03,REC-00698,contact_form,PERSON,Uzma Ahmed,95,105,planted,REDACT,
REC-00698-E04,REC-00698,contact_form,EMAIL_ADDRESS,u.ahmed@example.com,114,133,planted,REDACT,
REC-00699-E01,REC-00699,subscription_record,PERSON,Asif Bukhari,59,71,planted,REDACT,
REC-00699-E02,REC-00699,subscription_record,EMAIL_ADDRESS,A.BUKHARI@EXAMPLE.COM,103,124,planted,REDACT,uppercase_email
REC-00699-E03,REC-00699,subscription_record,ADDRESS,"Flat 12D, Al-Noor Heights, Gulistan-e-Jauhar Block 15, Islamabad",141,205,planted,REDACT,addr_flat
REC-00699-E04,REC-00699,subscription_record,POSTAL_CODE,12367,221,226,planted,REDACT,postal_labelled
REC-00699-E05,REC-00699,subscription_record,CUSTOMER_ID,UBW-16524,239,248,planted,REDACT,
REC-00700-E01,REC-00700,delivery_note,PERSON,TARIQ ALI BUKHARI,7,24,planted,REDACT,three_token_name;uppercase_name
REC-00700-E02,REC-00700,delivery_note,PERSON,Farhat Tarar,47,59,planted,REDACT,
REC-00700-E03,REC-00700,delivery_note,ADDRESS,"House No. 626, Ferozepur Road, Faisal Town, Karachi",63,114,planted,REDACT,addr_house_no_road
REC-00700-E04,REC-00700,delivery_note,PHONE_NUMBER,0305-9636177,132,144,planted,REDACT,phone_local_hyphen
REC-00701-E01,REC-00701,customer_service_message,PHONE_NUMBER,0303-7217356,97,109,planted,REDACT,phone_local_hyphen;unicode_context
REC-00701-E02,REC-00701,customer_service_message,EMAIL_ADDRESS,adeel_chaudhry55@example.com,118,146,planted,REDACT,unicode_context
REC-00701-E03,REC-00701,customer_service_message,PERSON,Adeel Chaudhry,206,220,planted,REDACT,unicode_context
REC-00701-E04,REC-00701,customer_service_message,CUSTOMER_ID,UBW-87810,222,231,planted,REDACT,unicode_context
REC-00702-E01,REC-00702,internal_operational_note,PERSON,Tahira Khan,10,21,planted,REDACT,
REC-00702-E02,REC-00702,internal_operational_note,CUSTOMER_ID,UBW-64159,42,51,planted,REDACT,
REC-00702-E03,REC-00702,internal_operational_note,CNIC,33101-4681322-8,67,82,planted,REDACT,cnic_hyphen
REC-00702-E04,REC-00702,internal_operational_note,PHONE_NUMBER,+92 330 578 1659,102,118,planted,REDACT,phone_intl_space_split
REC-00702-E05,REC-00702,internal_operational_note,PERSON,Bina Tarar,122,132,planted,REDACT,
REC-00703-E01,REC-00703,delivery_order,PHONE_NUMBER,03159033185,72,83,planted,REDACT,phone_local_plain
REC-00703-E02,REC-00703,delivery_order,PERSON,Alia Osmani,96,107,planted,REDACT,
REC-00703-E03,REC-00703,delivery_order,ADDRESS,"House #793, Street 5, Block A, Bahria Town, Bahawalpur",118,172,planted,REDACT,addr_house_street_block
REC-00703-E04,REC-00703,delivery_order,POSTAL_CODE,53553,175,180,planted,REDACT,postal_after_city
REC-00703-E05,REC-00703,delivery_order,CUSTOMER_ID,UBW-15951,191,200,planted,REDACT,
REC-00704-E01,REC-00704,contact_form,EMAIL_ADDRESS,b.dogar@example.org,63,82,planted,REDACT,
REC-00704-E02,REC-00704,contact_form,PHONE_NUMBER,+923236041577,87,100,planted,REDACT,phone_intl_plain
REC-00704-E03,REC-00704,contact_form,CNIC,21304-5912948-2,115,130,planted,REDACT,cnic_hyphen
REC-00704-E04,REC-00704,contact_form,PERSON,Bina Dogar,137,147,planted,REDACT,
REC-00705-E01,REC-00705,subscription_record,CUSTOMER_ID,UBW-51123,6,15,planted,REDACT,
REC-00705-E02,REC-00705,subscription_record,PERSON,hassan mirza,18,30,planted,REDACT,lowercase_name
REC-00705-E03,REC-00705,subscription_record,EMAIL_ADDRESS,h.mirza@example.org,47,66,planted,REDACT,
REC-00705-E04,REC-00705,subscription_record,ADDRESS,"House #1, Street 6, Block C, Model Town, Islamabad",69,119,planted,REDACT,addr_house_street_block
REC-00706-E01,REC-00706,delivery_note,PERSON,Mehwish Ali Durrani,24,43,planted,REDACT,three_token_name
REC-00706-E02,REC-00706,delivery_note,PHONE_NUMBER,0092-310-5822105,72,88,planted,REDACT,phone_intl00_hyphen
REC-00706-E03,REC-00706,delivery_note,PERSON,Ayesha Lodhi,115,127,planted,REDACT,
REC-00706-E04,REC-00706,delivery_note,ADDRESS,"near the main roundabout, behind Hyderi Market, Gujranwala",139,197,planted,REDACT,addr_landmark;heldout_format
REC-00707-E01,REC-00707,customer_service_message,PERSON,Noreen Ahmed,6,18,planted,REDACT,
REC-00707-E02,REC-00707,customer_service_message,EMAIL_ADDRESS,noreen.ahmed4@example.com,20,45,planted,REDACT,
REC-00707-E03,REC-00707,customer_service_message,CUSTOMER_ID,UBW-76385,82,91,planted,REDACT,
REC-00707-E04,REC-00707,customer_service_message,PERSON,Noreen Ahmed,218,230,planted,REDACT,repeated_value
REC-00708-E01,REC-00708,internal_operational_note,PERSON,Usman Bukhari,10,23,planted,REDACT,
REC-00708-E02,REC-00708,internal_operational_note,CUSTOMER_ID,UBW-15990,44,53,planted,REDACT,
REC-00708-E03,REC-00708,internal_operational_note,CNIC,52101 9690671 1,67,82,planted,REDACT,cnic_spaced;heldout_format
REC-00708-E04,REC-00708,internal_operational_note,PHONE_NUMBER,0301-6837673,102,114,planted,REDACT,phone_local_hyphen
REC-00708-E05,REC-00708,internal_operational_note,PERSON,Ehsan Mirza,118,129,planted,REDACT,
REC-00709-E01,REC-00709,delivery_order,PERSON,Hassan Farooqi,17,31,planted,REDACT,
REC-00709-E02,REC-00709,delivery_order,PHONE_NUMBER,+92 301 4053977,37,52,planted,REDACT,phone_intl_space
REC-00709-E03,REC-00709,delivery_order,ADDRESS,"near the main roundabout, behind Moon Market, Hyderabad",60,115,planted,REDACT,addr_landmark;heldout_format
REC-00709-E04,REC-00709,delivery_order,POSTAL_CODE,26424,116,121,planted,REDACT,postal_after_city
REC-00710-E01,REC-00710,contact_form,EMAIL_ADDRESS,m.cheema+water@example.com,56,82,planted,REDACT,email_plus
REC-00710-E02,REC-00710,contact_form,CNIC,17101-5253006-5,88,103,planted,REDACT,cnic_hyphen
REC-00710-E03,REC-00710,contact_form,PHONE_NUMBER,+92-303-8275030,114,129,planted,REDACT,phone_intl_hyphen
REC-00710-E04,REC-00710,contact_form,CUSTOMER_ID,UBW-27040,142,151,planted,REDACT,
REC-00710-E05,REC-00710,contact_form,PERSON,Mahnoor Cheema,164,178,planted,REDACT,
REC-00711-E01,REC-00711,subscription_record,ADDRESS,"near City Hospital gate, behind Hyderi Market, Quetta",63,116,planted,REDACT,addr_landmark;heldout_format
REC-00711-E02,REC-00711,subscription_record,POSTAL_CODE,81176,130,135,planted,REDACT,postal_labelled
REC-00711-E03,REC-00711,subscription_record,PERSON,Hira Dogar,148,158,planted,REDACT,
REC-00711-E04,REC-00711,subscription_record,EMAIL_ADDRESS,hira.dogar289@example.org,167,192,planted,REDACT,
REC-00711-E05,REC-00711,subscription_record,CUSTOMER_ID,UBW-69132,206,215,planted,REDACT,
REC-00712-E01,REC-00712,delivery_note,PERSON,Parveen Qureshi,17,32,planted,REDACT,
REC-00712-E02,REC-00712,delivery_note,PERSON,Qasim Niazi,39,50,planted,REDACT,
REC-00712-E03,REC-00712,delivery_note,PHONE_NUMBER,0340-2867507,53,65,planted,REDACT,phone_local_hyphen
REC-00712-E04,REC-00712,delivery_note,ADDRESS,"House #805, Street 8, Block J, Cantt, Hyderabad",68,115,planted,REDACT,addr_house_street_block
REC-00713-E01,REC-00713,customer_service_message,PERSON,Kinza Hashmi,25,37,planted,REDACT,
REC-00713-E02,REC-00713,customer_service_message,EMAIL_ADDRESS,kinzahashmi@example.net,48,71,planted,REDACT,
REC-00713-E03,REC-00713,customer_service_message,PHONE_NUMBER,+923219545817,74,87,planted,REDACT,phone_intl_plain
REC-00714-E01,REC-00714,internal_operational_note,PERSON,Ehsan Raza,10,20,planted,REDACT,
REC-00714-E02,REC-00714,internal_operational_note,CUSTOMER_ID,UBW-89150,41,50,planted,REDACT,
REC-00714-E03,REC-00714,internal_operational_note,CNIC,52101-8046216-3,72,87,planted,REDACT,cnic_hyphen
REC-00714-E04,REC-00714,internal_operational_note,PHONE_NUMBER,0323-2593308,107,119,planted,REDACT,phone_local_hyphen
REC-00714-E05,REC-00714,internal_operational_note,PERSON,Saima Chaudhry,123,137,planted,REDACT,
REC-00715-E01,REC-00715,delivery_order,PHONE_NUMBER,+923332726525,81,94,planted,REDACT,phone_intl_plain
REC-00715-E02,REC-00715,delivery_order,PERSON,Hassan Hashmi,107,120,planted,REDACT,
REC-00715-E03,REC-00715,delivery_order,ADDRESS,"House #565, Street 14, Block K, Bahria Town, Islamabad",131,185,planted,REDACT,addr_house_street_block
REC-00715-E04,REC-00715,delivery_order,POSTAL_CODE,80340,186,191,planted,REDACT,postal_after_city
REC-00716-E01,REC-00716,contact_form,EMAIL_ADDRESS,shahid_khan510@example.com,52,78,planted,REDACT,
REC-00716-E02,REC-00716,contact_form,CUSTOMER_ID,UBW-64778,94,103,planted,REDACT,
REC-00716-E03,REC-00716,contact_form,CNIC,61101-8444612-2,115,130,planted,REDACT,cnic_hyphen
REC-00716-E04,REC-00716,contact_form,PERSON,Shahid Khan,136,147,planted,REDACT,
REC-00717-E01,REC-00717,subscription_record,PERSON,Yusra Rajput,58,70,planted,REDACT,
REC-00717-E02,REC-00717,subscription_record,ADDRESS,"House No. 397, Mall Road, Model Town, Sialkot",87,132,planted,REDACT,addr_house_no_road
REC-00717-E03,REC-00717,subscription_record,CUSTOMER_ID,UBW-84381,148,157,planted,REDACT,
REC-00717-E04,REC-00717,subscription_record,POSTAL_CODE,29770,171,176,planted,REDACT,postal_labelled
REC-00717-E05,REC-00717,subscription_record,EMAIL_ADDRESS,yusra.rajput270@example.net,192,219,planted,REDACT,
REC-00718-E01,REC-00718,delivery_note,PERSON,Shahid Qureshi,7,21,planted,REDACT,
REC-00718-E02,REC-00718,delivery_note,PERSON,Bina Cheema,44,55,planted,REDACT,
REC-00718-E03,REC-00718,delivery_note,ADDRESS,"H. No. 91, University Road, Lahore",59,93,planted,REDACT,addr_h_no
REC-00718-E04,REC-00718,delivery_note,PHONE_NUMBER,+92-323-2259717,103,118,planted,REDACT,phone_intl_hyphen
REC-00719-E01,REC-00719,customer_service_message,PERSON,Ehsan Tarar,25,36,planted,REDACT,unicode_context
REC-00719-E02,REC-00719,customer_service_message,EMAIL_ADDRESS,ehsantarar@example.net,47,69,planted,REDACT,unicode_context
REC-00719-E03,REC-00719,customer_service_message,PHONE_NUMBER,0335.8271038,72,84,planted,REDACT,phone_dot_separated;heldout_format;unicode_context
REC-00720-E01,REC-00720,internal_operational_note,CUSTOMER_ID,UBW-36347,71,80,planted,REDACT,
REC-00720-E02,REC-00720,internal_operational_note,CNIC,6110161343081,96,109,planted,REDACT,cnic_plain
REC-00720-E03,REC-00720,internal_operational_note,PERSON,Noreen Waheed,122,135,planted,REDACT,
REC-00721-E01,REC-00721,delivery_order,PERSON,Hamza Toor,25,35,planted,REDACT,
REC-00721-E02,REC-00721,delivery_order,PHONE_NUMBER,0313 5628815,42,54,planted,REDACT,phone_local_space
REC-00721-E03,REC-00721,delivery_order,ADDRESS,"near the old water tank, behind Anarkali Bazaar, Multan",62,117,planted,REDACT,addr_landmark;heldout_format
REC-00721-E04,REC-00721,delivery_order,POSTAL_CODE,58590,118,123,planted,REDACT,postal_after_city
REC-00722-E01,REC-00722,contact_form,PERSON,Saad Toor,24,33,planted,REDACT,
REC-00722-E02,REC-00722,contact_form,EMAIL_ADDRESS,s.toor+water@example.net,52,76,planted,REDACT,email_plus
REC-00722-E03,REC-00722,contact_form,PHONE_NUMBER,+92 340 513 9691,84,100,planted,REDACT,phone_intl_space_split
REC-00722-E04,REC-00722,contact_form,CNIC,21304-3109904-7,113,128,planted,REDACT,cnic_hyphen
REC-00723-E01,REC-00723,subscription_record,ADDRESS,"House No. 126, University Road, Gulberg III, Peshawar",63,116,planted,REDACT,addr_house_no_road
REC-00723-E02,REC-00723,subscription_record,POSTAL_CODE,97516,117,122,planted,REDACT,postal_after_city
REC-00723-E03,REC-00723,subscription_record,EMAIL_ADDRESS,ayeshakayani@example.net,133,157,planted,REDACT,
REC-00723-E04,REC-00723,subscription_record,CUSTOMER_ID,UBW-44704,168,177,planted,REDACT,
REC-00723-E05,REC-00723,subscription_record,PERSON,Ayesha Kayani,210,223,planted,REDACT,
REC-00724-E01,REC-00724,delivery_note,ADDRESS,"H. No. 817, Murree Road, Hyderabad",25,59,planted,REDACT,addr_h_no
REC-00724-E02,REC-00724,delivery_note,PHONE_NUMBER,0313.2956450,83,95,planted,REDACT,phone_dot_separated;heldout_format
REC-00724-E03,REC-00724,delivery_note,PERSON,Uzma Janjua,104,115,planted,REDACT,
REC-00724-E04,REC-00724,delivery_note,PERSON,Zara Yaqoob,126,137,planted,REDACT,
REC-00725-E01,REC-00725,customer_service_message,PERSON,OMAR JANJUA,6,17,planted,REDACT,uppercase_name;unicode_context
REC-00725-E02,REC-00725,customer_service_message,EMAIL_ADDRESS,o.janjua@example.net,19,39,planted,REDACT,unicode_context
REC-00725-E03,REC-00725,customer_service_message,CUSTOMER_ID,UBW-99445,74,83,planted,REDACT,unicode_context
REC-00725-E04,REC-00725,customer_service_message,PHONE_NUMBER,0306-8117570,95,107,planted,REDACT,phone_local_hyphen;unicode_context
REC-00725-E05,REC-00725,customer_service_message,PERSON,OMAR JANJUA,241,252,planted,REDACT,uppercase_name;unicode_context;repeated_value
REC-00726-E01,REC-00726,internal_operational_note,PERSON,Palwasha Lodhi,8,22,planted,REDACT,
REC-00726-E02,REC-00726,internal_operational_note,CUSTOMER_ID,UBW-35967,43,52,planted,REDACT,
REC-00726-E03,REC-00726,internal_operational_note,CNIC,6110104494443,72,85,planted,REDACT,cnic_plain;no_context
REC-00726-E04,REC-00726,internal_operational_note,PHONE_NUMBER,03068692233,122,133,planted,REDACT,phone_local_plain
REC-00726-E05,REC-00726,internal_operational_note,PERSON,Imran Rajput,137,149,planted,REDACT,
REC-00727-E01,REC-00727,delivery_order,PERSON,Usman Ansari,25,37,planted,REDACT,
REC-00727-E02,REC-00727,delivery_order,PHONE_NUMBER,+92 345 357 7047,43,59,planted,REDACT,phone_intl_space_split
REC-00727-E03,REC-00727,delivery_order,ADDRESS,"near the old water tank, behind Moon Market, Islamabad",67,121,planted,REDACT,addr_landmark;heldout_format
REC-00727-E04,REC-00727,delivery_order,POSTAL_CODE,68024,123,128,planted,REDACT,postal_after_city
REC-00728-E01,REC-00728,contact_form,PERSON,Mehwish Qureshi,26,41,planted,REDACT,
REC-00728-E02,REC-00728,contact_form,EMAIL_ADDRESS,mehwishqureshi@example.net,49,75,planted,REDACT,
REC-00728-E03,REC-00728,contact_form,PHONE_NUMBER,0323-1537431,83,95,planted,REDACT,phone_local_hyphen
REC-00729-E01,REC-00729,subscription_record,CUSTOMER_ID,UBW-92853,6,15,planted,REDACT,
REC-00729-E02,REC-00729,subscription_record,PERSON,Parveen Niazi,18,31,planted,REDACT,
REC-00729-E03,REC-00729,subscription_record,EMAIL_ADDRESS,parveen_niazi128@example.com,61,89,planted,REDACT,
REC-00729-E04,REC-00729,subscription_record,ADDRESS,"h no 228, st 36, wapda town, hyderabad",92,130,planted,REDACT,addr_abbrev_lower
REC-00730-E01,REC-00730,delivery_note,PERSON,Kinza Sheikh,17,29,planted,REDACT,
REC-00730-E02,REC-00730,delivery_note,PERSON,Imran Leghari,36,49,planted,REDACT,
REC-00730-E03,REC-00730,delivery_note,PHONE_NUMBER,03063520198,52,63,planted,REDACT,phone_local_plain
REC-00730-E04,REC-00730,delivery_note,ADDRESS,"near the old water tank, behind Jinnah Super Market, Rawalpindi",66,129,planted,REDACT,addr_landmark;heldout_format
REC-00731-E01,REC-00731,customer_service_message,PHONE_NUMBER,0322-6795231,69,81,planted,REDACT,phone_local_hyphen
REC-00731-E02,REC-00731,customer_service_message,EMAIL_ADDRESS,zahidausmani@example.net,90,114,planted,REDACT,
REC-00731-E03,REC-00731,customer_service_message,PERSON,Zahida Usmani,174,187,planted,REDACT,
REC-00731-E04,REC-00731,customer_service_message,CUSTOMER_ID,UBW-17492,189,198,planted,REDACT,
REC-00732-E01,REC-00732,internal_operational_note,PERSON,Noreen Leghari,11,25,planted,REDACT,
REC-00732-E02,REC-00732,internal_operational_note,CUSTOMER_ID,UBW-94902,46,55,planted,REDACT,
REC-00732-E03,REC-00732,internal_operational_note,CNIC,38401-0105913-8,75,90,planted,REDACT,cnic_hyphen;no_context
REC-00732-E04,REC-00732,internal_operational_note,PHONE_NUMBER,0323-8250637,127,139,planted,REDACT,phone_local_hyphen
REC-00732-E05,REC-00732,internal_operational_note,PERSON,Hassan Cheema,143,156,planted,REDACT,
REC-00733-E01,REC-00733,delivery_order,PERSON,Bina Iqbal,23,33,planted,REDACT,
REC-00733-E02,REC-00733,delivery_order,CUSTOMER_ID,UBW-97027,35,44,planted,REDACT,
REC-00733-E03,REC-00733,delivery_order,ADDRESS,"House #179, Street 26, Block A, Satellite Town, Peshawar",79,135,planted,REDACT,addr_house_street_block
REC-00733-E04,REC-00733,delivery_order,PHONE_NUMBER,0345-1203548,149,161,planted,REDACT,phone_local_hyphen
REC-00734-E01,REC-00734,contact_form,PERSON,Waqar Farooqi,26,39,planted,REDACT,
REC-00734-E02,REC-00734,contact_form,EMAIL_ADDRESS,waqar.farooqi378@example.net,47,75,planted,REDACT,
REC-00735-E01,REC-00735,subscription_record,PERSON,Uzma Malik,59,69,planted,REDACT,
REC-00735-E02,REC-00735,subscription_record,CUSTOMER_ID,UBW-75028,110,119,planted,REDACT,
REC-00735-E03,REC-00735,subscription_record,ADDRESS,"House #683, Street 1, Block B, Cantt, Islamabad",138,185,planted,REDACT,addr_house_street_block
REC-00735-E04,REC-00735,subscription_record,EMAIL_ADDRESS,UZMA_MALIK823+WATER@EXAMPLE.COM,202,233,planted,REDACT,email_plus;uppercase_email
REC-00735-E05,REC-00735,subscription_record,POSTAL_CODE,95462,247,252,planted,REDACT,postal_labelled
REC-00736-E01,REC-00736,delivery_note,PERSON,Naveed Siddiqui,17,32,planted,REDACT,
REC-00736-E02,REC-00736,delivery_note,PERSON,Burhan Pervez,39,52,planted,REDACT,
REC-00736-E03,REC-00736,delivery_note,PHONE_NUMBER,0092-315-3406031,55,71,planted,REDACT,phone_intl00_hyphen
REC-00736-E04,REC-00736,delivery_note,ADDRESS,"House #646, Street 25, Block F, Bahria Town, Lahore",74,125,planted,REDACT,addr_house_street_block
REC-00737-E01,REC-00737,customer_service_message,PHONE_NUMBER,0322-8158591,95,107,planted,REDACT,phone_local_hyphen
REC-00737-E02,REC-00737,customer_service_message,EMAIL_ADDRESS,yusra.zuberi163@example.com,118,145,planted,REDACT,
REC-00737-E03,REC-00737,customer_service_message,PERSON,Yusra Zuberi,205,217,planted,REDACT,
REC-00737-E04,REC-00737,customer_service_message,CUSTOMER_ID,UBW-59563,219,228,planted,REDACT,
REC-00738-E01,REC-00738,internal_operational_note,PERSON,Mahnoor Dogar,10,23,planted,REDACT,
REC-00738-E02,REC-00738,internal_operational_note,CUSTOMER_ID,UBW-67050,44,53,planted,REDACT,
REC-00738-E03,REC-00738,internal_operational_note,CNIC,33101-1493623-7,73,88,planted,REDACT,cnic_hyphen;no_context
REC-00738-E04,REC-00738,internal_operational_note,PHONE_NUMBER,03319950329,125,136,planted,REDACT,phone_local_plain
REC-00738-E05,REC-00738,internal_operational_note,PERSON,Shahid Bano Durrani,140,159,planted,REDACT,three_token_name
REC-00739-E01,REC-00739,delivery_order,PERSON,Kinza Chaudhry,23,37,planted,REDACT,
REC-00739-E02,REC-00739,delivery_order,CUSTOMER_ID,UBW-60609,39,48,planted,REDACT,
REC-00739-E03,REC-00739,delivery_order,ADDRESS,"House No. 482, Tariq Road, Gulberg III, Rawalpindi",83,133,planted,REDACT,addr_house_no_road
REC-00739-E04,REC-00739,delivery_order,POSTAL_CODE,87183,135,140,planted,REDACT,postal_after_city
REC-00739-E05,REC-00739,delivery_order,PHONE_NUMBER,0312-5922413,147,159,planted,REDACT,phone_local_hyphen
REC-00740-E01,REC-00740,contact_form,CUSTOMER_ID,UBW-49283,60,69,planted,REDACT,
REC-00740-E02,REC-00740,contact_form,PERSON,hira qureshi,76,88,planted,REDACT,lowercase_name
REC-00740-E03,REC-00740,contact_form,EMAIL_ADDRESS,h.qureshi@example.com,107,128,planted,REDACT,
REC-00740-E04,REC-00740,contact_form,CNIC,17101-3462315-7,146,161,planted,REDACT,cnic_hyphen
REC-00741-E01,REC-00741,subscription_record,CUSTOMER_ID,UBW-29150,6,15,planted,REDACT,
REC-00741-E02,REC-00741,subscription_record,PERSON,Zara Janjua,18,29,planted,REDACT,
REC-00741-E03,REC-00741,subscription_record,EMAIL_ADDRESS,z.janjua@example.com,46,66,planted,REDACT,
REC-00741-E04,REC-00741,subscription_record,ADDRESS,"Plot 717, Sector F-10/2, Islamabad",69,103,planted,REDACT,addr_plot_sector
REC-00741-E05,REC-00741,subscription_record,POSTAL_CODE,32457,106,111,planted,REDACT,postal_after_city
REC-00742-E01,REC-00742,delivery_note,PERSON,Waqar Siddiqui,61,75,planted,REDACT,
REC-00742-E02,REC-00742,delivery_note,PHONE_NUMBER,+92 313 167 3677,93,109,planted,REDACT,phone_intl_space_split
REC-00742-E03,REC-00742,delivery_note,ADDRESS,"House No. 991, Main Boulevard, Shadman, Lahore",118,164,planted,REDACT,addr_house_no_road
REC-00742-E04,REC-00742,delivery_note,PERSON,Noreen Leghari,173,187,planted,REDACT,
REC-00743-E01,REC-00743,customer_service_message,PHONE_NUMBER,0092-321-6601537,90,106,planted,REDACT,phone_intl00_hyphen
REC-00743-E02,REC-00743,customer_service_message,EMAIL_ADDRESS,w.durrani@example.com,115,136,planted,REDACT,
REC-00743-E03,REC-00743,customer_service_message,PERSON,Waqar Durrani,196,209,planted,REDACT,
REC-00743-E04,REC-00743,customer_service_message,CUSTOMER_ID,UBW-56692,211,220,planted,REDACT,
REC-00744-E01,REC-00744,internal_operational_note,CUSTOMER_ID,UBW-44221,70,79,planted,REDACT,
REC-00744-E02,REC-00744,internal_operational_note,PHONE_NUMBER,+92 311 4351588,99,114,planted,REDACT,phone_intl_space
REC-00744-E03,REC-00744,internal_operational_note,PERSON,Naveed Ahmed,127,139,planted,REDACT,
REC-00745-E01,REC-00745,delivery_order,PERSON,Saad Ahmed Hashmi,25,42,planted,REDACT,three_token_name
REC-00745-E02,REC-00745,delivery_order,PHONE_NUMBER,+923308463009,48,61,planted,REDACT,phone_intl_plain
REC-00745-E03,REC-00745,delivery_order,ADDRESS,"Plot 821, Sector E-11/3, Islamabad",69,103,planted,REDACT,addr_plot_sector
REC-00746-E01,REC-00746,contact_form,CNIC,42101-5068364-4,72,87,planted,REDACT,cnic_hyphen
REC-00746-E02,REC-00746,contact_form,PHONE_NUMBER,03314420728,99,110,planted,REDACT,phone_local_plain
REC-00746-E03,REC-00746,contact_form,PERSON,Hira Durrani,117,129,planted,REDACT,
REC-00746-E04,REC-00746,contact_form,EMAIL_ADDRESS,hira.durrani663@example.org,136,163,planted,REDACT,
REC-00747-E01,REC-00747,subscription_record,PERSON,Tahira Baig,0,11,planted,REDACT,
REC-00747-E02,REC-00747,subscription_record,CUSTOMER_ID,UBW-28611,62,71,planted,REDACT,
REC-00747-E03,REC-00747,subscription_record,EMAIL_ADDRESS,tahira_baig452@example.net,90,116,planted,REDACT,
REC-00747-E04,REC-00747,subscription_record,ADDRESS,"near Jamia Masjid, behind Anarkali Bazaar, Quetta",143,192,planted,REDACT,addr_landmark;heldout_format
REC-00747-E05,REC-00747,subscription_record,POSTAL_CODE,65950,206,211,planted,REDACT,postal_labelled
REC-00748-E01,REC-00748,delivery_note,PERSON,Ghulam Ahmed Pervez,17,36,planted,REDACT,three_token_name
REC-00748-E02,REC-00748,delivery_note,PERSON,Adeel Tarar,43,54,planted,REDACT,
REC-00748-E03,REC-00748,delivery_note,PHONE_NUMBER,0300-3637045,57,69,planted,REDACT,phone_local_hyphen
REC-00748-E04,REC-00748,delivery_note,ADDRESS,"House No. 48, Ferozepur Road, Satellite Town, Islamabad",72,127,planted,REDACT,addr_house_no_road
REC-00749-E01,REC-00749,customer_service_message,PERSON,Adeel Baig,6,16,planted,REDACT,
REC-00749-E02,REC-00749,customer_service_message,EMAIL_ADDRESS,adeelbaig@example.org,18,39,planted,REDACT,
REC-00749-E03,REC-00749,customer_service_message,CUSTOMER_ID,UBW-43940,74,83,planted,REDACT,
REC-00749-E04,REC-00749,customer_service_message,PERSON,Adeel Baig,209,219,planted,REDACT,repeated_value
REC-00750-E01,REC-00750,internal_operational_note,PERSON,KIRAN MIRZA,65,76,planted,REDACT,uppercase_name
REC-00750-E02,REC-00750,internal_operational_note,CUSTOMER_ID,UBW-67764,96,105,planted,REDACT,
REC-00750-E03,REC-00750,internal_operational_note,PHONE_NUMBER,+923412488697,124,137,planted,REDACT,phone_intl_plain
REC-00751-E01,REC-00751,delivery_order,PERSON,nadia ghani,32,43,planted,REDACT,lowercase_name
REC-00751-E02,REC-00751,delivery_order,CUSTOMER_ID,UBW-16553,45,54,planted,REDACT,
REC-00751-E03,REC-00751,delivery_order,ADDRESS,"House No. 705, Shahrah-e-Faisal, North Nazimabad, Multan",88,144,planted,REDACT,addr_house_no_road
REC-00751-E04,REC-00751,delivery_order,POSTAL_CODE,90503,147,152,planted,REDACT,postal_after_city
REC-00751-E05,REC-00751,delivery_order,PHONE_NUMBER,+92 334 0704032,173,188,planted,REDACT,phone_intl_space
REC-00752-E01,REC-00752,contact_form,CNIC,3310141905014,59,72,planted,REDACT,cnic_plain
REC-00752-E02,REC-00752,contact_form,PHONE_NUMBER,0306-8258248,86,98,planted,REDACT,phone_local_hyphen
REC-00752-E03,REC-00752,contact_form,PERSON,Alia Sheikh,110,121,planted,REDACT,
REC-00752-E04,REC-00752,contact_form,EMAIL_ADDRESS,a.sheikh@example.com,129,149,planted,REDACT,
REC-00753-E01,REC-00753,subscription_record,CUSTOMER_ID,UBW-34833,6,15,planted,REDACT,
REC-00753-E02,REC-00753,subscription_record,PERSON,yusra bano zuberi,18,35,planted,REDACT,three_token_name;lowercase_name
REC-00753-E03,REC-00753,subscription_record,EMAIL_ADDRESS,yusrazuberi@example.net,57,80,planted,REDACT,
REC-00753-E04,REC-00753,subscription_record,ADDRESS,"Shop 10, Hyderi Market, Gujranwala",83,117,planted,REDACT,addr_shop
REC-00753-E05,REC-00753,subscription_record,POSTAL_CODE,51054,120,125,planted,REDACT,postal_after_city
REC-00754-E01,REC-00754,delivery_note,PHONE_NUMBER,+92 333 7955173,21,36,planted,REDACT,phone_intl_space
REC-00754-E02,REC-00754,delivery_note,ADDRESS,"House No. 164, Jail Road, Cantt, Islamabad",49,91,planted,REDACT,addr_house_no_road
REC-00754-E03,REC-00754,delivery_note,PERSON,Adeel Yaqoob,138,150,planted,REDACT,
REC-00754-E04,REC-00754,delivery_note,PERSON,Kinza Pervez,160,172,planted,REDACT,
REC-00755-E01,REC-00755,customer_service_message,PHONE_NUMBER,0321 4348804,87,99,planted,REDACT,phone_local_space
REC-00755-E02,REC-00755,customer_service_message,EMAIL_ADDRESS,s.khan@example.com,110,128,planted,REDACT,
REC-00755-E03,REC-00755,customer_service_message,PERSON,Sana Khan,188,197,planted,REDACT,
REC-00755-E04,REC-00755,customer_service_message,CUSTOMER_ID,UBW-91723,199,208,planted,REDACT,
REC-00756-E01,REC-00756,internal_operational_note,PERSON,Fatima Chaudhry,10,25,planted,REDACT,
REC-00756-E02,REC-00756,internal_operational_note,CUSTOMER_ID,UBW-39419,46,55,planted,REDACT,
REC-00756-E03,REC-00756,internal_operational_note,CNIC,61101-1583118-3,69,84,planted,REDACT,cnic_hyphen
REC-00756-E04,REC-00756,internal_operational_note,PHONE_NUMBER,0341-1404386,104,116,planted,REDACT,phone_local_hyphen
REC-00756-E05,REC-00756,internal_operational_note,PERSON,Noreen Hashmi,120,133,planted,REDACT,
REC-00757-E01,REC-00757,delivery_order,PERSON,Sana Iqbal,32,42,planted,REDACT,
REC-00757-E02,REC-00757,delivery_order,CUSTOMER_ID,UBW-52823,44,53,planted,REDACT,
REC-00757-E03,REC-00757,delivery_order,ADDRESS,"Flat 1A, Pearl Residencia, DHA Phase 6, Peshawar",88,136,planted,REDACT,addr_flat
REC-00757-E04,REC-00757,delivery_order,PHONE_NUMBER,0092-335-6998722,157,173,planted,REDACT,phone_intl00_hyphen
REC-00758-E01,REC-00758,contact_form,PHONE_NUMBER,+923236739854,55,68,planted,REDACT,phone_intl_plain
REC-00758-E02,REC-00758,contact_form,CNIC,17101-5214228-2,82,97,planted,REDACT,cnic_hyphen
REC-00758-E03,REC-00758,contact_form,EMAIL_ADDRESS,waqar_osmani251@example.net,107,134,planted,REDACT,
REC-00758-E04,REC-00758,contact_form,PERSON,Waqar Osmani,144,156,planted,REDACT,
REC-00759-E01,REC-00759,subscription_record,CUSTOMER_ID,UBW-17472,6,15,planted,REDACT,
REC-00759-E02,REC-00759,subscription_record,PERSON,Alia Janjua,18,29,planted,REDACT,
REC-00759-E03,REC-00759,subscription_record,EMAIL_ADDRESS,a.janjua@example.com,51,71,planted,REDACT,
REC-00759-E04,REC-00759,subscription_record,ADDRESS,"H. No. 114, Shahrah-e-Faisal, Rawalpindi",74,114,planted,REDACT,addr_h_no
REC-00759-E05,REC-00759,subscription_record,POSTAL_CODE,12608,117,122,planted,REDACT,postal_after_city
REC-00760-E01,REC-00760,delivery_note,PERSON,Hassan Ahmed,17,29,planted,REDACT,
REC-00760-E02,REC-00760,delivery_note,PERSON,Parveen Siddiqui,36,52,planted,REDACT,
REC-00760-E03,REC-00760,delivery_note,PHONE_NUMBER,0305-0064572,55,67,planted,REDACT,phone_local_hyphen
REC-00760-E04,REC-00760,delivery_note,ADDRESS,"House No. 335, Ferozepur Road, Bahria Town, Karachi",70,121,planted,REDACT,addr_house_no_road
REC-00761-E01,REC-00761,customer_service_message,PERSON,Ayesha Ansari,6,19,planted,REDACT,
REC-00761-E02,REC-00761,customer_service_message,EMAIL_ADDRESS,ayesha_ansari863@example.com,21,49,planted,REDACT,
REC-00761-E03,REC-00761,customer_service_message,CUSTOMER_ID,UBW-17817,84,93,planted,REDACT,
REC-00761-E04,REC-00761,customer_service_message,PHONE_NUMBER,+92 340 1047699,102,117,planted,REDACT,phone_intl_space
REC-00761-E05,REC-00761,customer_service_message,PERSON,Ayesha Ansari,246,259,planted,REDACT,repeated_value
REC-00762-E01,REC-00762,internal_operational_note,PERSON,Saad Pervez,11,22,planted,REDACT,
REC-00762-E02,REC-00762,internal_operational_note,CUSTOMER_ID,UBW-20918,43,52,planted,REDACT,
REC-00762-E03,REC-00762,internal_operational_note,CNIC,1710129701237,74,87,planted,REDACT,cnic_plain
REC-00762-E04,REC-00762,internal_operational_note,PHONE_NUMBER,+92 341 909 8804,107,123,planted,REDACT,phone_intl_space_split
REC-00762-E05,REC-00762,internal_operational_note,PERSON,Alia Cheema,127,138,planted,REDACT,
REC-00763-E01,REC-00763,delivery_order,PERSON,Kiran Ahmed,32,43,planted,REDACT,
REC-00763-E02,REC-00763,delivery_order,CUSTOMER_ID,UBW-80852,45,54,planted,REDACT,
REC-00763-E03,REC-00763,delivery_order,ADDRESS,"near the old water tank, behind Liberty Market, Bahawalpur",89,147,planted,REDACT,addr_landmark;heldout_format
REC-00763-E04,REC-00763,delivery_order,PHONE_NUMBER,+923103374318,154,167,planted,REDACT,phone_intl_plain
REC-00764-E01,REC-00764,contact_form,EMAIL_ADDRESS,dania_baig395@example.com,53,78,planted,REDACT,
REC-00764-E02,REC-00764,contact_form,CUSTOMER_ID,UBW-95745,91,100,planted,REDACT,
REC-00764-E03,REC-00764,contact_form,PERSON,Dania Baig,106,116,planted,REDACT,
REC-00764-E04,REC-00764,contact_form,CNIC,41302-8768556-2,123,138,planted,REDACT,cnic_hyphen
REC-00764-E05,REC-00764,contact_form,PHONE_NUMBER,+92 322 976 4359,147,163,planted,REDACT,phone_intl_space_split
REC-00765-E01,REC-00765,subscription_record,PERSON,Luqman Pervez,57,70,planted,REDACT,
REC-00765-E02,REC-00765,subscription_record,CUSTOMER_ID,UBW-27891,78,87,planted,REDACT,
REC-00765-E03,REC-00765,subscription_record,POSTAL_CODE,49041,123,128,planted,REDACT,postal_labelled
REC-00765-E04,REC-00765,subscription_record,EMAIL_ADDRESS,luqmanpervez@example.net,144,168,planted,REDACT,
REC-00765-E05,REC-00765,subscription_record,ADDRESS,"H. No. 10, Murree Road, Gujranwala",188,222,planted,REDACT,addr_h_no
REC-00766-E01,REC-00766,delivery_note,PERSON,Bina Iqbal,7,17,planted,REDACT,
REC-00766-E02,REC-00766,delivery_note,PERSON,Mahnoor Rajput,40,54,planted,REDACT,
REC-00766-E03,REC-00766,delivery_note,ADDRESS,"Shop 38, Hyderi Market, Lahore",58,88,planted,REDACT,addr_shop
REC-00766-E04,REC-00766,delivery_note,PHONE_NUMBER,0336 8999882,107,119,planted,REDACT,phone_local_space
REC-00767-E01,REC-00767,customer_service_message,PERSON,Parveen Osmani,6,20,planted,REDACT,
REC-00767-E02,REC-00767,customer_service_message,EMAIL_ADDRESS,p.osmani@example.com,22,42,planted,REDACT,
REC-00767-E03,REC-00767,customer_service_message,PHONE_NUMBER,0331-0655729,71,83,planted,REDACT,phone_local_hyphen
REC-00767-E04,REC-00767,customer_service_message,PERSON,Parveen Osmani,212,226,planted,REDACT,repeated_value
REC-00768-E01,REC-00768,internal_operational_note,CUSTOMER_ID,UBW-80891,71,80,planted,REDACT,
REC-00768-E02,REC-00768,internal_operational_note,CNIC,3520292833746,96,109,planted,REDACT,cnic_plain
REC-00768-E03,REC-00768,internal_operational_note,PHONE_NUMBER,+92 333 439 4145,130,146,planted,REDACT,phone_intl_space_split
REC-00768-E04,REC-00768,internal_operational_note,PERSON,Kiran Noor Qureshi,159,177,planted,REDACT,three_token_name
REC-00769-E01,REC-00769,delivery_order,PERSON,Waqar Niazi,17,28,planted,REDACT,
REC-00769-E02,REC-00769,delivery_order,PHONE_NUMBER,+923157247643,34,47,planted,REDACT,phone_intl_plain
REC-00769-E03,REC-00769,delivery_order,ADDRESS,"H. No. 515, Murree Road, Karachi",55,87,planted,REDACT,addr_h_no
REC-00769-E04,REC-00769,delivery_order,POSTAL_CODE,12556,90,95,planted,REDACT,postal_after_city
REC-00770-E01,REC-00770,contact_form,PERSON,Ghulam Hassan Iqbal,12,31,planted,REDACT,three_token_name
REC-00770-E02,REC-00770,contact_form,EMAIL_ADDRESS,g.iqbal@example.com,50,69,planted,REDACT,
REC-00770-E03,REC-00770,contact_form,PHONE_NUMBER,0092 323 8119299,87,103,planted,REDACT,phone_intl00_space
REC-00770-E04,REC-00770,contact_form,CNIC,21304-7078969-9,128,143,planted,REDACT,cnic_hyphen
REC-00771-E01,REC-00771,subscription_record,CUSTOMER_ID,UBW-38240,6,15,planted,REDACT,
REC-00771-E02,REC-00771,subscription_record,PERSON,Dania Ansari,18,30,planted,REDACT,
REC-00771-E03,REC-00771,subscription_record,EMAIL_ADDRESS,dania_ansari141@example.org,62,89,planted,REDACT,
REC-00771-E04,REC-00771,subscription_record,ADDRESS,"House #128, Street 39, Block A, Clifton, Islamabad",92,142,planted,REDACT,addr_house_street_block
REC-00772-E01,REC-00772,delivery_note,PERSON,Palwasha Waheed,7,22,planted,REDACT,
REC-00772-E02,REC-00772,delivery_note,PERSON,Tariq Usmani,45,57,planted,REDACT,
REC-00772-E03,REC-00772,delivery_note,ADDRESS,"House No. 869, Tariq Road, Satellite Town, Lahore",61,110,planted,REDACT,addr_house_no_road
REC-00772-E04,REC-00772,delivery_note,PHONE_NUMBER,+92 340 733 2874,128,144,planted,REDACT,phone_intl_space_split
REC-00773-E01,REC-00773,customer_service_message,PERSON,Ehsan Ansari,25,37,planted,REDACT,
REC-00773-E02,REC-00773,customer_service_message,EMAIL_ADDRESS,ehsan.ansari4@example.org,48,73,planted,REDACT,
REC-00773-E03,REC-00773,customer_service_message,PHONE_NUMBER,0303-1140673,76,88,planted,REDACT,phone_local_hyphen
REC-00774-E01,REC-00774,internal_operational_note,PHONE_NUMBER,0336-5121645,71,83,planted,REDACT,phone_local_hyphen
REC-00774-E02,REC-00774,internal_operational_note,PERSON,Kinza Toor,97,107,planted,REDACT,
REC-00774-E03,REC-00774,internal_operational_note,CUSTOMER_ID,UBW-52104,127,136,planted,REDACT,
REC-00775-E01,REC-00775,delivery_order,PERSON,Tahira Bukhari,23,37,planted,REDACT,
REC-00775-E02,REC-00775,delivery_order,CUSTOMER_ID,UBW-25608,39,48,planted,REDACT,
REC-00775-E03,REC-00775,delivery_order,ADDRESS,"Plot 303, Sector G-9/2, Islamabad",83,116,planted,REDACT,addr_plot_sector
REC-00775-E04,REC-00775,delivery_order,POSTAL_CODE,70456,119,124,planted,REDACT,postal_after_city
REC-00775-E05,REC-00775,delivery_order,PHONE_NUMBER,0331-8873878,131,143,planted,REDACT,phone_local_hyphen
REC-00776-E01,REC-00776,contact_form,PERSON,Tariq Baig,26,36,planted,REDACT,
REC-00776-E02,REC-00776,contact_form,EMAIL_ADDRESS,tariqbaig@example.com,44,65,planted,REDACT,
REC-00777-E01,REC-00777,subscription_record,CUSTOMER_ID,UBW-50072,6,15,planted,REDACT,
REC-00777-E02,REC-00777,subscription_record,PERSON,Iqra Ansari,18,29,planted,REDACT,
REC-00777-E03,REC-00777,subscription_record,EMAIL_ADDRESS,iqra_ansari202+water@example.net,62,94,planted,REDACT,email_plus
REC-00777-E04,REC-00777,subscription_record,ADDRESS,"House No. 321, Ferozepur Road, Johar Town, Lahore",97,146,planted,REDACT,addr_house_no_road
REC-00778-E01,REC-00778,delivery_note,PERSON,Rizwan Durrani,7,21,planted,REDACT,
REC-00778-E02,REC-00778,delivery_note,PERSON,Kiran Ansari,44,56,planted,REDACT,
REC-00778-E03,REC-00778,delivery_note,ADDRESS,"House #454, Street 25, Block C, Cantt, Quetta",60,105,planted,REDACT,addr_house_street_block
REC-00778-E04,REC-00778,delivery_note,PHONE_NUMBER,03238330961,123,134,planted,REDACT,phone_local_plain
REC-00779-E01,REC-00779,customer_service_message,PHONE_NUMBER,+92 336 048 6424,91,107,planted,REDACT,phone_intl_space_split
REC-00779-E02,REC-00779,customer_service_message,EMAIL_ADDRESS,nadia_abbasi269@example.org,116,143,planted,REDACT,
REC-00779-E03,REC-00779,customer_service_message,PERSON,Nadia Abbasi,203,215,planted,REDACT,
REC-00779-E04,REC-00779,customer_service_message,CUSTOMER_ID,UBW-14840,217,226,planted,REDACT,
REC-00780-E01,REC-00780,internal_operational_note,PERSON,Hamza Zuberi,8,20,planted,REDACT,
REC-00780-E02,REC-00780,internal_operational_note,CUSTOMER_ID,UBW-80818,41,50,planted,REDACT,
REC-00780-E03,REC-00780,internal_operational_note,CNIC,33101-6540806-5,72,87,planted,REDACT,cnic_hyphen
REC-00780-E04,REC-00780,internal_operational_note,PHONE_NUMBER,+923154823279,107,120,planted,REDACT,phone_intl_plain
REC-00780-E05,REC-00780,internal_operational_note,PERSON,Bilal Siddiqui,124,138,planted,REDACT,
REC-00781-E01,REC-00781,delivery_order,PERSON,Alia Kayani,77,88,planted,REDACT,
REC-00781-E02,REC-00781,delivery_order,CUSTOMER_ID,UBW-26569,103,112,planted,REDACT,
REC-00781-E03,REC-00781,delivery_order,ADDRESS,"House No. 585, Jail Road, Garden Town, Bahawalpur",132,181,planted,REDACT,addr_house_no_road
REC-00781-E04,REC-00781,delivery_order,POSTAL_CODE,78144,183,188,planted,REDACT,postal_after_city
REC-00781-E05,REC-00781,delivery_order,PHONE_NUMBER,+92 322 8225504,199,214,planted,REDACT,phone_intl_space
REC-00782-E01,REC-00782,contact_form,CUSTOMER_ID,ubw-85554,59,68,planted,REDACT,custid_lowercase
REC-00782-E02,REC-00782,contact_form,EMAIL_ADDRESS,n.pervez@example.net,83,103,planted,REDACT,
REC-00782-E03,REC-00782,contact_form,PERSON,Noreen Pervez,111,124,planted,REDACT,
REC-00782-E04,REC-00782,contact_form,PHONE_NUMBER,0312-8249090,131,143,planted,REDACT,phone_local_hyphen
REC-00783-E01,REC-00783,subscription_record,PERSON,Adeel Iqbal,0,11,planted,REDACT,
REC-00783-E02,REC-00783,subscription_record,CUSTOMER_ID,ubw-65914,76,85,planted,REDACT,custid_lowercase
REC-00783-E03,REC-00783,subscription_record,EMAIL_ADDRESS,adeel.iqbal11@example.net,102,127,planted,REDACT,
REC-00784-E01,REC-00784,delivery_note,PHONE_NUMBER,0321 8907521,24,36,planted,REDACT,phone_local_space
REC-00784-E02,REC-00784,delivery_note,PERSON,SHAHID HASSAN IQBAL,63,82,planted,REDACT,three_token_name;uppercase_name
REC-00784-E03,REC-00784,delivery_note,PERSON,Nadia Waheed,94,106,planted,REDACT,
REC-00784-E04,REC-00784,delivery_note,ADDRESS,"H. No. 776, Mall Road, Peshawar",119,150,planted,REDACT,addr_h_no
REC-00785-E01,REC-00785,customer_service_message,PHONE_NUMBER,+923012248548,72,85,planted,REDACT,phone_intl_plain
REC-00785-E02,REC-00785,customer_service_message,EMAIL_ADDRESS,waqar.mirza104@example.com,94,120,planted,REDACT,
REC-00785-E03,REC-00785,customer_service_message,PERSON,Waqar Mirza,180,191,planted,REDACT,
REC-00785-E04,REC-00785,customer_service_message,CUSTOMER_ID,UBW-76592,193,202,planted,REDACT,
REC-00787-E01,REC-00787,delivery_order,PERSON,Sana Tarar,23,33,planted,REDACT,
REC-00787-E02,REC-00787,delivery_order,CUSTOMER_ID,UBW-23428,35,44,planted,REDACT,
REC-00787-E03,REC-00787,delivery_order,ADDRESS,"House #214, Street 28, Block C, Shadman, Peshawar",79,128,planted,REDACT,addr_house_street_block
REC-00787-E04,REC-00787,delivery_order,PHONE_NUMBER,0300 443 0170,135,148,planted,REDACT,phone_local_4_3_4;heldout_format
REC-00788-E01,REC-00788,contact_form,PERSON,Saad Baig,26,35,planted,REDACT,
REC-00788-E02,REC-00788,contact_form,EMAIL_ADDRESS,saad.baig429@example.org,43,67,planted,REDACT,
REC-00788-E03,REC-00788,contact_form,PHONE_NUMBER,0092-345-0060293,75,91,planted,REDACT,phone_intl00_hyphen
REC-00788-E04,REC-00788,contact_form,CNIC,61101-8483505-9,98,113,planted,REDACT,cnic_hyphen
REC-00789-E01,REC-00789,subscription_record,PERSON,Farhat Iqbal,0,12,planted,REDACT,
REC-00789-E02,REC-00789,subscription_record,CUSTOMER_ID,UBW-94122,63,72,planted,REDACT,
REC-00789-E03,REC-00789,subscription_record,EMAIL_ADDRESS,f.iqbal@example.org,91,110,planted,REDACT,
REC-00790-E01,REC-00790,delivery_note,PERSON,Fatima Niazi,7,19,planted,REDACT,
REC-00790-E02,REC-00790,delivery_note,PERSON,Rizwan Rajput,42,55,planted,REDACT,
REC-00790-E03,REC-00790,delivery_note,ADDRESS,"Flat 17B, Askari Tower 2, Bahria Town Phase 4, Multan",59,112,planted,REDACT,addr_flat
REC-00790-E04,REC-00790,delivery_note,PHONE_NUMBER,03337435451,131,142,planted,REDACT,phone_local_plain
REC-00791-E01,REC-00791,customer_service_message,PHONE_NUMBER,+92 330 038 9098,72,88,planted,REDACT,phone_intl_space_split
REC-00791-E02,REC-00791,customer_service_message,EMAIL_ADDRESS,kiran.qureshi965@example.com,97,125,planted,REDACT,
REC-00791-E03,REC-00791,customer_service_message,PERSON,Kiran Qureshi,185,198,planted,REDACT,
REC-00791-E04,REC-00791,customer_service_message,CUSTOMER_ID,UBW-34417,200,209,planted,REDACT,
REC-00792-E01,REC-00792,internal_operational_note,CUSTOMER_ID,UBW-70532,69,78,planted,REDACT,
REC-00792-E02,REC-00792,internal_operational_note,CNIC,55202-9924816-5,96,111,planted,REDACT,cnic_hyphen
REC-00792-E03,REC-00792,internal_operational_note,PERSON,Iqra Lodhi,124,134,planted,REDACT,
REC-00793-E01,REC-00793,delivery_order,ADDRESS,"House #508, Street 20, Block C, Model Town, Lahore",81,131,planted,REDACT,addr_house_street_block
REC-00793-E02,REC-00793,delivery_order,POSTAL_CODE,47960,145,150,planted,REDACT,postal_labelled
REC-00793-E03,REC-00793,delivery_order,CUSTOMER_ID,UBW-11833,157,166,planted,REDACT,
REC-00793-E04,REC-00793,delivery_order,PERSON,Omar Cheema,182,193,planted,REDACT,
REC-00793-E05,REC-00793,delivery_order,PHONE_NUMBER,+92 311 307 5804,201,217,planted,REDACT,phone_intl_space_split
REC-00794-E01,REC-00794,contact_form,PHONE_NUMBER,0336.0206766,52,64,planted,REDACT,phone_dot_separated;heldout_format
REC-00794-E02,REC-00794,contact_form,PERSON,Ayesha Zuberi,72,85,planted,REDACT,
REC-00794-E03,REC-00794,contact_form,EMAIL_ADDRESS,ayesha.zuberi62@example.com,93,120,planted,REDACT,
REC-00795-E01,REC-00795,subscription_record,ADDRESS,"H. No. 845, Tariq Road, Islamabad",63,96,planted,REDACT,addr_h_no
REC-00795-E02,REC-00795,subscription_record,EMAIL_ADDRESS,parveen_tarar855+water@example.org,112,146,planted,REDACT,email_plus
REC-00795-E03,REC-00795,subscription_record,PERSON,Parveen Tarar,158,171,planted,REDACT,
REC-00795-E04,REC-00795,subscription_record,POSTAL_CODE,49522,185,190,planted,REDACT,postal_labelled
REC-00795-E05,REC-00795,subscription_record,CUSTOMER_ID,UBW-48421,230,239,planted,REDACT,
REC-00796-E01,REC-00796,delivery_note,PERSON,Bina Javed Tarar,17,33,planted,REDACT,three_token_name
REC-00796-E02,REC-00796,delivery_note,PERSON,Farhat Ansari,40,53,planted,REDACT,
REC-00796-E03,REC-00796,delivery_note,PHONE_NUMBER,0306 1774504,56,68,planted,REDACT,phone_local_space
REC-00796-E04,REC-00796,delivery_note,ADDRESS,"House #114, Street 21, Block J, Cantt, Gujranwala",71,120,planted,REDACT,addr_house_street_block
REC-00797-E01,REC-00797,customer_service_message,PERSON,Mehwish Usmani,6,20,planted,REDACT,
REC-00797-E02,REC-00797,customer_service_message,EMAIL_ADDRESS,mehwish_usmani262@example.org,22,51,planted,REDACT,
REC-00797-E03,REC-00797,customer_service_message,CUSTOMER_ID,UBW-26633,88,97,planted,REDACT,
REC-00797-E04,REC-00797,customer_service_message,PHONE_NUMBER,0092-334-7068258,107,123,planted,REDACT,phone_intl00_hyphen
REC-00797-E05,REC-00797,customer_service_message,PERSON,Mehwish Usmani,251,265,planted,REDACT,repeated_value
REC-00799-E01,REC-00799,delivery_order,PHONE_NUMBER,0092-310-1105921,69,85,planted,REDACT,phone_intl00_hyphen
REC-00799-E02,REC-00799,delivery_order,ADDRESS,"near the main roundabout, behind Anarkali Bazaar, Rawalpindi",97,157,planted,REDACT,addr_landmark;heldout_format
REC-00799-E03,REC-00799,delivery_order,POSTAL_CODE,99957,158,163,planted,REDACT,postal_after_city
REC-00799-E04,REC-00799,delivery_order,PERSON,Dania Toor,178,188,planted,REDACT,
REC-00799-E05,REC-00799,delivery_order,CUSTOMER_ID,UBW-29449,195,204,planted,REDACT,
REC-00800-E01,REC-00800,contact_form,PERSON,Hamza Malik,12,23,planted,REDACT,
REC-00800-E02,REC-00800,contact_form,EMAIL_ADDRESS,hamza_malik758@example.com,37,63,planted,REDACT,
REC-00800-E03,REC-00800,contact_form,PHONE_NUMBER,+92 321 5036546,81,96,planted,REDACT,phone_intl_space
REC-00800-E04,REC-00800,contact_form,CNIC,35202-9187424-7,111,126,planted,REDACT,cnic_hyphen
REC-00801-E01,REC-00801,subscription_record,PERSON,Tahira Raza,0,11,planted,REDACT,
REC-00801-E02,REC-00801,subscription_record,CUSTOMER_ID,UBW-43965,78,87,planted,REDACT,
REC-00801-E03,REC-00801,subscription_record,EMAIL_ADDRESS,tahiraraza@example.com,104,126,planted,REDACT,
REC-00801-E04,REC-00801,subscription_record,ADDRESS,"House #679, Street 39, Block J, Wapda Town, Lahore",153,203,planted,REDACT,addr_house_street_block
REC-00801-E05,REC-00801,subscription_record,POSTAL_CODE,58415,217,222,planted,REDACT,postal_labelled
REC-00802-E01,REC-00802,delivery_note,ADDRESS,"House No. 280, Mall Road, North Nazimabad, Bahawalpur",24,77,planted,REDACT,addr_house_no_road
REC-00802-E02,REC-00802,delivery_note,PERSON,usman toor,123,133,planted,REDACT,lowercase_name
REC-00802-E03,REC-00802,delivery_note,PERSON,Sana Ahmed Ahmed,142,158,planted,REDACT,three_token_name
REC-00802-E04,REC-00802,delivery_note,PHONE_NUMBER,03364200727,168,179,planted,REDACT,phone_local_plain
REC-00803-E01,REC-00803,customer_service_message,PERSON,Nadia Kayani,25,37,planted,REDACT,
REC-00803-E02,REC-00803,customer_service_message,EMAIL_ADDRESS,nadiakayani@example.com,48,71,planted,REDACT,
REC-00803-E03,REC-00803,customer_service_message,PHONE_NUMBER,+92 300 4943561,74,89,planted,REDACT,phone_intl_space
REC-00804-E01,REC-00804,internal_operational_note,PHONE_NUMBER,03231919686,70,81,planted,REDACT,phone_local_plain
REC-00804-E02,REC-00804,internal_operational_note,PERSON,Ehsan Hashmi,95,107,planted,REDACT,
REC-00804-E03,REC-00804,internal_operational_note,CNIC,4210177955043,123,136,planted,REDACT,cnic_plain
REC-00804-E04,REC-00804,internal_operational_note,CUSTOMER_ID,UBW-55344,158,167,planted,REDACT,
REC-00805-E01,REC-00805,delivery_order,PERSON,Faizan Sheikh,17,30,planted,REDACT,
REC-00805-E02,REC-00805,delivery_order,PHONE_NUMBER,0330-7301883,36,48,planted,REDACT,phone_local_hyphen
REC-00805-E03,REC-00805,delivery_order,ADDRESS,"Plot 979, Sector E-11/3, Islamabad",56,90,planted,REDACT,addr_plot_sector
REC-00806-E01,REC-00806,contact_form,PERSON,Tahira Waheed,26,39,planted,REDACT,
REC-00806-E02,REC-00806,contact_form,EMAIL_ADDRESS,TAHIRA.WAHEED637@EXAMPLE.COM,47,75,planted,REDACT,uppercase_email
REC-00806-E03,REC-00806,contact_form,CNIC,33101 8251338 3,82,97,planted,REDACT,cnic_spaced;heldout_format
REC-00807-E01,REC-00807,subscription_record,PERSON,Tariq Lodhi,58,69,planted,REDACT,
REC-00807-E02,REC-00807,subscription_record,CUSTOMER_ID,UBW-60780,82,91,planted,REDACT,
REC-00807-E03,REC-00807,subscription_record,POSTAL_CODE,64828,129,134,planted,REDACT,postal_labelled
REC-00807-E04,REC-00807,subscription_record,ADDRESS,"House #4, Street 33, Block G, Faisal Town, Quetta",152,201,planted,REDACT,addr_house_street_block
REC-00807-E05,REC-00807,subscription_record,EMAIL_ADDRESS,tariq.lodhi768@example.org,211,237,planted,REDACT,
REC-00808-E01,REC-00808,delivery_note,PERSON,Adeel Cheema,26,38,planted,REDACT,
REC-00808-E02,REC-00808,delivery_note,ADDRESS,"h no 756, st 23, model town, sialkot",69,105,planted,REDACT,addr_abbrev_lower
REC-00808-E03,REC-00808,delivery_note,PERSON,Saad Javed Waheed,115,132,planted,REDACT,three_token_name
REC-00808-E04,REC-00808,delivery_note,PHONE_NUMBER,0321-7261575,160,172,planted,REDACT,phone_local_hyphen
REC-00809-E01,REC-00809,customer_service_message,PERSON,Noreen Farooqi,6,20,planted,REDACT,
REC-00809-E02,REC-00809,customer_service_message,EMAIL_ADDRESS,noreen_farooqi550+water@example.org,22,57,planted,REDACT,email_plus
REC-00809-E03,REC-00809,customer_service_message,CUSTOMER_ID,UBW-22889,92,101,planted,REDACT,
REC-00809-E04,REC-00809,customer_service_message,PHONE_NUMBER,0092-300-5827007,110,126,planted,REDACT,phone_intl00_hyphen
REC-00809-E05,REC-00809,customer_service_message,PERSON,Noreen Farooqi,254,268,planted,REDACT,repeated_value
REC-00810-E01,REC-00810,internal_operational_note,CUSTOMER_ID,UBW-23170,70,79,planted,REDACT,
REC-00810-E02,REC-00810,internal_operational_note,CNIC,42101-3399663-3,93,108,planted,REDACT,cnic_hyphen
REC-00810-E03,REC-00810,internal_operational_note,PHONE_NUMBER,+92 334 646 0076,129,145,planted,REDACT,phone_intl_space_split
REC-00810-E04,REC-00810,internal_operational_note,PERSON,Shahid Noor Dogar,159,176,planted,REDACT,three_token_name
REC-00811-E01,REC-00811,delivery_order,PERSON,Burhan Cheema,23,36,planted,REDACT,
REC-00811-E02,REC-00811,delivery_order,ADDRESS,"Plot 101, Sector F-10/2, Islamabad",70,104,planted,REDACT,addr_plot_sector
REC-00811-E03,REC-00811,delivery_order,PHONE_NUMBER,0322 085 4439,125,138,planted,REDACT,phone_local_4_3_4;heldout_format
REC-00812-E01,REC-00812,contact_form,PERSON,Luqman Zuberi,26,39,planted,REDACT,
REC-00812-E02,REC-00812,contact_form,EMAIL_ADDRESS,luqman.zuberi24@example.com,47,74,planted,REDACT,
REC-00812-E03,REC-00812,contact_form,PHONE_NUMBER,+923318767542,82,95,planted,REDACT,phone_intl_plain
REC-00812-E04,REC-00812,contact_form,CNIC,5520223085758,102,115,planted,REDACT,cnic_plain
REC-00813-E01,REC-00813,subscription_record,CUSTOMER_ID,UBW-74279,56,65,planted,REDACT,
REC-00813-E02,REC-00813,subscription_record,ADDRESS,"h no 649, st 25, bahria town, sialkot",103,140,planted,REDACT,addr_abbrev_lower
REC-00813-E03,REC-00813,subscription_record,PERSON,Kiran Javed Hussain,154,173,planted,REDACT,three_token_name
REC-00813-E04,REC-00813,subscription_record,POSTAL_CODE,73061,188,193,planted,REDACT,postal_labelled
REC-00813-E05,REC-00813,subscription_record,EMAIL_ADDRESS,kiran_hussain855@example.com,209,237,planted,REDACT,
REC-00814-E01,REC-00814,delivery_note,PERSON,Layla Dogar,17,28,planted,REDACT,
REC-00814-E02,REC-00814,delivery_note,PERSON,Hira Cheema,35,46,planted,REDACT,
REC-00814-E03,REC-00814,delivery_note,PHONE_NUMBER,03457921527,49,60,planted,REDACT,phone_local_plain
REC-00814-E04,REC-00814,delivery_note,ADDRESS,"House #699, Street 23, Block B, North Nazimabad, Quetta",63,118,planted,REDACT,addr_house_street_block
REC-00815-E01,REC-00815,customer_service_message,PHONE_NUMBER,0300-3650480,69,81,planted,REDACT,phone_local_hyphen
REC-00815-E02,REC-00815,customer_service_message,EMAIL_ADDRESS,omar_ghani917@example.com,92,117,planted,REDACT,
REC-00815-E03,REC-00815,customer_service_message,PERSON,Omar Ghani,177,187,planted,REDACT,
REC-00815-E04,REC-00815,customer_service_message,CUSTOMER_ID,UBW-35903,189,198,planted,REDACT,
REC-00816-E01,REC-00816,internal_operational_note,PHONE_NUMBER,0315-1797459,72,84,planted,REDACT,phone_local_hyphen
REC-00816-E02,REC-00816,internal_operational_note,CNIC,5210112514831,102,115,planted,REDACT,cnic_plain
REC-00816-E03,REC-00816,internal_operational_note,CUSTOMER_ID,UBW-75980,134,143,planted,REDACT,
REC-00816-E04,REC-00816,internal_operational_note,PERSON,Mehwish Iqbal,157,170,planted,REDACT,
REC-00817-E01,REC-00817,delivery_order,ADDRESS,"House No. 503, Shahrah-e-Faisal, Faisal Town, Islamabad",81,136,planted,REDACT,addr_house_no_road
REC-00817-E02,REC-00817,delivery_order,POSTAL_CODE,86704,138,143,planted,REDACT,postal_after_city
REC-00817-E03,REC-00817,delivery_order,PERSON,Ayesha Ali Yaqoob,152,169,planted,REDACT,three_token_name
REC-00817-E04,REC-00817,delivery_order,PHONE_NUMBER,03337056683,180,191,planted,REDACT,phone_local_plain
REC-00818-E01,REC-00818,contact_form,PERSON,Mahnoor Lodhi,12,25,planted,REDACT,
REC-00818-E02,REC-00818,contact_form,EMAIL_ADDRESS,mahnoorlodhi@example.org,39,63,planted,REDACT,
REC-00818-E03,REC-00818,contact_form,PHONE_NUMBER,+92-322-4700700,71,86,planted,REDACT,phone_intl_hyphen
REC-00818-E04,REC-00818,contact_form,CNIC,55202-7861196-3,115,130,planted,REDACT,cnic_hyphen
REC-00819-E01,REC-00819,subscription_record,PERSON,Ghulam Cheema,57,70,planted,REDACT,
REC-00819-E02,REC-00819,subscription_record,CUSTOMER_ID,UBW-50225,84,93,planted,REDACT,
REC-00819-E03,REC-00819,subscription_record,EMAIL_ADDRESS,ghulam_cheema545@example.com,108,136,planted,REDACT,
REC-00819-E04,REC-00819,subscription_record,ADDRESS,"Plot 101, Sector G-11/1, Islamabad",155,189,planted,REDACT,addr_plot_sector
REC-00819-E05,REC-00819,subscription_record,POSTAL_CODE,51687,190,195,planted,REDACT,postal_after_city
REC-00820-E01,REC-00820,delivery_note,PERSON,Luqman Cheema,7,20,planted,REDACT,
REC-00820-E02,REC-00820,delivery_note,PERSON,Iqra Pervez,43,54,planted,REDACT,
REC-00820-E03,REC-00820,delivery_note,ADDRESS,"H. No. 367, MM Alam Road, Islamabad",58,93,planted,REDACT,addr_h_no
REC-00820-E04,REC-00820,delivery_note,PHONE_NUMBER,+92 323 7984075,103,118,planted,REDACT,phone_intl_space
REC-00821-E01,REC-00821,customer_service_message,PERSON,Zahida Durrani,6,20,planted,REDACT,
REC-00821-E02,REC-00821,customer_service_message,EMAIL_ADDRESS,zahida.durrani817@example.net,22,51,planted,REDACT,
REC-00821-E03,REC-00821,customer_service_message,CUSTOMER_ID,UBW-17541,87,96,planted,REDACT,
REC-00821-E04,REC-00821,customer_service_message,PHONE_NUMBER,+92 312 295 8912,104,120,planted,REDACT,phone_intl_space_split
REC-00821-E05,REC-00821,customer_service_message,PERSON,Zahida Durrani,245,259,planted,REDACT,repeated_value
REC-00822-E01,REC-00822,internal_operational_note,PERSON,Dania Janjua,10,22,planted,REDACT,
REC-00822-E02,REC-00822,internal_operational_note,CUSTOMER_ID,UBW-11157,43,52,planted,REDACT,
REC-00822-E03,REC-00822,internal_operational_note,CNIC,55202-8391822-8,68,83,planted,REDACT,cnic_hyphen
REC-00822-E04,REC-00822,internal_operational_note,PHONE_NUMBER,+923216903721,103,116,planted,REDACT,phone_intl_plain
REC-00822-E05,REC-00822,internal_operational_note,PERSON,Waqar Gillani,120,133,planted,REDACT,
REC-00823-E01,REC-00823,delivery_order,PHONE_NUMBER,03344356572,70,81,planted,REDACT,phone_local_plain
REC-00823-E02,REC-00823,delivery_order,PERSON,Kinza Farooqi,97,110,planted,REDACT,
REC-00823-E03,REC-00823,delivery_order,ADDRESS,"House #489, Street 14, Block G, Saddar, Islamabad",122,171,planted,REDACT,addr_house_street_block
REC-00823-E04,REC-00823,delivery_order,POSTAL_CODE,27070,173,178,planted,REDACT,postal_after_city
REC-00823-E05,REC-00823,delivery_order,CUSTOMER_ID,UBW-69695,186,195,planted,REDACT,
REC-00824-E01,REC-00824,contact_form,CUSTOMER_ID,UBW-45210,58,67,planted,REDACT,
REC-00824-E02,REC-00824,contact_form,EMAIL_ADDRESS,ayeshapervez@example.net,75,99,planted,REDACT,
REC-00824-E03,REC-00824,contact_form,CNIC,33101-3093462-7,105,120,planted,REDACT,cnic_hyphen
REC-00824-E04,REC-00824,contact_form,PERSON,Ayesha Pervez,132,145,planted,REDACT,
REC-00824-E05,REC-00824,contact_form,PHONE_NUMBER,0336.9220641,154,166,planted,REDACT,phone_dot_separated;heldout_format
REC-00825-E01,REC-00825,subscription_record,POSTAL_CODE,24250,59,64,planted,REDACT,postal_labelled
REC-00825-E02,REC-00825,subscription_record,EMAIL_ADDRESS,uzma.ahmed760@example.org,92,117,planted,REDACT,
REC-00825-E03,REC-00825,subscription_record,PERSON,Uzma Ahmed,131,141,planted,REDACT,
REC-00825-E04,REC-00825,subscription_record,ADDRESS,"House #631, Street 40, Block J, Clifton, Multan",160,207,planted,REDACT,addr_house_street_block
REC-00825-E05,REC-00825,subscription_record,CUSTOMER_ID,UBW-89118,216,225,planted,REDACT,
REC-00826-E01,REC-00826,delivery_note,ADDRESS,"Shop 64, Saddar Bazaar, Peshawar",27,59,planted,REDACT,addr_shop
REC-00826-E02,REC-00826,delivery_note,PHONE_NUMBER,0092-330-5055858,93,109,planted,REDACT,phone_intl00_hyphen
REC-00826-E03,REC-00826,delivery_note,PERSON,ghulam baig,121,132,planted,REDACT,lowercase_name
REC-00826-E04,REC-00826,delivery_note,PERSON,Palwasha Sheikh,143,158,planted,REDACT,
REC-00827-E01,REC-00827,customer_service_message,PHONE_NUMBER,03011904584,90,101,planted,REDACT,phone_local_plain
REC-00827-E02,REC-00827,customer_service_message,EMAIL_ADDRESS,ayeshalodhi@example.net,110,133,planted,REDACT,
REC-00827-E03,REC-00827,customer_service_message,PERSON,AYESHA LODHI,193,205,planted,REDACT,uppercase_name
REC-00827-E04,REC-00827,customer_service_message,CUSTOMER_ID,UBW-91027,207,216,planted,REDACT,
REC-00828-E01,REC-00828,internal_operational_note,PERSON,Uzma Tarar,11,21,planted,REDACT,
REC-00828-E02,REC-00828,internal_operational_note,CUSTOMER_ID,UBW-91760,42,51,planted,REDACT,
REC-00828-E03,REC-00828,internal_operational_note,CNIC,38401-6612139-3,65,80,planted,REDACT,cnic_hyphen
REC-00828-E04,REC-00828,internal_operational_note,PHONE_NUMBER,+92-311-2721284,100,115,planted,REDACT,phone_intl_hyphen
REC-00828-E05,REC-00828,internal_operational_note,PERSON,Fatima Qureshi,119,133,planted,REDACT,
REC-00829-E01,REC-00829,delivery_order,PERSON,Bilal Ansari,23,35,planted,REDACT,
REC-00829-E02,REC-00829,delivery_order,CUSTOMER_ID,UBW-17540,37,46,planted,REDACT,
REC-00829-E03,REC-00829,delivery_order,ADDRESS,"House #771, Street 18, Block B, Model Town, Faisalabad",81,135,planted,REDACT,addr_house_street_block
REC-00829-E04,REC-00829,delivery_order,PHONE_NUMBER,0312 205 4350,156,169,planted,REDACT,phone_local_4_3_4;heldout_format
REC-00830-E01,REC-00830,contact_form,PERSON,Hassan Iqbal,59,71,planted,REDACT,
REC-00830-E02,REC-00830,contact_form,PHONE_NUMBER,0310 1100023,80,92,planted,REDACT,phone_local_space
REC-00830-E03,REC-00830,contact_form,CUSTOMER_ID,UBW-94006,99,108,planted,REDACT,
REC-00830-E04,REC-00830,contact_form,CNIC,1710130576865,132,145,planted,REDACT,cnic_plain
REC-00830-E05,REC-00830,contact_form,EMAIL_ADDRESS,hassan_iqbal203@example.org,152,179,planted,REDACT,
REC-00831-E01,REC-00831,subscription_record,CUSTOMER_ID,ubw-56481,6,15,planted,REDACT,custid_lowercase
REC-00831-E02,REC-00831,subscription_record,PERSON,Yusra Lodhi,18,29,planted,REDACT,
REC-00831-E03,REC-00831,subscription_record,EMAIL_ADDRESS,y.lodhi@example.org,59,78,planted,REDACT,
REC-00831-E04,REC-00831,subscription_record,ADDRESS,"House #65, Street 23, Block D, Faisal Town, Lahore",81,131,planted,REDACT,addr_house_street_block
REC-00831-E05,REC-00831,subscription_record,POSTAL_CODE,53498,134,139,planted,REDACT,postal_after_city
REC-00832-E01,REC-00832,delivery_note,PERSON,Hassan Rajput,27,40,planted,REDACT,
REC-00832-E02,REC-00832,delivery_note,PERSON,Yusra Hashmi,50,62,planted,REDACT,
REC-00832-E03,REC-00832,delivery_note,ADDRESS,"House No. 998, Ferozepur Road, Clifton, Sialkot",72,119,planted,REDACT,addr_house_no_road
REC-00832-E04,REC-00832,delivery_note,PHONE_NUMBER,+92 341 234 3065,146,162,planted,REDACT,phone_intl_space_split
REC-00833-E01,REC-00833,customer_service_message,PHONE_NUMBER,0313.0961838,72,84,planted,REDACT,phone_dot_separated;heldout_format
REC-00833-E02,REC-00833,customer_service_message,EMAIL_ADDRESS,kiranansari@example.net,93,116,planted,REDACT,
REC-00833-E03,REC-00833,customer_service_message,PERSON,Kiran Ansari,176,188,planted,REDACT,
REC-00833-E04,REC-00833,customer_service_message,CUSTOMER_ID,UBW-78126,190,199,planted,REDACT,
REC-00835-E01,REC-00835,delivery_order,ADDRESS,"Plot 458, Sector F-7/3, Islamabad",67,100,planted,REDACT,addr_plot_sector
REC-00835-E02,REC-00835,delivery_order,POSTAL_CODE,82413,101,106,planted,REDACT,postal_after_city
REC-00835-E03,REC-00835,delivery_order,PERSON,Tariq Mirza,122,133,planted,REDACT,
REC-00835-E04,REC-00835,delivery_order,PHONE_NUMBER,0092 323 2818616,147,163,planted,REDACT,phone_intl00_space
REC-00835-E05,REC-00835,delivery_order,CUSTOMER_ID,UBW-63895,176,185,planted,REDACT,
REC-00836-E01,REC-00836,contact_form,PERSON,Tahira Ali Farooqi,12,30,planted,REDACT,three_token_name
REC-00836-E02,REC-00836,contact_form,EMAIL_ADDRESS,tahirafarooqi@example.net,44,69,planted,REDACT,
REC-00836-E03,REC-00836,contact_form,PHONE_NUMBER,0315-7779265,87,99,planted,REDACT,phone_local_hyphen
REC-00836-E04,REC-00836,contact_form,CNIC,52101-3727776-7,114,129,planted,REDACT,cnic_hyphen
REC-00837-E01,REC-00837,subscription_record,CUSTOMER_ID,ubw-56397,6,15,planted,REDACT,custid_lowercase
REC-00837-E02,REC-00837,subscription_record,PERSON,Zara Dogar,18,28,planted,REDACT,
REC-00837-E03,REC-00837,subscription_record,EMAIL_ADDRESS,zara_dogar851@example.org,45,70,planted,REDACT,
REC-00837-E04,REC-00837,subscription_record,ADDRESS,"h no 289, st 14, saddar, peshawar",73,106,planted,REDACT,addr_abbrev_lower
REC-00837-E05,REC-00837,subscription_record,POSTAL_CODE,78907,109,114,planted,REDACT,postal_after_city
REC-00838-E01,REC-00838,delivery_note,PERSON,Zara Hussain,39,51,planted,REDACT,
REC-00838-E02,REC-00838,delivery_note,PERSON,Sana Khan,62,71,planted,REDACT,
REC-00838-E03,REC-00838,delivery_note,PHONE_NUMBER,03116884809,96,107,planted,REDACT,phone_local_plain
REC-00838-E04,REC-00838,delivery_note,ADDRESS,"House #960, Street 40, Block E, Bahria Town, Gujranwala",118,173,planted,REDACT,addr_house_street_block
REC-00839-E01,REC-00839,customer_service_message,PERSON,Zara Hussain,6,18,planted,REDACT,
REC-00839-E02,REC-00839,customer_service_message,EMAIL_ADDRESS,Z.HUSSAIN@EXAMPLE.ORG,20,41,planted,REDACT,uppercase_email
REC-00839-E03,REC-00839,customer_service_message,CUSTOMER_ID,UBW-34744,76,85,planted,REDACT,
REC-00839-E04,REC-00839,customer_service_message,PHONE_NUMBER,0333-9472951,97,109,planted,REDACT,phone_local_hyphen
REC-00839-E05,REC-00839,customer_service_message,PERSON,Zara Hussain,250,262,planted,REDACT,repeated_value
REC-00840-E01,REC-00840,internal_operational_note,CUSTOMER_ID,UBW-68803,71,80,planted,REDACT,
REC-00840-E02,REC-00840,internal_operational_note,CNIC,4130262029244,103,116,planted,REDACT,cnic_plain
REC-00840-E03,REC-00840,internal_operational_note,PERSON,Zara Ansari,129,140,planted,REDACT,
REC-00840-E04,REC-00840,internal_operational_note,PHONE_NUMBER,0310 602 1936,162,175,planted,REDACT,phone_local_4_3_4;heldout_format
REC-00841-E01,REC-00841,delivery_order,PERSON,Noreen Toor,17,28,planted,REDACT,
REC-00841-E02,REC-00841,delivery_order,PHONE_NUMBER,+92 301 975 6807,35,51,planted,REDACT,phone_intl_space_split
REC-00841-E03,REC-00841,delivery_order,ADDRESS,"Shop 10, Saddar Bazaar, Quetta",59,89,planted,REDACT,addr_shop
REC-00841-E04,REC-00841,delivery_order,POSTAL_CODE,98075,91,96,planted,REDACT,postal_after_city
REC-00842-E01,REC-00842,contact_form,CUSTOMER_ID,UBW-82542,60,69,planted,REDACT,
REC-00842-E02,REC-00842,contact_form,EMAIL_ADDRESS,saad_kayani864@example.org,78,104,planted,REDACT,
REC-00842-E03,REC-00842,contact_form,PHONE_NUMBER,03307840896,110,121,planted,REDACT,phone_local_plain
REC-00842-E04,REC-00842,contact_form,PERSON,Saad Javed Kayani,132,149,planted,REDACT,three_token_name
REC-00843-E01,REC-00843,subscription_record,EMAIL_ADDRESS,tahiraraza+water@example.org,54,82,planted,REDACT,email_plus
REC-00843-E02,REC-00843,subscription_record,CUSTOMER_ID,UBW-25760,90,99,planted,REDACT,
REC-00843-E03,REC-00843,subscription_record,POSTAL_CODE,71735,147,152,planted,REDACT,postal_labelled
REC-00843-E04,REC-00843,subscription_record,ADDRESS,"Plot 838, Sector G-11/1, Islamabad",172,206,planted,REDACT,addr_plot_sector
REC-00843-E05,REC-00843,subscription_record,PERSON,Tahira Raza,220,231,planted,REDACT,
REC-00844-E01,REC-00844,delivery_note,PERSON,Dania Yaqoob,7,19,planted,REDACT,
REC-00844-E02,REC-00844,delivery_note,PERSON,Burhan Waheed,42,55,planted,REDACT,
REC-00844-E03,REC-00844,delivery_note,ADDRESS,"House No. 433, Canal Road, Satellite Town, Hyderabad",59,111,planted,REDACT,addr_house_no_road
REC-00844-E04,REC-00844,delivery_note,PHONE_NUMBER,0331-0984532,130,142,planted,REDACT,phone_local_hyphen
REC-00845-E01,REC-00845,customer_service_message,PERSON,Hassan Farooqi,6,20,planted,REDACT,
REC-00845-E02,REC-00845,customer_service_message,EMAIL_ADDRESS,hassan.farooqi486@example.net,22,51,planted,REDACT,
REC-00845-E03,REC-00845,customer_service_message,CUSTOMER_ID,UBW-98198,87,96,planted,REDACT,
REC-00845-E04,REC-00845,customer_service_message,PHONE_NUMBER,+923341343722,108,121,planted,REDACT,phone_intl_plain
REC-00845-E05,REC-00845,customer_service_message,PERSON,Hassan Farooqi,245,259,planted,REDACT,repeated_value
REC-00847-E01,REC-00847,delivery_order,POSTAL_CODE,40408,69,74,planted,REDACT,postal_labelled
REC-00847-E02,REC-00847,delivery_order,PERSON,Zahida Hassan Mirza,86,105,planted,REDACT,three_token_name
REC-00847-E03,REC-00847,delivery_order,CUSTOMER_ID,UBW-83585,112,121,planted,REDACT,
REC-00847-E04,REC-00847,delivery_order,PHONE_NUMBER,0300 6171740,135,147,planted,REDACT,phone_local_space
REC-00847-E05,REC-00847,delivery_order,ADDRESS,"House No. 544, Ferozepur Road, Bahria Town, Sialkot",166,217,planted,REDACT,addr_house_no_road
REC-00848-E01,REC-00848,contact_form,PERSON,Hassan Khan,24,35,planted,REDACT,
REC-00848-E02,REC-00848,contact_form,EMAIL_ADDRESS,hassan_khan901+water@example.com,49,81,planted,REDACT,email_plus
REC-00848-E03,REC-00848,contact_form,PHONE_NUMBER,+92 334 1100417,90,105,planted,REDACT,phone_intl_space
REC-00849-E01,REC-00849,subscription_record,CUSTOMER_ID,UBW-92751,6,15,planted,REDACT,
REC-00849-E02,REC-00849,subscription_record,PERSON,Bina Rajput,18,29,planted,REDACT,
REC-00849-E03,REC-00849,subscription_record,EMAIL_ADDRESS,bina.rajput469@example.net,59,85,planted,REDACT,
REC-00849-E04,REC-00849,subscription_record,ADDRESS,"near the main roundabout, behind Moon Market, Sialkot",88,141,planted,REDACT,addr_landmark;heldout_format
REC-00849-E05,REC-00849,subscription_record,POSTAL_CODE,71201,142,147,planted,REDACT,postal_after_city
REC-00850-E01,REC-00850,delivery_note,PERSON,Hamza Iqbal,17,28,planted,REDACT,
REC-00850-E02,REC-00850,delivery_note,PERSON,Hira Iqbal,35,45,planted,REDACT,
REC-00850-E03,REC-00850,delivery_note,PHONE_NUMBER,0300 9352783,48,60,planted,REDACT,phone_local_space
REC-00850-E04,REC-00850,delivery_note,ADDRESS,"House #861, Street 2, Block D, Cantt, Islamabad",63,110,planted,REDACT,addr_house_street_block
CHAL-001-E01,CHAL-001,customer_service_message,PHONE_NUMBER,0310-7067892,170,182,challenge,REDACT,phone_local_hyphen;long_sentence
CHAL-002-E01,CHAL-002,contact_form,CNIC,3840144386235,61,74,challenge,REDACT,cnic_plain;challenge
CHAL-003-E01,CHAL-003,delivery_note,PERSON,Zara,0,4,challenge,REDACT,single_token_name;possessive
CHAL-003-E02,CHAL-003,delivery_note,PERSON,Saad Yaqoob,40,51,challenge,REDACT,no_space_title
CHAL-004-E01,CHAL-004,customer_service_message,EMAIL_ADDRESS,zahidacheema@example.net,26,50,challenge,REDACT,email_parentheses
CHAL-004-E02,CHAL-004,customer_service_message,EMAIL_ADDRESS,palwasha.ahmed183+water@example.net,60,95,challenge,REDACT,email_plus;email_angle
CHAL-005-E01,CHAL-005,internal_operational_note,PERSON,Sana Khan,11,20,challenge,REDACT,
CHAL-005-E02,CHAL-005,internal_operational_note,CNIC,21304-3606256-7,27,42,challenge,REDACT,cnic_hyphen
CHAL-005-E03,CHAL-005,internal_operational_note,PHONE_NUMBER,+923400311508,51,64,challenge,REDACT,phone_intl_plain
CHAL-007-E01,CHAL-007,contact_form,PHONE_NUMBER,0092-306-3738448,46,62,challenge,REDACT,phone_intl00_hyphen
CHAL-008-E01,CHAL-008,subscription_record,PERSON,Mahnoor Bukhari,11,26,challenge,REDACT,
CHAL-008-E02,CHAL-008,subscription_record,ADDRESS,"Flat 7B, Clifton Block 5, Karachi - 10100",30,71,challenge,REDACT,addr_flat;nested
CHAL-008-E03,CHAL-008,subscription_record,POSTAL_CODE,10100,66,71,challenge,REDACT,nested
CHAL-008-E04,CHAL-008,subscription_record,EMAIL_ADDRESS,m.bukhari@example.net,88,109,challenge,REDACT,
CHAL-009-E01,CHAL-009,contact_form,EMAIL_ADDRESS,NADIAUSMANI@EXAMPLE.NET,17,40,challenge,REDACT,uppercase_email
CHAL-011-E01,CHAL-011,customer_service_message,PHONE_NUMBER,03357375522,16,27,challenge,REDACT,phone_local_plain;repeated_value
CHAL-011-E02,CHAL-011,customer_service_message,PHONE_NUMBER,03357375522,49,60,challenge,REDACT,phone_local_plain;repeated_value
CHAL-012-E01,CHAL-012,customer_service_message,PHONE_NUMBER,+92 322 4670464,0,15,challenge,REDACT,phone_intl_space;at_text_start
CHAL-012-E02,CHAL-012,customer_service_message,EMAIL_ADDRESS,hamzabaig@example.net,67,88,challenge,REDACT,at_text_end
CHAL-013-E01,CHAL-013,internal_operational_note,CNIC,4130291735193,18,31,challenge,REDACT,cnic_plain;no_context
CHAL-014-E01,CHAL-014,delivery_note,PHONE_NUMBER,(0305) 5910246,44,58,challenge,REDACT,phone_parenthesised
CHAL-015-E01,CHAL-015,internal_operational_note,PERSON,shahid abbasi,9,22,challenge,REDACT,lowercase_name
CHAL-016-E01,CHAL-016,delivery_order,ADDRESS,"near the old water tank, behind Hyderi Market, Quetta",24,77,challenge,REDACT,addr_landmark;heldout_format
CHAL-017-E01,CHAL-017,contact_form,CNIC,21304 4637981 7,6,21,challenge,REDACT,cnic_spaced;heldout_format
CHAL-018-E01,CHAL-018,customer_service_message,PHONE_NUMBER,0330-2554669,9,21,challenge,REDACT,phone_local_hyphen;unicode_context
CHAL-019-E01,CHAL-019,delivery_note,PERSON,Rabia Javed,8,19,challenge,REDACT,no_whitespace
CHAL-019-E02,CHAL-019,delivery_note,PHONE_NUMBER,0312-7178761,20,32,challenge,REDACT,phone_local_hyphen;no_whitespace
CHAL-020-E01,CHAL-020,delivery_order,PERSON,Zoë Ahmed,15,24,challenge,REDACT,accented_name
CHAL-020-E02,CHAL-020,delivery_order,EMAIL_ADDRESS,fatima_cheema827@example.net,44,72,challenge,REDACT,
