mode,record_id,doc_type,gt_count,pred_count,tp,fn,fp,partial,wrong_label,all_gt_exact,all_gt_covered
baseline,CHAL-001,customer_service_message,1,0,0,1,0,0,0,False,False
baseline,CHAL-002,contact_form,1,0,0,1,0,0,0,False,False
baseline,CHAL-003,delivery_note,2,2,2,0,0,0,0,True,True
baseline,CHAL-004,customer_service_message,2,2,2,0,0,0,0,True,True
baseline,CHAL-005,internal_operational_note,3,2,2,1,0,0,0,False,False
baseline,CHAL-006,delivery_order,0,0,0,0,0,0,0,True,True
baseline,CHAL-007,contact_form,1,1,1,0,0,0,0,True,True
baseline,CHAL-008,subscription_record,4,2,2,2,0,0,0,False,False
baseline,CHAL-009,contact_form,1,1,1,0,0,0,0,True,True
baseline,CHAL-010,internal_operational_note,0,2,0,0,2,0,0,True,True
baseline,CHAL-011,customer_service_message,2,2,2,0,0,0,0,True,True
baseline,CHAL-012,customer_service_message,2,2,2,0,0,0,0,True,True
baseline,CHAL-013,internal_operational_note,1,0,0,1,0,0,0,False,False
baseline,CHAL-014,delivery_note,1,1,1,0,0,0,0,True,True
baseline,CHAL-015,internal_operational_note,1,0,0,1,0,0,0,False,False
baseline,CHAL-016,delivery_order,1,1,0,1,1,0,0,False,False
baseline,CHAL-017,contact_form,1,0,0,1,0,0,0,False,False
baseline,CHAL-018,customer_service_message,1,2,1,0,1,0,0,True,True
baseline,CHAL-019,delivery_note,2,2,1,1,1,1,0,False,True
baseline,CHAL-020,delivery_order,2,3,2,0,1,0,0,True,True
baseline,REC-00001,delivery_order,4,4,2,2,2,0,0,False,False
baseline,REC-00002,contact_form,3,3,2,1,1,0,1,False,True
baseline,REC-00003,subscription_record,5,3,2,3,1,0,0,False,False
baseline,REC-00004,delivery_note,4,5,3,1,2,0,0,False,False
baseline,REC-00005,customer_service_message,5,4,4,1,0,0,0,False,False
baseline,REC-00006,internal_operational_note,5,1,1,4,0,0,0,False,False
baseline,REC-00007,delivery_order,5,3,1,4,2,0,0,False,False
baseline,REC-00008,contact_form,4,3,3,1,0,0,0,False,False
baseline,REC-00009,subscription_record,5,3,1,4,2,0,0,False,False
baseline,REC-00010,delivery_note,4,2,2,2,0,0,0,False,False
baseline,REC-00011,customer_service_message,2,1,1,1,0,0,0,False,False
baseline,REC-00012,internal_operational_note,5,3,1,4,2,1,1,False,False
baseline,REC-00013,delivery_order,4,3,2,2,1,0,0,False,False
baseline,REC-00014,contact_form,3,2,2,1,0,0,0,False,False
baseline,REC-00015,subscription_record,5,3,1,4,2,0,1,False,False
baseline,REC-00016,delivery_note,4,6,3,1,3,1,0,False,False
baseline,REC-00017,customer_service_message,4,3,3,1,0,0,0,False,False
baseline,REC-00018,internal_operational_note,4,2,1,3,1,0,0,False,False
baseline,REC-00019,delivery_order,3,3,2,1,1,0,0,False,False
baseline,REC-00020,contact_form,4,3,3,1,0,0,0,False,False
baseline,REC-00021,subscription_record,5,4,2,3,2,1,1,False,False
baseline,REC-00022,delivery_note,4,4,3,1,1,1,0,False,False
baseline,REC-00023,customer_service_message,5,4,4,1,0,0,0,False,False
baseline,REC-00024,internal_operational_note,0,1,0,0,1,0,0,True,True
baseline,REC-00025,delivery_order,4,5,2,2,3,1,0,False,False
baseline,REC-00026,contact_form,5,3,3,2,0,0,0,False,False
baseline,REC-00027,subscription_record,5,2,2,3,0,0,0,False,False
baseline,REC-00028,delivery_note,4,3,1,3,2,1,0,False,False
baseline,REC-00029,customer_service_message,5,4,4,1,0,0,0,False,False
baseline,REC-00030,internal_operational_note,5,3,3,2,0,0,0,False,False
baseline,REC-00031,delivery_order,4,3,1,3,2,0,0,False,False
baseline,REC-00032,contact_form,3,3,3,0,0,0,0,True,True
baseline,REC-00033,subscription_record,5,1,1,4,0,0,0,False,False
baseline,REC-00034,delivery_note,4,4,2,2,2,1,0,False,False
baseline,REC-00035,customer_service_message,4,3,3,1,0,0,0,False,False
baseline,REC-00036,internal_operational_note,4,3,2,2,1,0,0,False,False
baseline,REC-00037,delivery_order,4,1,1,3,0,0,0,False,False
baseline,REC-00038,contact_form,3,3,3,0,0,0,0,True,True
baseline,REC-00039,subscription_record,5,4,2,3,2,1,0,False,False
baseline,REC-00040,delivery_note,4,6,3,1,3,1,0,False,False
baseline,REC-00041,customer_service_message,4,3,3,1,0,0,0,False,False
baseline,REC-00042,internal_operational_note,5,3,3,2,0,0,0,False,False
baseline,REC-00043,delivery_order,3,2,1,2,1,0,0,False,False
baseline,REC-00044,contact_form,4,3,3,1,0,0,0,False,False
baseline,REC-00045,subscription_record,5,2,2,3,0,0,0,False,False
baseline,REC-00046,delivery_note,4,4,3,1,1,1,0,False,False
baseline,REC-00047,customer_service_message,5,4,4,1,0,0,0,False,False
baseline,REC-00048,internal_operational_note,5,1,1,4,0,0,0,False,False
baseline,REC-00049,delivery_order,4,3,2,2,1,1,0,False,False
baseline,REC-00050,contact_form,4,2,2,2,0,0,0,False,False
baseline,REC-00051,subscription_record,5,5,2,3,3,1,0,False,False
baseline,REC-00052,delivery_note,4,7,3,1,4,1,0,False,False
baseline,REC-00053,customer_service_message,4,3,3,1,0,0,0,False,False
baseline,REC-00054,internal_operational_note,4,2,2,2,0,0,0,False,False
baseline,REC-00055,delivery_order,3,5,2,1,3,0,0,False,False
baseline,REC-00056,contact_form,3,2,1,2,1,0,1,False,False
baseline,REC-00057,subscription_record,4,4,2,2,2,1,0,False,False
baseline,REC-00058,delivery_note,4,6,3,1,3,1,0,False,False
baseline,REC-00059,customer_service_message,4,4,2,2,2,1,1,False,False
baseline,REC-00060,internal_operational_note,3,1,1,2,0,0,0,False,False
baseline,REC-00061,delivery_order,3,5,1,2,4,1,0,False,False
baseline,REC-00062,contact_form,3,3,3,0,0,0,0,True,True
baseline,REC-00063,subscription_record,5,2,2,3,0,0,0,False,False
baseline,REC-00064,delivery_note,4,3,2,2,1,0,0,False,False
baseline,REC-00065,customer_service_message,3,3,3,0,0,0,0,True,True
baseline,REC-00066,internal_operational_note,4,2,2,2,0,0,0,False,False
baseline,REC-00067,delivery_order,4,4,2,2,2,1,0,False,False
baseline,REC-00068,contact_form,3,3,3,0,0,0,0,True,True
baseline,REC-00069,subscription_record,5,1,1,4,0,0,0,False,False
baseline,REC-00070,delivery_note,4,5,2,2,3,1,0,False,False
baseline,REC-00071,customer_service_message,4,3,3,1,0,0,0,False,False
baseline,REC-00072,internal_operational_note,5,3,3,2,0,0,0,False,False
baseline,REC-00073,delivery_order,4,5,2,2,3,0,0,False,False
baseline,REC-00074,contact_form,4,3,3,1,0,0,0,False,False
baseline,REC-00075,subscription_record,5,3,1,4,2,1,0,False,False
baseline,REC-00076,delivery_note,4,2,1,3,1,0,0,False,False
baseline,REC-00077,customer_service_message,4,3,3,1,0,0,0,False,False
baseline,REC-00078,internal_operational_note,5,2,2,3,0,0,0,False,False
baseline,REC-00079,delivery_order,4,4,2,2,2,0,0,False,False
baseline,REC-00080,contact_form,3,3,3,0,0,0,0,True,True
baseline,REC-00081,subscription_record,3,2,2,1,0,0,0,False,False
baseline,REC-00082,delivery_note,4,5,2,2,3,0,0,False,False
baseline,REC-00083,customer_service_message,4,3,3,1,0,0,0,False,False
baseline,REC-00084,internal_operational_note,3,3,2,1,1,0,0,False,False
baseline,REC-00085,delivery_order,5,6,2,3,4,0,0,False,False
baseline,REC-00086,contact_form,3,2,2,1,0,0,0,False,False
baseline,REC-00087,subscription_record,4,5,1,3,4,1,0,False,False
baseline,REC-00088,delivery_note,4,5,2,2,3,1,0,False,False
baseline,REC-00089,customer_service_message,5,3,3,2,0,0,0,False,False
baseline,REC-00090,internal_operational_note,5,1,1,4,0,0,0,False,False
baseline,REC-00091,delivery_order,5,6,1,4,5,1,0,False,False
baseline,REC-00092,contact_form,3,2,2,1,0,0,0,False,False
baseline,REC-00093,subscription_record,5,3,2,3,1,0,0,False,False
baseline,REC-00094,delivery_note,4,4,3,1,1,0,0,False,False
baseline,REC-00095,customer_service_message,4,3,3,1,0,0,0,False,False
baseline,REC-00096,internal_operational_note,5,1,1,4,0,0,0,False,False
baseline,REC-00097,delivery_order,5,6,2,3,4,0,0,False,False
baseline,REC-00098,contact_form,4,3,2,2,1,0,1,False,False
baseline,REC-00099,subscription_record,3,3,2,1,1,0,0,False,False
baseline,REC-00100,delivery_note,4,7,2,2,5,1,0,False,False
baseline,REC-00101,customer_service_message,4,3,3,1,0,0,0,False,False
baseline,REC-00102,internal_operational_note,5,2,2,3,0,0,0,False,False
baseline,REC-00103,delivery_order,4,5,1,3,4,1,0,False,False
baseline,REC-00104,contact_form,3,3,3,0,0,0,0,True,True
baseline,REC-00105,subscription_record,5,3,2,3,1,0,0,False,False
baseline,REC-00106,delivery_note,4,4,2,2,2,0,0,False,False
baseline,REC-00107,customer_service_message,4,3,3,1,0,0,0,False,False
baseline,REC-00108,internal_operational_note,5,3,3,2,0,0,0,False,False
baseline,REC-00109,delivery_order,5,4,1,4,3,0,0,False,False
baseline,REC-00110,contact_form,4,3,3,1,0,0,0,False,False
baseline,REC-00111,subscription_record,5,2,1,4,1,0,0,False,False
baseline,REC-00112,delivery_note,4,3,1,3,2,1,0,False,False
baseline,REC-00113,customer_service_message,3,2,2,1,0,0,0,False,False
baseline,REC-00114,internal_operational_note,5,1,1,4,0,0,0,False,False
baseline,REC-00115,delivery_order,4,3,2,2,1,0,0,False,False
baseline,REC-00116,contact_form,4,4,3,1,1,0,0,False,False
baseline,REC-00117,subscription_record,5,3,2,3,1,1,0,False,False
baseline,REC-00118,delivery_note,4,6,3,1,3,0,0,False,False
baseline,REC-00119,customer_service_message,2,2,2,0,0,0,0,True,True
baseline,REC-00120,internal_operational_note,5,2,2,3,0,0,0,False,False
baseline,REC-00121,delivery_order,5,5,2,3,3,0,0,False,False
baseline,REC-00122,contact_form,4,3,3,1,0,0,0,False,False
baseline,REC-00123,subscription_record,5,3,1,4,2,1,0,False,False
baseline,REC-00124,delivery_note,4,4,2,2,2,0,0,False,False
baseline,REC-00125,customer_service_message,2,1,1,1,0,0,0,False,False
baseline,REC-00126,internal_operational_note,5,3,2,3,1,1,0,False,False
baseline,REC-00127,delivery_order,4,4,2,2,2,0,0,False,False
baseline,REC-00128,contact_form,3,2,2,1,0,0,0,False,False
baseline,REC-00129,subscription_record,5,4,2,3,2,0,0,False,False
baseline,REC-00130,delivery_note,4,5,2,2,3,1,0,False,False
baseline,REC-00131,customer_service_message,3,2,2,1,0,0,0,False,False
baseline,REC-00132,internal_operational_note,0,1,0,0,1,0,0,True,True
baseline,REC-00133,delivery_order,4,4,2,2,2,0,0,False,False
baseline,REC-00134,contact_form,3,1,1,2,0,0,0,False,False
baseline,REC-00135,subscription_record,5,4,1,4,3,0,0,False,False
baseline,REC-00136,delivery_note,4,4,2,2,2,0,0,False,False
baseline,REC-00137,customer_service_message,4,4,3,1,1,0,1,False,True
baseline,REC-00138,internal_operational_note,3,2,2,1,0,0,0,False,False
baseline,REC-00139,delivery_order,4,2,1,3,1,0,0,False,False
baseline,REC-00140,contact_form,3,3,3,0,0,0,0,True,True
baseline,REC-00141,subscription_record,3,1,1,2,0,0,0,False,False
baseline,REC-00142,delivery_note,4,6,3,1,3,0,0,False,False
baseline,REC-00143,customer_service_message,4,3,3,1,0,0,0,False,False
baseline,REC-00144,internal_operational_note,5,2,2,3,0,0,0,False,False
baseline,REC-00145,delivery_order,4,3,1,3,2,1,0,False,False
baseline,REC-00146,contact_form,5,2,2,3,0,0,0,False,False
baseline,REC-00147,subscription_record,5,4,1,4,3,0,0,False,False
baseline,REC-00148,delivery_note,4,5,2,2,3,0,0,False,False
baseline,REC-00149,customer_service_message,4,2,2,2,0,0,0,False,False
baseline,REC-00150,internal_operational_note,5,2,1,4,1,1,0,False,False
baseline,REC-00151,delivery_order,4,3,1,3,2,1,1,False,False
baseline,REC-00152,contact_form,5,2,2,3,0,0,0,False,False
baseline,REC-00153,subscription_record,4,4,2,2,2,1,0,False,False
baseline,REC-00154,delivery_note,4,2,1,3,1,1,0,False,False
baseline,REC-00155,customer_service_message,4,2,2,2,0,0,0,False,False
baseline,REC-00156,internal_operational_note,4,3,2,2,1,0,0,False,False
baseline,REC-00157,delivery_order,5,4,2,3,2,0,0,False,False
baseline,REC-00158,contact_form,3,2,2,1,0,0,0,False,False
baseline,REC-00159,subscription_record,4,3,1,3,2,1,0,False,False
baseline,REC-00160,delivery_note,4,3,2,2,1,0,1,False,False
baseline,REC-00161,customer_service_message,4,3,3,1,0,0,0,False,False
baseline,REC-00162,internal_operational_note,5,1,1,4,0,0,0,False,False
baseline,REC-00163,delivery_order,3,6,1,2,5,0,1,False,False
baseline,REC-00164,contact_form,2,2,2,0,0,0,0,True,True
baseline,REC-00165,subscription_record,5,4,1,4,3,1,0,False,False
baseline,REC-00166,delivery_note,4,6,2,2,4,0,0,False,False
baseline,REC-00167,customer_service_message,4,3,3,1,0,0,0,False,False
baseline,REC-00168,internal_operational_note,2,0,0,2,0,0,0,False,False
baseline,REC-00169,delivery_order,5,5,2,3,3,1,0,False,False
baseline,REC-00170,contact_form,2,2,2,0,0,0,0,True,True
baseline,REC-00171,subscription_record,4,4,2,2,2,1,0,False,False
baseline,REC-00172,delivery_note,4,6,2,2,4,1,0,False,False
baseline,REC-00173,customer_service_message,4,3,3,1,0,0,0,False,False
baseline,REC-00174,internal_operational_note,5,3,3,2,0,0,0,False,False
baseline,REC-00175,delivery_order,5,4,1,4,3,0,0,False,False
baseline,REC-00176,contact_form,4,3,3,1,0,0,0,False,False
baseline,REC-00177,subscription_record,4,2,2,2,0,0,0,False,False
baseline,REC-00178,delivery_note,4,3,2,2,1,0,0,False,False
baseline,REC-00179,customer_service_message,4,1,1,3,0,0,0,False,False
baseline,REC-00180,internal_operational_note,4,2,2,2,0,0,0,False,False
baseline,REC-00181,delivery_order,5,3,0,5,3,0,0,False,False
baseline,REC-00182,contact_form,3,3,3,0,0,0,0,True,True
baseline,REC-00183,subscription_record,5,4,2,3,2,0,1,False,False
baseline,REC-00184,delivery_note,4,7,3,1,4,1,0,False,False
baseline,REC-00185,customer_service_message,3,3,3,0,0,0,0,True,True
baseline,REC-00186,internal_operational_note,4,4,2,2,2,0,0,False,False
baseline,REC-00187,delivery_order,3,4,2,1,2,1,0,False,False
baseline,REC-00188,contact_form,4,3,3,1,0,0,0,False,False
baseline,REC-00189,subscription_record,5,5,2,3,3,1,0,False,False
baseline,REC-00190,delivery_note,4,1,1,3,0,0,0,False,False
baseline,REC-00191,customer_service_message,3,3,3,0,0,0,0,True,True
baseline,REC-00192,internal_operational_note,3,1,1,2,0,0,0,False,False
baseline,REC-00193,delivery_order,3,5,2,1,3,1,0,False,False
baseline,REC-00194,contact_form,5,2,2,3,0,0,0,False,False
baseline,REC-00195,subscription_record,5,4,2,3,2,0,0,False,False
baseline,REC-00196,delivery_note,4,3,1,3,2,0,0,False,False
baseline,REC-00197,customer_service_message,3,2,2,1,0,0,0,False,False
baseline,REC-00198,internal_operational_note,5,3,3,2,0,0,0,False,False
baseline,REC-00199,delivery_order,4,3,2,2,1,0,0,False,False
baseline,REC-00200,contact_form,3,3,3,0,0,0,0,True,True
baseline,REC-00201,subscription_record,5,3,2,3,1,1,0,False,False
baseline,REC-00202,delivery_note,4,2,1,3,1,1,0,False,False
baseline,REC-00203,customer_service_message,3,3,3,0,0,0,0,True,True
baseline,REC-00204,internal_operational_note,0,1,0,0,1,0,0,True,True
baseline,REC-00205,delivery_order,5,6,2,3,4,0,0,False,False
baseline,REC-00206,contact_form,4,4,3,1,1,0,0,False,False
baseline,REC-00207,subscription_record,5,2,1,4,1,0,0,False,False
baseline,REC-00208,delivery_note,4,4,1,3,3,0,0,False,False
baseline,REC-00209,customer_service_message,4,5,3,1,2,0,1,False,True
baseline,REC-00210,internal_operational_note,5,2,2,3,0,0,0,False,False
baseline,REC-00211,delivery_order,3,3,2,1,1,1,0,False,False
baseline,REC-00212,contact_form,4,2,2,2,0,0,0,False,False
baseline,REC-00213,subscription_record,5,2,1,4,1,0,0,False,False
baseline,REC-00214,delivery_note,4,7,2,2,5,1,0,False,False
baseline,REC-00215,customer_service_message,4,2,2,2,0,0,0,False,False
baseline,REC-00216,internal_operational_note,5,3,2,3,1,1,0,False,False
baseline,REC-00217,delivery_order,4,3,2,2,1,0,0,False,False
baseline,REC-00218,contact_form,2,2,2,0,0,0,0,True,True
baseline,REC-00219,subscription_record,3,2,2,1,0,0,0,False,False
baseline,REC-00220,delivery_note,4,7,3,1,4,0,0,False,False
baseline,REC-00221,customer_service_message,5,2,2,3,0,0,0,False,False
baseline,REC-00222,internal_operational_note,4,2,1,3,1,0,0,False,False
baseline,REC-00223,delivery_order,4,3,1,3,2,1,0,False,False
baseline,REC-00224,contact_form,4,2,2,2,0,0,0,False,False
baseline,REC-00225,subscription_record,5,3,1,4,2,1,0,False,False
baseline,REC-00226,delivery_note,4,7,3,1,4,1,0,False,False
baseline,REC-00227,customer_service_message,3,2,2,1,0,0,0,False,False
baseline,REC-00228,internal_operational_note,5,2,1,4,1,0,0,False,False
baseline,REC-00229,delivery_order,3,4,2,1,2,0,0,False,False
baseline,REC-00230,contact_form,4,3,3,1,0,0,0,False,False
baseline,REC-00231,subscription_record,5,3,1,4,2,1,0,False,False
baseline,REC-00232,delivery_note,4,3,2,2,1,1,0,False,False
baseline,REC-00233,customer_service_message,2,2,2,0,0,0,0,True,True
baseline,REC-00234,internal_operational_note,3,2,1,2,1,1,0,False,False
baseline,REC-00235,delivery_order,5,2,1,4,1,1,0,False,False
baseline,REC-00236,contact_form,2,2,2,0,0,0,0,True,True
baseline,REC-00237,subscription_record,4,3,1,3,2,1,0,False,False
baseline,REC-00238,delivery_note,4,7,3,1,4,1,0,False,False
baseline,REC-00239,customer_service_message,5,3,3,2,0,0,0,False,False
baseline,REC-00240,internal_operational_note,5,1,1,4,0,0,0,False,False
baseline,REC-00241,delivery_order,5,4,2,3,2,1,0,False,False
baseline,REC-00242,contact_form,3,4,3,0,1,0,0,True,True
baseline,REC-00243,subscription_record,5,3,1,4,2,1,0,False,False
baseline,REC-00244,delivery_note,4,4,2,2,2,1,0,False,False
baseline,REC-00245,customer_service_message,3,2,2,1,0,0,0,False,False
baseline,REC-00246,internal_operational_note,5,2,2,3,0,0,0,False,False
baseline,REC-00247,delivery_order,3,2,1,2,1,1,0,False,False
baseline,REC-00248,contact_form,2,2,2,0,0,0,0,True,True
baseline,REC-00249,subscription_record,5,3,2,3,1,0,1,False,False
baseline,REC-00250,delivery_note,4,6,2,2,4,1,0,False,False
baseline,REC-00251,customer_service_message,4,3,3,1,0,0,0,False,False
baseline,REC-00252,internal_operational_note,4,1,1,3,0,0,0,False,False
baseline,REC-00253,delivery_order,3,3,2,1,1,1,0,False,False
baseline,REC-00254,contact_form,3,3,2,1,1,1,0,False,False
baseline,REC-00255,subscription_record,5,4,2,3,2,1,0,False,False
baseline,REC-00256,delivery_note,4,5,3,1,2,0,0,False,False
baseline,REC-00257,customer_service_message,4,2,2,2,0,0,0,False,False
baseline,REC-00258,internal_operational_note,5,3,3,2,0,0,0,False,False
baseline,REC-00259,delivery_order,5,8,2,3,6,0,0,False,False
baseline,REC-00260,contact_form,5,3,3,2,0,0,0,False,False
baseline,REC-00261,subscription_record,3,2,1,2,1,1,0,False,False
baseline,REC-00262,delivery_note,4,5,1,3,4,0,0,False,False
baseline,REC-00263,customer_service_message,5,2,2,3,0,0,0,False,False
baseline,REC-00264,internal_operational_note,5,4,2,3,2,0,0,False,False
baseline,REC-00265,delivery_order,3,6,2,1,4,1,0,False,False
baseline,REC-00266,contact_form,5,2,2,3,0,0,0,False,False
baseline,REC-00267,subscription_record,4,3,1,3,2,0,0,False,False
baseline,REC-00268,delivery_note,4,3,1,3,2,0,0,False,False
baseline,REC-00269,customer_service_message,5,4,4,1,0,0,0,False,False
baseline,REC-00270,internal_operational_note,0,0,0,0,0,0,0,True,True
baseline,REC-00271,delivery_order,5,6,2,3,4,0,0,False,False
baseline,REC-00272,contact_form,3,2,2,1,0,0,0,False,False
baseline,REC-00273,subscription_record,5,4,2,3,2,0,0,False,False
baseline,REC-00274,delivery_note,4,5,3,1,2,1,0,False,False
baseline,REC-00275,customer_service_message,3,3,3,0,0,0,0,True,True
baseline,REC-00276,internal_operational_note,3,1,0,3,1,0,0,False,False
baseline,REC-00277,delivery_order,4,3,2,2,1,0,0,False,False
baseline,REC-00278,contact_form,4,4,3,1,1,0,0,False,False
baseline,REC-00279,subscription_record,4,3,1,3,2,0,1,False,False
baseline,REC-00280,delivery_note,4,2,1,3,1,0,0,False,False
baseline,REC-00281,customer_service_message,4,3,2,2,1,1,0,False,False
baseline,REC-00282,internal_operational_note,3,3,2,1,1,0,0,False,False
baseline,REC-00283,delivery_order,5,6,2,3,4,1,0,False,False
baseline,REC-00284,contact_form,4,3,3,1,0,0,0,False,False
baseline,REC-00285,subscription_record,4,4,2,2,2,1,0,False,False
baseline,REC-00286,delivery_note,4,5,1,3,4,1,0,False,False
baseline,REC-00287,customer_service_message,4,3,3,1,0,0,0,False,False
baseline,REC-00288,internal_operational_note,5,3,2,3,1,0,0,False,False
baseline,REC-00289,delivery_order,3,3,2,1,1,0,0,False,False
baseline,REC-00290,contact_form,4,3,3,1,0,0,0,False,False
baseline,REC-00291,subscription_record,4,4,2,2,2,1,0,False,False
baseline,REC-00292,delivery_note,4,4,3,1,1,1,0,False,False
baseline,REC-00293,customer_service_message,3,3,3,0,0,0,0,True,True
baseline,REC-00294,internal_operational_note,0,0,0,0,0,0,0,True,True
baseline,REC-00295,delivery_order,3,3,2,1,1,1,0,False,False
baseline,REC-00296,contact_form,4,2,2,2,0,0,0,False,False
baseline,REC-00297,subscription_record,4,5,2,2,3,0,0,False,False
baseline,REC-00298,delivery_note,4,4,2,2,2,0,0,False,False
baseline,REC-00299,customer_service_message,4,2,2,2,0,0,0,False,False
baseline,REC-00300,internal_operational_note,0,1,0,0,1,0,0,True,True
baseline,REC-00301,delivery_order,5,3,2,3,1,0,0,False,False
baseline,REC-00302,contact_form,3,2,2,1,0,0,0,False,False
baseline,REC-00303,subscription_record,4,2,2,2,0,0,0,False,False
baseline,REC-00304,delivery_note,4,3,2,2,1,1,0,False,False
baseline,REC-00305,customer_service_message,5,1,1,4,0,0,0,False,False
baseline,REC-00306,internal_operational_note,5,3,3,2,0,0,0,False,False
baseline,REC-00307,delivery_order,3,5,2,1,3,0,0,False,False
baseline,REC-00308,contact_form,4,5,3,1,2,0,0,False,False
baseline,REC-00309,subscription_record,5,4,1,4,3,1,0,False,False
baseline,REC-00310,delivery_note,4,6,3,1,3,1,0,False,False
baseline,REC-00311,customer_service_message,3,2,2,1,0,0,0,False,False
baseline,REC-00312,internal_operational_note,5,2,2,3,0,0,0,False,False
baseline,REC-00313,delivery_order,3,5,1,2,4,1,0,False,False
baseline,REC-00314,contact_form,4,4,3,1,1,0,0,False,False
baseline,REC-00315,subscription_record,5,3,2,3,1,1,0,False,False
baseline,REC-00316,delivery_note,4,5,2,2,3,2,0,False,False
baseline,REC-00317,customer_service_message,3,3,3,0,0,0,0,True,True
baseline,REC-00318,internal_operational_note,5,1,1,4,0,0,0,False,False
baseline,REC-00319,delivery_order,5,4,2,3,2,0,0,False,False
baseline,REC-00320,contact_form,4,3,3,1,0,0,0,False,False
baseline,REC-00321,subscription_record,5,4,2,3,2,1,0,False,False
baseline,REC-00322,delivery_note,4,6,3,1,3,1,0,False,False
baseline,REC-00323,customer_service_message,3,3,3,0,0,0,0,True,True
baseline,REC-00324,internal_operational_note,0,1,0,0,1,0,0,True,True
baseline,REC-00325,delivery_order,5,4,1,4,3,1,0,False,False
baseline,REC-00326,contact_form,4,2,1,3,1,1,0,False,False
baseline,REC-00327,subscription_record,5,3,2,3,1,0,0,False,False
baseline,REC-00328,delivery_note,4,4,2,2,2,1,1,False,False
baseline,REC-00329,customer_service_message,5,4,4,1,0,0,0,False,False
baseline,REC-00330,internal_operational_note,4,1,1,3,0,0,0,False,False
baseline,REC-00331,delivery_order,4,4,2,2,2,0,0,False,False
baseline,REC-00332,contact_form,4,3,3,1,0,0,0,False,False
baseline,REC-00333,subscription_record,5,3,1,4,2,0,1,False,False
baseline,REC-00334,delivery_note,4,4,2,2,2,1,0,False,False
baseline,REC-00335,customer_service_message,3,3,3,0,0,0,0,True,True
baseline,REC-00336,internal_operational_note,0,3,0,0,3,0,0,True,True
baseline,REC-00337,delivery_order,3,2,1,2,1,1,0,False,False
baseline,REC-00338,contact_form,4,4,3,1,1,0,0,False,False
baseline,REC-00339,subscription_record,5,4,2,3,2,1,0,False,False
baseline,REC-00340,delivery_note,4,5,2,2,3,1,0,False,False
baseline,REC-00341,customer_service_message,4,3,3,1,0,0,0,False,False
baseline,REC-00342,internal_operational_note,5,1,1,4,0,0,0,False,False
baseline,REC-00343,delivery_order,3,6,1,2,5,1,1,False,False
baseline,REC-00344,contact_form,5,2,2,3,0,0,0,False,False
baseline,REC-00345,subscription_record,5,2,1,4,1,1,0,False,False
baseline,REC-00346,delivery_note,4,6,3,1,3,1,0,False,False
baseline,REC-00347,customer_service_message,3,3,3,0,0,0,0,True,True
baseline,REC-00348,internal_operational_note,5,1,1,4,0,0,0,False,False
baseline,REC-00349,delivery_order,5,6,1,4,5,1,0,False,False
baseline,REC-00350,contact_form,4,2,2,2,0,0,0,False,False
baseline,REC-00351,subscription_record,5,3,2,3,1,0,0,False,False
baseline,REC-00352,delivery_note,4,3,2,2,1,0,0,False,False
baseline,REC-00353,customer_service_message,4,3,3,1,0,0,0,False,False
baseline,REC-00354,internal_operational_note,4,1,1,3,0,0,0,False,False
baseline,REC-00355,delivery_order,3,4,2,1,2,0,0,False,False
baseline,REC-00356,contact_form,4,4,3,1,1,0,0,False,False
baseline,REC-00357,subscription_record,5,4,2,3,2,1,0,False,False
baseline,REC-00358,delivery_note,4,5,3,1,2,1,0,False,False
baseline,REC-00359,customer_service_message,3,4,3,0,1,0,0,True,True
baseline,REC-00360,internal_operational_note,3,1,1,2,0,0,0,False,False
baseline,REC-00361,delivery_order,3,3,2,1,1,0,0,False,False
baseline,REC-00362,contact_form,4,4,3,1,1,0,0,False,False
baseline,REC-00363,subscription_record,5,4,1,4,3,1,0,False,False
baseline,REC-00364,delivery_note,4,4,3,1,1,0,0,False,False
baseline,REC-00365,customer_service_message,4,3,3,1,0,0,0,False,False
baseline,REC-00366,internal_operational_note,3,1,0,3,1,0,1,False,False
baseline,REC-00367,delivery_order,5,3,1,4,2,0,0,False,False
baseline,REC-00368,contact_form,3,3,3,0,0,0,0,True,True
baseline,REC-00369,subscription_record,5,4,2,3,2,0,0,False,False
baseline,REC-00370,delivery_note,4,5,3,1,2,1,0,False,False
baseline,REC-00371,customer_service_message,4,3,3,1,0,0,0,False,False
baseline,REC-00372,internal_operational_note,5,2,2,3,0,0,0,False,False
baseline,REC-00373,delivery_order,5,5,2,3,3,1,0,False,False
baseline,REC-00374,contact_form,2,1,1,1,0,0,0,False,False
baseline,REC-00375,subscription_record,5,4,1,4,3,1,1,False,False
baseline,REC-00376,delivery_note,4,6,3,1,3,1,0,False,False
baseline,REC-00377,customer_service_message,5,4,4,1,0,0,0,False,False
baseline,REC-00378,internal_operational_note,5,3,3,2,0,0,0,False,False
baseline,REC-00379,delivery_order,3,4,1,2,3,1,0,False,False
baseline,REC-00380,contact_form,4,2,2,2,0,0,0,False,False
baseline,REC-00381,subscription_record,5,2,2,3,0,0,0,False,False
baseline,REC-00382,delivery_note,4,4,2,2,2,2,0,False,False
baseline,REC-00383,customer_service_message,4,3,3,1,0,0,0,False,False
baseline,REC-00384,internal_operational_note,5,1,1,4,0,0,0,False,False
baseline,REC-00385,delivery_order,3,5,2,1,3,1,0,False,False
baseline,REC-00386,contact_form,3,3,3,0,0,0,0,True,True
baseline,REC-00387,subscription_record,5,3,2,3,1,1,0,False,False
baseline,REC-00388,delivery_note,4,5,3,1,2,1,0,False,False
baseline,REC-00389,customer_service_message,4,3,3,1,0,0,0,False,False
baseline,REC-00390,internal_operational_note,5,1,1,4,0,0,0,False,False
baseline,REC-00391,delivery_order,4,4,2,2,2,1,0,False,False
baseline,REC-00392,contact_form,4,2,2,2,0,0,0,False,False
baseline,REC-00393,subscription_record,3,2,2,1,0,0,0,False,False
baseline,REC-00394,delivery_note,4,5,3,1,2,0,0,False,False
baseline,REC-00395,customer_service_message,5,4,4,1,0,0,0,False,False
baseline,REC-00396,internal_operational_note,0,2,0,0,2,0,0,True,True
baseline,REC-00397,delivery_order,5,4,2,3,2,0,0,False,False
baseline,REC-00398,contact_form,3,3,3,0,0,0,0,True,True
baseline,REC-00399,subscription_record,4,4,2,2,2,0,0,False,False
baseline,REC-00400,delivery_note,4,7,1,3,6,1,0,False,False
baseline,REC-00401,customer_service_message,4,2,2,2,0,0,0,False,False
baseline,REC-00402,internal_operational_note,3,1,1,2,0,0,0,False,False
baseline,REC-00403,delivery_order,5,3,2,3,1,0,0,False,False
baseline,REC-00404,contact_form,4,3,3,1,0,0,0,False,False
baseline,REC-00405,subscription_record,5,5,2,3,3,0,1,False,False
baseline,REC-00406,delivery_note,4,6,2,2,4,1,0,False,False
baseline,REC-00407,customer_service_message,4,4,4,0,0,0,0,True,True
baseline,REC-00408,internal_operational_note,5,3,3,2,0,0,0,False,False
baseline,REC-00409,delivery_order,5,5,2,3,3,0,0,False,False
baseline,REC-00410,contact_form,5,3,3,2,0,0,0,False,False
baseline,REC-00411,subscription_record,4,3,2,2,1,0,0,False,False
baseline,REC-00412,delivery_note,4,3,2,2,1,1,0,False,False
baseline,REC-00413,customer_service_message,4,3,3,1,0,0,0,False,False
baseline,REC-00414,internal_operational_note,5,2,1,4,1,0,0,False,False
baseline,REC-00415,delivery_order,3,3,1,2,2,0,0,False,False
baseline,REC-00416,contact_form,4,4,3,1,1,0,0,False,False
baseline,REC-00417,subscription_record,4,2,1,3,1,1,0,False,False
baseline,REC-00418,delivery_note,4,5,2,2,3,1,0,False,False
baseline,REC-00419,customer_service_message,5,4,4,1,0,0,0,False,False
baseline,REC-00420,internal_operational_note,5,3,2,3,1,0,0,False,False
baseline,REC-00421,delivery_order,5,5,2,3,3,0,1,False,False
baseline,REC-00422,contact_form,2,1,1,1,0,0,0,False,False
baseline,REC-00423,subscription_record,3,3,2,1,1,0,0,False,False
baseline,REC-00424,delivery_note,4,3,2,2,1,1,0,False,False
baseline,REC-00425,customer_service_message,2,2,2,0,0,0,0,True,True
baseline,REC-00426,internal_operational_note,5,2,1,4,1,0,1,False,False
baseline,REC-00427,delivery_order,3,6,2,1,4,1,0,False,False
baseline,REC-00428,contact_form,4,3,3,1,0,0,0,False,False
baseline,REC-00429,subscription_record,4,2,2,2,0,0,0,False,False
baseline,REC-00430,delivery_note,4,6,2,2,4,1,0,False,False
baseline,REC-00431,customer_service_message,3,3,3,0,0,0,0,True,True
baseline,REC-00432,internal_operational_note,3,1,1,2,0,0,0,False,False
baseline,REC-00433,delivery_order,3,4,1,2,3,1,0,False,False
baseline,REC-00434,contact_form,3,2,2,1,0,0,0,False,False
baseline,REC-00435,subscription_record,5,6,2,3,4,1,0,False,False
baseline,REC-00436,delivery_note,4,5,2,2,3,1,0,False,False
baseline,REC-00437,customer_service_message,5,4,4,1,0,0,0,False,False
baseline,REC-00438,internal_operational_note,0,2,0,0,2,0,0,True,True
baseline,REC-00439,delivery_order,3,1,1,2,0,0,0,False,False
baseline,REC-00440,contact_form,2,2,2,0,0,0,0,True,True
baseline,REC-00441,subscription_record,4,3,1,3,2,1,0,False,False
baseline,REC-00442,delivery_note,4,3,1,3,2,1,0,False,False
baseline,REC-00443,customer_service_message,5,4,4,1,0,0,0,False,False
baseline,REC-00444,internal_operational_note,5,1,1,4,0,0,0,False,False
baseline,REC-00445,delivery_order,3,3,2,1,1,1,0,False,False
baseline,REC-00446,contact_form,4,3,3,1,0,0,0,False,False
baseline,REC-00447,subscription_record,5,4,1,4,3,1,0,False,False
baseline,REC-00448,delivery_note,4,4,1,3,3,1,0,False,False
baseline,REC-00449,customer_service_message,5,4,4,1,0,0,0,False,False
baseline,REC-00450,internal_operational_note,5,2,2,3,0,0,0,False,False
baseline,REC-00451,delivery_order,3,5,1,2,4,2,0,False,False
baseline,REC-00452,contact_form,3,3,3,0,0,0,0,True,True
baseline,REC-00453,subscription_record,5,5,2,3,3,0,0,False,False
baseline,REC-00454,delivery_note,4,2,1,3,1,1,0,False,False
baseline,REC-00455,customer_service_message,4,4,4,0,0,0,0,True,True
baseline,REC-00456,internal_operational_note,2,1,1,1,0,0,0,False,False
baseline,REC-00457,delivery_order,5,3,1,4,2,0,0,False,False
baseline,REC-00458,contact_form,4,2,2,2,0,0,0,False,False
baseline,REC-00459,subscription_record,5,1,1,4,0,0,0,False,False
baseline,REC-00460,delivery_note,4,4,2,2,2,1,0,False,False
baseline,REC-00461,customer_service_message,3,3,3,0,0,0,0,True,True
baseline,REC-00462,internal_operational_note,0,0,0,0,0,0,0,True,True
baseline,REC-00463,delivery_order,5,1,0,5,1,0,0,False,False
baseline,REC-00464,contact_form,4,3,3,1,0,0,0,False,False
baseline,REC-00465,subscription_record,4,5,2,2,3,1,0,False,False
baseline,REC-00466,delivery_note,4,3,2,2,1,1,0,False,False
baseline,REC-00467,customer_service_message,4,3,3,1,0,0,0,False,False
baseline,REC-00468,internal_operational_note,5,2,2,3,0,0,0,False,False
baseline,REC-00469,delivery_order,5,5,1,4,4,0,0,False,False
baseline,REC-00470,contact_form,4,4,3,1,1,0,0,False,False
baseline,REC-00471,subscription_record,5,3,2,3,1,0,0,False,False
baseline,REC-00472,delivery_note,4,3,1,3,2,1,0,False,False
baseline,REC-00473,customer_service_message,5,4,4,1,0,0,0,False,False
baseline,REC-00474,internal_operational_note,0,2,0,0,2,0,0,True,True
baseline,REC-00475,delivery_order,3,5,2,1,3,1,0,False,False
baseline,REC-00476,contact_form,4,3,3,1,0,0,0,False,False
baseline,REC-00477,subscription_record,5,3,2,3,1,0,0,False,False
baseline,REC-00478,delivery_note,4,6,2,2,4,2,0,False,False
baseline,REC-00479,customer_service_message,3,3,3,0,0,0,0,True,True
baseline,REC-00480,internal_operational_note,5,3,2,3,1,1,0,False,False
baseline,REC-00481,delivery_order,4,3,1,3,2,1,0,False,False
baseline,REC-00482,contact_form,5,2,2,3,0,0,0,False,False
baseline,REC-00483,subscription_record,5,3,2,3,1,0,0,False,False
baseline,REC-00484,delivery_note,4,6,3,1,3,1,0,False,False
baseline,REC-00485,customer_service_message,4,3,3,1,0,0,0,False,False
baseline,REC-00486,internal_operational_note,5,2,2,3,0,0,0,False,False
baseline,REC-00487,delivery_order,3,4,2,1,2,0,0,False,False
baseline,REC-00488,contact_form,4,3,3,1,0,0,0,False,False
baseline,REC-00489,subscription_record,5,2,2,3,0,0,0,False,False
baseline,REC-00490,delivery_note,4,4,2,2,2,1,0,False,False
baseline,REC-00491,customer_service_message,5,4,4,1,0,0,0,False,False
baseline,REC-00492,internal_operational_note,0,1,0,0,1,0,0,True,True
baseline,REC-00493,delivery_order,4,4,2,2,2,0,0,False,False
baseline,REC-00494,contact_form,4,3,3,1,0,0,0,False,False
baseline,REC-00495,subscription_record,5,1,1,4,0,0,0,False,False
baseline,REC-00496,delivery_note,4,4,1,3,3,1,0,False,False
baseline,REC-00497,customer_service_message,2,2,2,0,0,0,0,True,True
baseline,REC-00498,internal_operational_note,5,1,1,4,0,0,0,False,False
baseline,REC-00499,delivery_order,5,4,2,3,2,1,0,False,False
baseline,REC-00500,contact_form,5,3,3,2,0,0,0,False,False
baseline,REC-00501,subscription_record,5,4,2,3,2,0,0,False,False
baseline,REC-00502,delivery_note,4,6,2,2,4,1,0,False,False
baseline,REC-00503,customer_service_message,4,3,3,1,0,0,0,False,False
baseline,REC-00504,internal_operational_note,5,5,2,3,3,1,0,False,False
baseline,REC-00505,delivery_order,5,4,1,4,3,1,0,False,False
baseline,REC-00506,contact_form,4,3,3,1,0,0,0,False,False
baseline,REC-00507,subscription_record,5,2,2,3,0,0,0,False,False
baseline,REC-00508,delivery_note,4,3,1,3,2,1,0,False,False
baseline,REC-00509,customer_service_message,3,3,3,0,0,0,0,True,True
baseline,REC-00510,internal_operational_note,5,4,3,2,1,0,0,False,False
baseline,REC-00511,delivery_order,5,4,2,3,2,1,0,False,False
baseline,REC-00512,contact_form,4,3,3,1,0,0,0,False,False
baseline,REC-00513,subscription_record,3,3,2,1,1,0,0,False,False
baseline,REC-00514,delivery_note,4,4,1,3,3,1,0,False,False
baseline,REC-00515,customer_service_message,2,2,2,0,0,0,0,True,True
baseline,REC-00516,internal_operational_note,0,1,0,0,1,0,0,True,True
baseline,REC-00517,delivery_order,4,5,2,2,3,1,0,False,False
baseline,REC-00518,contact_form,4,4,3,1,1,0,0,False,False
baseline,REC-00519,subscription_record,5,3,2,3,1,0,0,False,False
baseline,REC-00520,delivery_note,4,4,2,2,2,1,0,False,False
baseline,REC-00521,customer_service_message,3,4,3,0,1,0,0,True,True
baseline,REC-00522,internal_operational_note,3,1,1,2,0,0,0,False,False
baseline,REC-00523,delivery_order,3,5,2,1,3,1,0,False,False
baseline,REC-00524,contact_form,4,3,3,1,0,0,0,False,False
baseline,REC-00525,subscription_record,4,5,2,2,3,1,1,False,False
baseline,REC-00526,delivery_note,4,5,2,2,3,0,0,False,False
baseline,REC-00527,customer_service_message,5,4,4,1,0,0,0,False,False
baseline,REC-00528,internal_operational_note,2,2,1,1,1,0,0,False,False
baseline,REC-00529,delivery_order,5,6,2,3,4,0,0,False,False
baseline,REC-00530,contact_form,3,3,2,1,1,1,0,False,False
baseline,REC-00531,subscription_record,5,1,1,4,0,0,0,False,False
baseline,REC-00532,delivery_note,4,6,3,1,3,1,0,False,False
baseline,REC-00533,customer_service_message,4,2,2,2,0,0,0,False,False
baseline,REC-00534,internal_operational_note,5,3,3,2,0,0,0,False,False
baseline,REC-00535,delivery_order,4,3,2,2,1,0,0,False,False
baseline,REC-00536,contact_form,3,2,2,1,0,0,0,False,False
baseline,REC-00537,subscription_record,4,3,2,2,1,1,0,False,False
baseline,REC-00538,delivery_note,4,6,2,2,4,1,0,False,False
baseline,REC-00539,customer_service_message,3,3,3,0,0,0,0,True,True
baseline,REC-00540,internal_operational_note,0,2,0,0,2,0,0,True,True
baseline,REC-00541,delivery_order,5,6,2,3,4,0,0,False,False
baseline,REC-00542,contact_form,4,4,3,1,1,0,0,False,False
baseline,REC-00543,subscription_record,5,2,1,4,1,0,0,False,False
baseline,REC-00544,delivery_note,4,5,1,3,4,1,0,False,False
baseline,REC-00545,customer_service_message,4,3,2,2,1,0,1,False,False
baseline,REC-00546,internal_operational_note,3,0,0,3,0,0,0,False,False
baseline,REC-00547,delivery_order,5,3,1,4,2,0,0,False,False
baseline,REC-00548,contact_form,4,3,3,1,0,0,0,False,False
baseline,REC-00549,subscription_record,3,2,2,1,0,0,0,False,False
baseline,REC-00550,delivery_note,4,5,3,1,2,1,0,False,False
baseline,REC-00551,customer_service_message,5,4,4,1,0,0,0,False,False
baseline,REC-00552,internal_operational_note,5,3,3,2,0,0,0,False,False
baseline,REC-00553,delivery_order,3,6,2,1,4,1,0,False,False
baseline,REC-00554,contact_form,3,3,3,0,0,0,0,True,True
baseline,REC-00555,subscription_record,5,3,2,3,1,0,0,False,False
baseline,REC-00556,delivery_note,4,3,2,2,1,0,0,False,False
baseline,REC-00557,customer_service_message,3,2,2,1,0,0,0,False,False
baseline,REC-00558,internal_operational_note,5,3,2,3,1,0,0,False,False
baseline,REC-00559,delivery_order,3,4,2,1,2,1,0,False,False
baseline,REC-00560,contact_form,4,4,3,1,1,0,0,False,False
baseline,REC-00561,subscription_record,4,6,2,2,4,1,0,False,False
baseline,REC-00562,delivery_note,4,7,2,2,5,1,0,False,False
baseline,REC-00563,customer_service_message,4,3,3,1,0,0,0,False,False
baseline,REC-00564,internal_operational_note,5,3,3,2,0,0,0,False,False
baseline,REC-00565,delivery_order,5,3,2,3,1,0,0,False,False
baseline,REC-00566,contact_form,4,3,3,1,0,0,0,False,False
baseline,REC-00567,subscription_record,5,3,1,4,2,1,0,False,False
baseline,REC-00568,delivery_note,4,1,1,3,0,0,0,False,False
baseline,REC-00569,customer_service_message,4,2,2,2,0,0,0,False,False
baseline,REC-00570,internal_operational_note,5,3,1,4,2,1,0,False,False
baseline,REC-00571,delivery_order,3,6,2,1,4,1,0,False,False
baseline,REC-00572,contact_form,4,3,3,1,0,0,0,False,False
baseline,REC-00573,subscription_record,5,3,1,4,2,1,0,False,False
baseline,REC-00574,delivery_note,4,6,3,1,3,1,0,False,False
baseline,REC-00575,customer_service_message,4,5,3,1,2,0,1,False,True
baseline,REC-00576,internal_operational_note,5,4,2,3,2,0,0,False,False
baseline,REC-00577,delivery_order,3,2,2,1,0,0,0,False,False
baseline,REC-00578,contact_form,4,3,3,1,0,0,0,False,False
baseline,REC-00579,subscription_record,5,2,1,4,1,0,0,False,False
baseline,REC-00580,delivery_note,4,7,3,1,4,1,0,False,False
baseline,REC-00581,customer_service_message,4,3,3,1,0,0,0,False,False
baseline,REC-00582,internal_operational_note,5,2,1,4,1,0,0,False,False
baseline,REC-00583,delivery_order,5,6,2,3,4,1,0,False,False
baseline,REC-00584,contact_form,4,4,3,1,1,0,0,False,False
baseline,REC-00585,subscription_record,4,2,1,3,1,0,0,False,False
baseline,REC-00586,delivery_note,4,2,1,3,1,1,0,False,False
baseline,REC-00587,customer_service_message,4,2,2,2,0,0,0,False,False
baseline,REC-00588,internal_operational_note,4,3,2,2,1,0,0,False,False
baseline,REC-00589,delivery_order,4,3,2,2,1,1,0,False,False
baseline,REC-00590,contact_form,4,3,3,1,0,0,0,False,False
baseline,REC-00591,subscription_record,5,6,2,3,4,0,0,False,False
baseline,REC-00592,delivery_note,4,0,0,4,0,0,0,False,False
baseline,REC-00593,customer_service_message,2,2,2,0,0,0,0,True,True
baseline,REC-00594,internal_operational_note,0,2,0,0,2,0,0,True,True
baseline,REC-00595,delivery_order,5,6,1,4,5,1,0,False,False
baseline,REC-00596,contact_form,4,2,2,2,0,0,0,False,False
baseline,REC-00597,subscription_record,4,3,1,3,2,0,0,False,False
baseline,REC-00598,delivery_note,4,5,1,3,4,1,0,False,False
baseline,REC-00599,customer_service_message,5,4,4,1,0,0,0,False,False
baseline,REC-00600,internal_operational_note,0,1,0,0,1,0,0,True,True
baseline,REC-00601,delivery_order,4,6,2,2,4,1,0,False,False
baseline,REC-00602,contact_form,4,3,3,1,0,0,0,False,False
baseline,REC-00603,subscription_record,3,2,2,1,0,0,0,False,False
baseline,REC-00604,delivery_note,4,4,3,1,1,1,0,False,False
baseline,REC-00605,customer_service_message,4,2,2,2,0,0,0,False,False
baseline,REC-00606,internal_operational_note,5,3,2,3,1,0,1,False,False
baseline,REC-00607,delivery_order,4,3,2,2,1,0,0,False,False
baseline,REC-00608,contact_form,4,3,3,1,0,0,0,False,False
baseline,REC-00609,subscription_record,5,5,2,3,3,1,0,False,False
baseline,REC-00610,delivery_note,4,6,3,1,3,0,0,False,False
baseline,REC-00611,customer_service_message,3,3,2,1,1,0,0,False,False
baseline,REC-00612,internal_operational_note,5,2,2,3,0,0,0,False,False
baseline,REC-00613,delivery_order,4,5,2,2,3,1,0,False,False
baseline,REC-00614,contact_form,4,4,3,1,1,0,0,False,False
baseline,REC-00615,subscription_record,5,4,2,3,2,1,0,False,False
baseline,REC-00616,delivery_note,4,3,1,3,2,0,0,False,False
baseline,REC-00617,customer_service_message,3,3,3,0,0,0,0,True,True
baseline,REC-00618,internal_operational_note,4,2,1,3,1,0,0,False,False
baseline,REC-00619,delivery_order,3,5,2,1,3,1,0,False,False
baseline,REC-00620,contact_form,4,4,3,1,1,0,0,False,False
baseline,REC-00621,subscription_record,5,2,1,4,1,1,0,False,False
baseline,REC-00622,delivery_note,4,4,2,2,2,1,0,False,False
baseline,REC-00623,customer_service_message,2,1,1,1,0,0,0,False,False
baseline,REC-00624,internal_operational_note,5,2,2,3,0,0,0,False,False
baseline,REC-00625,delivery_order,4,4,2,2,2,0,0,False,False
baseline,REC-00626,contact_form,3,2,2,1,0,0,0,False,False
baseline,REC-00627,subscription_record,4,1,1,3,0,0,0,False,False
baseline,REC-00628,delivery_note,4,5,2,2,3,0,0,False,False
baseline,REC-00629,customer_service_message,2,2,2,0,0,0,0,True,True
baseline,REC-00630,internal_operational_note,5,2,1,4,1,1,0,False,False
baseline,REC-00631,delivery_order,4,3,1,3,2,0,0,False,False
baseline,REC-00632,contact_form,3,3,2,1,1,1,0,False,False
baseline,REC-00633,subscription_record,5,4,1,4,3,1,0,False,False
baseline,REC-00634,delivery_note,4,5,2,2,3,1,0,False,False
baseline,REC-00635,customer_service_message,4,3,3,1,0,0,0,False,False
baseline,REC-00636,internal_operational_note,4,2,2,2,0,0,0,False,False
baseline,REC-00637,delivery_order,4,3,1,3,2,1,0,False,False
baseline,REC-00638,contact_form,4,2,2,2,0,0,0,False,False
baseline,REC-00639,subscription_record,5,2,1,4,1,0,0,False,False
baseline,REC-00640,delivery_note,4,5,1,3,4,2,0,False,False
baseline,REC-00641,customer_service_message,3,3,3,0,0,0,0,True,True
baseline,REC-00642,internal_operational_note,5,1,1,4,0,0,0,False,False
baseline,REC-00643,delivery_order,3,4,2,1,2,1,0,False,False
baseline,REC-00644,contact_form,4,1,1,3,0,0,0,False,False
baseline,REC-00645,subscription_record,5,6,2,3,4,0,0,False,False
baseline,REC-00646,delivery_note,4,5,1,3,4,1,1,False,False
baseline,REC-00647,customer_service_message,4,3,3,1,0,0,0,False,False
baseline,REC-00648,internal_operational_note,5,4,2,3,2,1,0,False,False
baseline,REC-00649,delivery_order,3,4,2,1,2,0,0,False,False
baseline,REC-00650,contact_form,3,3,3,0,0,0,0,True,True
baseline,REC-00651,subscription_record,5,3,1,4,2,0,0,False,False
baseline,REC-00652,delivery_note,4,5,3,1,2,0,0,False,False
baseline,REC-00653,customer_service_message,4,3,3,1,0,0,0,False,False
baseline,REC-00654,internal_operational_note,5,5,1,4,4,2,0,False,False
baseline,REC-00655,delivery_order,5,5,2,3,3,1,0,False,False
baseline,REC-00656,contact_form,2,2,2,0,0,0,0,True,True
baseline,REC-00657,subscription_record,5,3,1,4,2,1,0,False,False
baseline,REC-00658,delivery_note,4,2,1,3,1,1,0,False,False
baseline,REC-00659,customer_service_message,4,3,3,1,0,0,0,False,False
baseline,REC-00660,internal_operational_note,5,2,2,3,0,0,0,False,False
baseline,REC-00661,delivery_order,3,4,2,1,2,0,0,False,False
baseline,REC-00662,contact_form,5,3,2,3,1,1,0,False,False
baseline,REC-00663,subscription_record,4,4,2,2,2,0,0,False,False
baseline,REC-00664,delivery_note,4,5,2,2,3,0,0,False,False
baseline,REC-00665,customer_service_message,3,4,3,0,1,0,0,True,True
baseline,REC-00666,internal_operational_note,4,4,2,2,2,0,0,False,False
baseline,REC-00667,delivery_order,5,5,2,3,3,1,0,False,False
baseline,REC-00668,contact_form,4,3,3,1,0,0,0,False,False
baseline,REC-00669,subscription_record,4,4,2,2,2,0,0,False,False
baseline,REC-00670,delivery_note,4,2,1,3,1,0,0,False,False
baseline,REC-00671,customer_service_message,4,4,4,0,0,0,0,True,True
baseline,REC-00672,internal_operational_note,2,2,1,1,1,0,0,False,False
baseline,REC-00673,delivery_order,3,4,2,1,2,1,0,False,False
baseline,REC-00674,contact_form,2,1,1,1,0,0,0,False,False
baseline,REC-00675,subscription_record,5,5,2,3,3,1,0,False,False
baseline,REC-00676,delivery_note,4,4,2,2,2,1,0,False,False
baseline,REC-00677,customer_service_message,4,3,3,1,0,0,0,False,False
baseline,REC-00678,internal_operational_note,4,2,2,2,0,0,0,False,False
baseline,REC-00679,delivery_order,3,4,2,1,2,0,0,False,False
baseline,REC-00680,contact_form,3,2,2,1,0,0,0,False,False
baseline,REC-00681,subscription_record,5,3,1,4,2,0,1,False,False
baseline,REC-00682,delivery_note,4,2,1,3,1,0,0,False,False
baseline,REC-00683,customer_service_message,3,3,2,1,1,1,0,False,False
baseline,REC-00684,internal_operational_note,5,2,2,3,0,0,0,False,False
baseline,REC-00685,delivery_order,5,5,2,3,3,1,0,False,False
baseline,REC-00686,contact_form,4,2,2,2,0,0,0,False,False
baseline,REC-00687,subscription_record,5,5,2,3,3,1,0,False,False
baseline,REC-00688,delivery_note,4,7,3,1,4,0,0,False,False
baseline,REC-00689,customer_service_message,2,2,2,0,0,0,0,True,True
baseline,REC-00690,internal_operational_note,5,2,2,3,0,0,0,False,False
baseline,REC-00691,delivery_order,3,4,2,1,2,0,0,False,False
baseline,REC-00692,contact_form,3,3,3,0,0,0,0,True,True
baseline,REC-00693,subscription_record,4,3,1,3,2,0,0,False,False
baseline,REC-00694,delivery_note,4,4,1,3,3,0,0,False,False
baseline,REC-00695,customer_service_message,2,1,1,1,0,0,0,False,False
baseline,REC-00696,internal_operational_note,4,2,1,3,1,1,0,False,False
baseline,REC-00697,delivery_order,4,3,2,2,1,1,0,False,False
baseline,REC-00698,contact_form,4,3,3,1,0,0,0,False,False
baseline,REC-00699,subscription_record,5,3,1,4,2,1,0,False,False
baseline,REC-00700,delivery_note,4,7,2,2,5,1,0,False,False
baseline,REC-00701,customer_service_message,4,4,3,1,1,0,1,False,True
baseline,REC-00702,internal_operational_note,5,3,2,3,1,0,0,False,False
baseline,REC-00703,delivery_order,5,5,1,4,4,1,0,False,False
baseline,REC-00704,contact_form,4,3,3,1,0,0,0,False,False
baseline,REC-00705,subscription_record,4,4,2,2,2,1,0,False,False
baseline,REC-00706,delivery_note,4,5,2,2,3,1,0,False,False
baseline,REC-00707,customer_service_message,4,3,3,1,0,0,0,False,False
baseline,REC-00708,internal_operational_note,5,3,1,4,2,1,0,False,False
baseline,REC-00709,delivery_order,4,4,2,2,2,0,0,False,False
baseline,REC-00710,contact_form,5,3,3,2,0,0,0,False,False
baseline,REC-00711,subscription_record,5,5,2,3,3,1,0,False,False
baseline,REC-00712,delivery_note,4,3,3,1,0,0,0,False,False
baseline,REC-00713,customer_service_message,3,3,3,0,0,0,0,True,True
baseline,REC-00714,internal_operational_note,5,1,1,4,0,0,0,False,False
baseline,REC-00715,delivery_order,4,8,2,2,6,1,0,False,False
baseline,REC-00716,contact_form,4,2,2,2,0,0,0,False,False
baseline,REC-00717,subscription_record,5,3,1,4,2,0,0,False,False
baseline,REC-00718,delivery_note,4,6,3,1,3,1,0,False,False
baseline,REC-00719,customer_service_message,3,2,2,1,0,0,0,False,False
baseline,REC-00720,internal_operational_note,3,0,0,3,0,0,0,False,False
baseline,REC-00721,delivery_order,4,1,1,3,0,0,0,False,False
baseline,REC-00722,contact_form,4,4,3,1,1,0,0,False,False
baseline,REC-00723,subscription_record,5,4,2,3,2,1,0,False,False
baseline,REC-00724,delivery_note,4,3,2,2,1,0,0,False,False
baseline,REC-00725,customer_service_message,5,2,2,3,0,0,0,False,False
baseline,REC-00726,internal_operational_note,5,2,2,3,0,0,0,False,False
baseline,REC-00727,delivery_order,4,4,2,2,2,1,0,False,False
baseline,REC-00728,contact_form,3,3,3,0,0,0,0,True,True
baseline,REC-00729,subscription_record,4,2,1,3,1,0,0,False,False
baseline,REC-00730,delivery_note,4,4,3,1,1,1,0,False,False
baseline,REC-00731,customer_service_message,4,3,3,1,0,0,0,False,False
baseline,REC-00732,internal_operational_note,5,2,2,3,0,0,0,False,False
baseline,REC-00733,delivery_order,4,3,2,2,1,1,0,False,False
baseline,REC-00734,contact_form,2,1,1,1,0,0,0,False,False
baseline,REC-00735,subscription_record,5,3,2,3,1,1,0,False,False
baseline,REC-00736,delivery_note,4,4,2,2,2,1,0,False,False
baseline,REC-00737,customer_service_message,4,3,3,1,0,0,0,False,False
baseline,REC-00738,internal_operational_note,5,3,3,2,0,0,0,False,False
baseline,REC-00739,delivery_order,5,5,2,3,3,0,0,False,False
baseline,REC-00740,contact_form,4,2,2,2,0,0,0,False,False
baseline,REC-00741,subscription_record,5,3,2,3,1,1,0,False,False
baseline,REC-00742,delivery_note,4,2,1,3,1,1,0,False,False
baseline,REC-00743,customer_service_message,4,3,2,2,1,1,0,False,False
baseline,REC-00744,internal_operational_note,3,2,2,1,0,0,0,False,False
baseline,REC-00745,delivery_order,3,3,2,1,1,1,0,False,False
baseline,REC-00746,contact_form,4,3,3,1,0,0,0,False,False
baseline,REC-00747,subscription_record,5,2,2,3,0,0,0,False,False
baseline,REC-00748,delivery_note,4,4,2,2,2,1,0,False,False
baseline,REC-00749,customer_service_message,4,2,2,2,0,0,0,False,False
baseline,REC-00750,internal_operational_note,3,1,1,2,0,0,0,False,False
baseline,REC-00751,delivery_order,5,6,1,4,5,1,0,False,False
baseline,REC-00752,contact_form,4,3,3,1,0,0,0,False,False
baseline,REC-00753,subscription_record,5,4,1,4,3,2,0,False,False
baseline,REC-00754,delivery_note,4,4,2,2,2,1,0,False,False
baseline,REC-00755,customer_service_message,4,3,3,1,0,0,0,False,False
baseline,REC-00756,internal_operational_note,5,2,2,3,0,0,0,False,False
baseline,REC-00757,delivery_order,4,6,2,2,4,0,0,False,False
baseline,REC-00758,contact_form,4,2,2,2,0,0,0,False,False
baseline,REC-00759,subscription_record,5,3,2,3,1,0,0,False,False
baseline,REC-00760,delivery_note,4,6,2,2,4,1,1,False,False
baseline,REC-00761,customer_service_message,5,4,4,1,0,0,0,False,False
baseline,REC-00762,internal_operational_note,5,3,2,3,1,0,1,False,False
baseline,REC-00763,delivery_order,4,6,2,2,4,0,0,False,False
baseline,REC-00764,contact_form,5,2,2,3,0,0,0,False,False
baseline,REC-00765,subscription_record,5,3,2,3,1,1,0,False,False
baseline,REC-00766,delivery_note,4,6,2,2,4,1,0,False,False
baseline,REC-00767,customer_service_message,4,3,3,1,0,0,0,False,False
baseline,REC-00768,internal_operational_note,4,3,2,2,1,0,0,False,False
baseline,REC-00769,delivery_order,4,3,1,3,2,1,0,False,False
baseline,REC-00770,contact_form,4,3,3,1,0,0,0,False,False
baseline,REC-00771,subscription_record,4,6,1,3,5,1,1,False,False
baseline,REC-00772,delivery_note,4,7,3,1,4,1,0,False,False
baseline,REC-00773,customer_service_message,3,3,3,0,0,0,0,True,True
baseline,REC-00774,internal_operational_note,3,2,2,1,0,0,0,False,False
baseline,REC-00775,delivery_order,5,3,2,3,1,1,0,False,False
baseline,REC-00776,contact_form,2,2,2,0,0,0,0,True,True
baseline,REC-00777,subscription_record,4,5,2,2,3,1,0,False,False
baseline,REC-00778,delivery_note,4,4,3,1,1,0,0,False,False
baseline,REC-00779,customer_service_message,4,2,2,2,0,0,0,False,False
baseline,REC-00780,internal_operational_note,5,2,2,3,0,0,0,False,False
baseline,REC-00781,delivery_order,5,6,2,3,4,1,0,False,False
baseline,REC-00782,contact_form,4,3,2,2,1,0,0,False,False
baseline,REC-00783,subscription_record,3,1,1,2,0,0,0,False,False
baseline,REC-00784,delivery_note,4,2,1,3,1,1,0,False,False
baseline,REC-00785,customer_service_message,4,3,2,2,1,1,0,False,False
baseline,REC-00786,internal_operational_note,0,0,0,0,0,0,0,True,True
baseline,REC-00787,delivery_order,4,2,2,2,0,0,0,False,False
baseline,REC-00788,contact_form,4,3,3,1,0,0,0,False,False
baseline,REC-00789,subscription_record,3,1,1,2,0,0,0,False,False
baseline,REC-00790,delivery_note,4,5,1,3,4,1,0,False,False
baseline,REC-00791,customer_service_message,4,4,3,1,1,0,0,False,False
baseline,REC-00792,internal_operational_note,3,1,1,2,0,0,0,False,False
baseline,REC-00793,delivery_order,5,4,2,3,2,0,0,False,False
baseline,REC-00794,contact_form,3,2,2,1,0,0,0,False,False
baseline,REC-00795,subscription_record,5,2,1,4,1,0,0,False,False
baseline,REC-00796,delivery_note,4,2,1,3,1,1,0,False,False
baseline,REC-00797,customer_service_message,5,2,2,3,0,0,0,False,False
baseline,REC-00798,internal_operational_note,0,2,0,0,2,0,0,True,True
baseline,REC-00799,delivery_order,5,2,1,4,1,0,0,False,False
baseline,REC-00800,contact_form,4,3,3,1,0,0,0,False,False
baseline,REC-00801,subscription_record,5,4,2,3,2,1,0,False,False
baseline,REC-00802,delivery_note,4,7,2,2,5,1,0,False,False
baseline,REC-00803,customer_service_message,3,3,3,0,0,0,0,True,True
baseline,REC-00804,internal_operational_note,4,3,1,3,2,0,0,False,False
baseline,REC-00805,delivery_order,3,3,2,1,1,1,0,False,False
baseline,REC-00806,contact_form,3,2,2,1,0,0,0,False,False
baseline,REC-00807,subscription_record,5,3,2,3,1,0,0,False,False
baseline,REC-00808,delivery_note,4,1,1,3,0,0,0,False,False
baseline,REC-00809,customer_service_message,5,2,2,3,0,0,0,False,False
baseline,REC-00810,internal_operational_note,4,2,2,2,0,0,0,False,False
baseline,REC-00811,delivery_order,3,2,1,2,1,1,0,False,False
baseline,REC-00812,contact_form,4,3,3,1,0,0,0,False,False
baseline,REC-00813,subscription_record,5,2,1,4,1,1,0,False,False
baseline,REC-00814,delivery_note,4,3,2,2,1,1,0,False,False
baseline,REC-00815,customer_service_message,4,3,3,1,0,0,0,False,False
baseline,REC-00816,internal_operational_note,4,1,1,3,0,0,0,False,False
baseline,REC-00817,delivery_order,4,7,1,3,6,2,0,False,False
baseline,REC-00818,contact_form,4,3,3,1,0,0,0,False,False
baseline,REC-00819,subscription_record,5,2,2,3,0,0,0,False,False
baseline,REC-00820,delivery_note,4,7,3,1,4,1,0,False,False
baseline,REC-00821,customer_service_message,5,4,4,1,0,0,0,False,False
baseline,REC-00822,internal_operational_note,5,2,1,4,1,0,0,False,False
baseline,REC-00823,delivery_order,5,6,2,3,4,1,0,False,False
baseline,REC-00824,contact_form,5,3,2,3,1,0,0,False,False
baseline,REC-00825,subscription_record,5,3,1,4,2,0,0,False,False
baseline,REC-00826,delivery_note,4,4,2,2,2,0,0,False,False
baseline,REC-00827,customer_service_message,4,2,2,2,0,0,0,False,False
baseline,REC-00828,internal_operational_note,5,3,2,3,1,1,0,False,False
baseline,REC-00829,delivery_order,4,4,2,2,2,0,0,False,False
baseline,REC-00830,contact_form,5,1,1,4,0,0,0,False,False
baseline,REC-00831,subscription_record,5,3,1,4,2,0,0,False,False
baseline,REC-00832,delivery_note,4,5,1,3,4,1,0,False,False
baseline,REC-00833,customer_service_message,4,3,3,1,0,0,0,False,False
baseline,REC-00834,internal_operational_note,0,1,0,0,1,0,0,True,True
baseline,REC-00835,delivery_order,5,3,2,3,1,0,0,False,False
baseline,REC-00836,contact_form,4,3,3,1,0,0,0,False,False
baseline,REC-00837,subscription_record,5,2,2,3,0,0,0,False,False
baseline,REC-00838,delivery_note,4,5,2,2,3,1,0,False,False
baseline,REC-00839,customer_service_message,5,4,4,1,0,0,0,False,False
baseline,REC-00840,internal_operational_note,4,2,1,3,1,0,0,False,False
baseline,REC-00841,delivery_order,4,4,2,2,2,1,0,False,False
baseline,REC-00842,contact_form,4,3,3,1,0,0,0,False,False
baseline,REC-00843,subscription_record,5,2,1,4,1,1,0,False,False
baseline,REC-00844,delivery_note,4,3,1,3,2,0,0,False,False
baseline,REC-00845,customer_service_message,5,4,4,1,0,0,0,False,False
baseline,REC-00846,internal_operational_note,0,1,0,0,1,0,0,True,True
baseline,REC-00847,delivery_order,5,5,2,3,3,0,0,False,False
baseline,REC-00848,contact_form,3,4,3,0,1,0,0,True,True
baseline,REC-00849,subscription_record,5,2,1,4,1,0,0,False,False
baseline,REC-00850,delivery_note,4,4,2,2,2,1,0,False,False
improved,CHAL-001,customer_service_message,1,1,1,0,0,0,0,True,True
improved,CHAL-002,contact_form,1,1,1,0,0,0,0,True,True
improved,CHAL-003,delivery_note,2,2,2,0,0,0,0,True,True
improved,CHAL-004,customer_service_message,2,2,2,0,0,0,0,True,True
improved,CHAL-005,internal_operational_note,3,3,3,0,0,0,0,True,True
improved,CHAL-006,delivery_order,0,0,0,0,0,0,0,True,True
improved,CHAL-007,contact_form,1,1,1,0,0,0,0,True,True
improved,CHAL-008,subscription_record,4,4,3,1,1,1,0,False,False
improved,CHAL-009,contact_form,1,1,1,0,0,0,0,True,True
improved,CHAL-010,internal_operational_note,0,0,0,0,0,0,0,True,True
improved,CHAL-011,customer_service_message,2,2,2,0,0,0,0,True,True
improved,CHAL-012,customer_service_message,2,2,2,0,0,0,0,True,True
improved,CHAL-013,internal_operational_note,1,0,0,1,0,0,0,False,False
improved,CHAL-014,delivery_note,1,1,1,0,0,0,0,True,True
improved,CHAL-015,internal_operational_note,1,0,0,1,0,0,0,False,False
improved,CHAL-016,delivery_order,1,1,0,1,1,0,0,False,False
improved,CHAL-017,contact_form,1,1,1,0,0,0,0,True,True
improved,CHAL-018,customer_service_message,1,2,1,0,1,0,0,True,True
improved,CHAL-019,delivery_note,2,2,2,0,0,0,0,True,True
improved,CHAL-020,delivery_order,2,3,2,0,1,0,0,True,True
improved,REC-00001,delivery_order,4,4,4,0,0,0,0,True,True
improved,REC-00002,contact_form,3,4,3,0,1,0,0,True,True
improved,REC-00003,subscription_record,5,6,5,0,1,0,0,True,True
improved,REC-00004,delivery_note,4,5,3,1,2,0,0,False,False
improved,REC-00005,customer_service_message,5,5,5,0,0,0,0,True,True
improved,REC-00006,internal_operational_note,5,3,3,2,0,0,0,False,False
improved,REC-00007,delivery_order,5,7,5,0,2,0,0,True,True
improved,REC-00008,contact_form,4,4,4,0,0,0,0,True,True
improved,REC-00009,subscription_record,5,7,5,0,2,0,0,True,True
improved,REC-00010,delivery_note,4,4,4,0,0,0,0,True,True
improved,REC-00011,customer_service_message,2,1,1,1,0,0,0,False,False
improved,REC-00012,internal_operational_note,5,5,3,2,2,1,0,False,False
improved,REC-00013,delivery_order,4,5,4,0,1,0,0,True,True
improved,REC-00014,contact_form,3,3,3,0,0,0,0,True,True
improved,REC-00015,subscription_record,5,6,4,1,2,0,0,False,False
improved,REC-00016,delivery_note,4,4,4,0,0,0,0,True,True
improved,REC-00017,customer_service_message,4,4,4,0,0,0,0,True,True
improved,REC-00018,internal_operational_note,4,4,4,0,0,0,0,True,True
improved,REC-00019,delivery_order,3,4,3,0,1,0,0,True,True
improved,REC-00020,contact_form,4,4,4,0,0,0,0,True,True
improved,REC-00021,subscription_record,5,6,5,0,1,0,0,True,True
improved,REC-00022,delivery_note,4,4,4,0,0,0,0,True,True
improved,REC-00023,customer_service_message,5,5,5,0,0,0,0,True,True
improved,REC-00024,internal_operational_note,0,0,0,0,0,0,0,True,True
improved,REC-00025,delivery_order,4,6,4,0,2,0,0,True,True
improved,REC-00026,contact_form,5,5,5,0,0,0,0,True,True
improved,REC-00027,subscription_record,5,5,5,0,0,0,0,True,True
improved,REC-00028,delivery_note,4,3,2,2,1,0,0,False,False
improved,REC-00029,customer_service_message,5,5,5,0,0,0,0,True,True
improved,REC-00030,internal_operational_note,5,5,5,0,0,0,0,True,True
improved,REC-00031,delivery_order,4,5,3,1,2,0,0,False,False
improved,REC-00032,contact_form,3,3,3,0,0,0,0,True,True
improved,REC-00033,subscription_record,5,4,4,1,0,0,0,False,False
improved,REC-00034,delivery_note,4,5,4,0,1,0,0,True,True
improved,REC-00035,customer_service_message,4,4,4,0,0,0,0,True,True
improved,REC-00036,internal_operational_note,4,4,4,0,0,0,0,True,True
improved,REC-00037,delivery_order,4,2,2,2,0,0,0,False,False
improved,REC-00038,contact_form,3,3,3,0,0,0,0,True,True
improved,REC-00039,subscription_record,5,6,5,0,1,0,0,True,True
improved,REC-00040,delivery_note,4,5,4,0,1,0,0,True,True
improved,REC-00041,customer_service_message,4,4,4,0,0,0,0,True,True
improved,REC-00042,internal_operational_note,5,5,5,0,0,0,0,True,True
improved,REC-00043,delivery_order,3,3,2,1,1,0,0,False,False
improved,REC-00044,contact_form,4,4,4,0,0,0,0,True,True
improved,REC-00045,subscription_record,5,5,5,0,0,0,0,True,True
improved,REC-00046,delivery_note,4,4,4,0,0,0,0,True,True
improved,REC-00047,customer_service_message,5,5,5,0,0,0,0,True,True
improved,REC-00048,internal_operational_note,5,4,4,1,0,0,0,False,False
improved,REC-00049,delivery_order,4,4,4,0,0,0,0,True,True
improved,REC-00050,contact_form,4,4,4,0,0,0,0,True,True
improved,REC-00051,subscription_record,5,7,5,0,2,0,0,True,True
improved,REC-00052,delivery_note,4,5,4,0,1,0,0,True,True
improved,REC-00053,customer_service_message,4,4,4,0,0,0,0,True,True
improved,REC-00054,internal_operational_note,4,4,4,0,0,0,0,True,True
improved,REC-00055,delivery_order,3,6,3,0,3,0,0,True,True
improved,REC-00056,contact_form,3,3,2,1,1,0,1,False,True
improved,REC-00057,subscription_record,4,5,4,0,1,0,0,True,True
improved,REC-00058,delivery_note,4,4,4,0,0,0,0,True,True
improved,REC-00059,customer_service_message,4,5,4,0,1,0,0,True,True
improved,REC-00060,internal_operational_note,3,3,3,0,0,0,0,True,True
improved,REC-00061,delivery_order,3,5,2,1,3,0,0,False,False
improved,REC-00062,contact_form,3,3,3,0,0,0,0,True,True
improved,REC-00063,subscription_record,5,5,5,0,0,0,0,True,True
improved,REC-00064,delivery_note,4,3,2,2,1,0,0,False,False
improved,REC-00065,customer_service_message,3,3,3,0,0,0,0,True,True
improved,REC-00066,internal_operational_note,4,4,4,0,0,0,0,True,True
improved,REC-00067,delivery_order,4,5,4,0,1,0,0,True,True
improved,REC-00068,contact_form,3,3,3,0,0,0,0,True,True
improved,REC-00069,subscription_record,5,5,5,0,0,0,0,True,True
improved,REC-00070,delivery_note,4,3,3,1,0,0,0,False,False
improved,REC-00071,customer_service_message,4,4,4,0,0,0,0,True,True
improved,REC-00072,internal_operational_note,5,5,5,0,0,0,0,True,True
improved,REC-00073,delivery_order,4,5,4,0,1,0,0,True,True
improved,REC-00074,contact_form,4,4,4,0,0,0,0,True,True
improved,REC-00075,subscription_record,5,5,4,1,1,0,0,False,False
improved,REC-00076,delivery_note,4,5,4,0,1,0,0,True,True
improved,REC-00077,customer_service_message,4,4,4,0,0,0,0,True,True
improved,REC-00078,internal_operational_note,5,4,4,1,0,0,0,False,False
improved,REC-00079,delivery_order,4,4,4,0,0,0,0,True,True
improved,REC-00080,contact_form,3,3,3,0,0,0,0,True,True
improved,REC-00081,subscription_record,3,3,3,0,0,0,0,True,True
improved,REC-00082,delivery_note,4,4,3,1,1,0,0,False,False
improved,REC-00083,customer_service_message,4,4,4,0,0,0,0,True,True
improved,REC-00084,internal_operational_note,3,3,3,0,0,0,0,True,True
improved,REC-00085,delivery_order,5,7,5,0,2,0,0,True,True
improved,REC-00086,contact_form,3,3,3,0,0,0,0,True,True
improved,REC-00087,subscription_record,4,6,2,2,4,1,0,False,False
improved,REC-00088,delivery_note,4,3,3,1,0,0,0,False,False
improved,REC-00089,customer_service_message,5,5,5,0,0,0,0,True,True
improved,REC-00090,internal_operational_note,5,3,3,2,0,0,0,False,False
improved,REC-00091,delivery_order,5,8,5,0,3,0,0,True,True
improved,REC-00092,contact_form,3,2,2,1,0,0,0,False,False
improved,REC-00093,subscription_record,5,5,4,1,1,0,0,False,False
improved,REC-00094,delivery_note,4,4,3,1,1,0,0,False,False
improved,REC-00095,customer_service_message,4,4,4,0,0,0,0,True,True
improved,REC-00096,internal_operational_note,5,3,3,2,0,0,0,False,False
improved,REC-00097,delivery_order,5,7,5,0,2,0,0,True,True
improved,REC-00098,contact_form,4,4,3,1,1,0,1,False,True
improved,REC-00099,subscription_record,3,4,3,0,1,0,0,True,True
improved,REC-00100,delivery_note,4,4,3,1,1,0,0,False,False
improved,REC-00101,customer_service_message,4,4,4,0,0,0,0,True,True
improved,REC-00102,internal_operational_note,5,4,4,1,0,0,0,False,False
improved,REC-00103,delivery_order,4,4,3,1,1,0,0,False,False
improved,REC-00104,contact_form,3,3,3,0,0,0,0,True,True
improved,REC-00105,subscription_record,5,6,5,0,1,0,0,True,True
improved,REC-00106,delivery_note,4,3,3,1,0,0,0,False,False
improved,REC-00107,customer_service_message,4,4,4,0,0,0,0,True,True
improved,REC-00108,internal_operational_note,5,5,5,0,0,0,0,True,True
improved,REC-00109,delivery_order,5,6,5,0,1,0,0,True,True
improved,REC-00110,contact_form,4,4,4,0,0,0,0,True,True
improved,REC-00111,subscription_record,5,5,4,1,1,0,0,False,False
improved,REC-00112,delivery_note,4,4,3,1,1,0,0,False,False
improved,REC-00113,customer_service_message,3,2,2,1,0,0,0,False,False
improved,REC-00114,internal_operational_note,5,3,3,2,0,0,0,False,False
improved,REC-00115,delivery_order,4,5,4,0,1,0,0,True,True
improved,REC-00116,contact_form,4,5,4,0,1,0,0,True,True
improved,REC-00117,subscription_record,5,5,5,0,0,0,0,True,True
improved,REC-00118,delivery_note,4,5,4,0,1,0,0,True,True
improved,REC-00119,customer_service_message,2,2,2,0,0,0,0,True,True
improved,REC-00120,internal_operational_note,5,4,4,1,0,0,0,False,False
improved,REC-00121,delivery_order,5,6,5,0,1,0,0,True,True
improved,REC-00122,contact_form,4,4,4,0,0,0,0,True,True
improved,REC-00123,subscription_record,5,6,5,0,1,0,0,True,True
improved,REC-00124,delivery_note,4,4,3,1,1,0,0,False,False
improved,REC-00125,customer_service_message,2,1,1,1,0,0,0,False,False
improved,REC-00126,internal_operational_note,5,5,4,1,1,1,0,False,False
improved,REC-00127,delivery_order,4,6,4,0,2,0,0,True,True
improved,REC-00128,contact_form,3,3,3,0,0,0,0,True,True
improved,REC-00129,subscription_record,5,7,5,0,2,0,0,True,True
improved,REC-00130,delivery_note,4,5,3,1,2,0,0,False,False
improved,REC-00131,customer_service_message,3,3,3,0,0,0,0,True,True
improved,REC-00132,internal_operational_note,0,0,0,0,0,0,0,True,True
improved,REC-00133,delivery_order,4,4,4,0,0,0,0,True,True
improved,REC-00134,contact_form,3,2,2,1,0,0,0,False,False
improved,REC-00135,subscription_record,5,7,4,1,3,0,0,False,False
improved,REC-00136,delivery_note,4,3,3,1,0,0,0,False,False
improved,REC-00137,customer_service_message,4,5,4,0,1,0,0,True,True
improved,REC-00138,internal_operational_note,3,3,3,0,0,0,0,True,True
improved,REC-00139,delivery_order,4,4,3,1,1,0,0,False,False
improved,REC-00140,contact_form,3,3,3,0,0,0,0,True,True
improved,REC-00141,subscription_record,3,2,2,1,0,0,0,False,False
improved,REC-00142,delivery_note,4,5,4,0,1,0,0,True,True
improved,REC-00143,customer_service_message,4,4,4,0,0,0,0,True,True
improved,REC-00144,internal_operational_note,5,4,4,1,0,0,0,False,False
improved,REC-00145,delivery_order,4,4,4,0,0,0,0,True,True
improved,REC-00146,contact_form,5,5,5,0,0,0,0,True,True
improved,REC-00147,subscription_record,5,6,3,2,3,0,0,False,False
improved,REC-00148,delivery_note,4,3,2,2,1,0,0,False,False
improved,REC-00149,customer_service_message,4,4,4,0,0,0,0,True,True
improved,REC-00150,internal_operational_note,5,3,2,3,1,1,0,False,False
improved,REC-00151,delivery_order,4,4,3,1,1,0,1,False,True
improved,REC-00152,contact_form,5,5,5,0,0,0,0,True,True
improved,REC-00153,subscription_record,4,4,4,0,0,0,0,True,True
improved,REC-00154,delivery_note,4,4,4,0,0,0,0,True,True
improved,REC-00155,customer_service_message,4,4,4,0,0,0,0,True,True
improved,REC-00156,internal_operational_note,4,4,4,0,0,0,0,True,True
improved,REC-00157,delivery_order,5,6,4,1,2,0,0,False,False
improved,REC-00158,contact_form,3,3,3,0,0,0,0,True,True
improved,REC-00159,subscription_record,4,4,3,1,1,0,0,False,False
improved,REC-00160,delivery_note,4,4,3,1,1,0,1,False,True
improved,REC-00161,customer_service_message,4,4,4,0,0,0,0,True,True
improved,REC-00162,internal_operational_note,5,3,3,2,0,0,0,False,False
improved,REC-00163,delivery_order,3,7,2,1,5,0,1,False,True
improved,REC-00164,contact_form,2,2,2,0,0,0,0,True,True
improved,REC-00165,subscription_record,5,6,4,1,2,0,0,False,False
improved,REC-00166,delivery_note,4,6,4,0,2,0,0,True,True
improved,REC-00167,customer_service_message,4,4,4,0,0,0,0,True,True
improved,REC-00168,internal_operational_note,2,2,2,0,0,0,0,True,True
improved,REC-00169,delivery_order,5,5,5,0,0,0,0,True,True
improved,REC-00170,contact_form,2,2,2,0,0,0,0,True,True
improved,REC-00171,subscription_record,4,5,4,0,1,0,0,True,True
improved,REC-00172,delivery_note,4,4,3,1,1,0,0,False,False
improved,REC-00173,customer_service_message,4,4,4,0,0,0,0,True,True
improved,REC-00174,internal_operational_note,5,5,5,0,0,0,0,True,True
improved,REC-00175,delivery_order,5,7,5,0,2,0,0,True,True
improved,REC-00176,contact_form,4,4,4,0,0,0,0,True,True
improved,REC-00177,subscription_record,4,4,4,0,0,0,0,True,True
improved,REC-00178,delivery_note,4,4,3,1,1,0,0,False,False
improved,REC-00179,customer_service_message,4,3,3,1,0,0,0,False,False
improved,REC-00180,internal_operational_note,4,4,4,0,0,0,0,True,True
improved,REC-00181,delivery_order,5,5,4,1,1,0,0,False,False
improved,REC-00182,contact_form,3,3,3,0,0,0,0,True,True
improved,REC-00183,subscription_record,5,7,5,0,2,0,0,True,True
improved,REC-00184,delivery_note,4,4,4,0,0,0,0,True,True
improved,REC-00185,customer_service_message,3,3,3,0,0,0,0,True,True
improved,REC-00186,internal_operational_note,4,5,4,0,1,0,0,True,True
improved,REC-00187,delivery_order,3,4,3,0,1,0,0,True,True
improved,REC-00188,contact_form,4,4,4,0,0,0,0,True,True
improved,REC-00189,subscription_record,5,7,5,0,2,0,0,True,True
improved,REC-00190,delivery_note,4,3,3,1,0,0,0,False,False
improved,REC-00191,customer_service_message,3,3,3,0,0,0,0,True,True
improved,REC-00192,internal_operational_note,3,3,3,0,0,0,0,True,True
improved,REC-00193,delivery_order,3,5,3,0,2,0,0,True,True
improved,REC-00194,contact_form,5,4,4,1,0,0,0,False,False
improved,REC-00195,subscription_record,5,7,5,0,2,0,0,True,True
improved,REC-00196,delivery_note,4,3,2,2,1,0,0,False,False
improved,REC-00197,customer_service_message,3,2,2,1,0,0,0,False,False
improved,REC-00198,internal_operational_note,5,5,5,0,0,0,0,True,True
improved,REC-00199,delivery_order,4,5,4,0,1,0,0,True,True
improved,REC-00200,contact_form,3,3,3,0,0,0,0,True,True
improved,REC-00201,subscription_record,5,5,4,1,1,1,0,False,False
improved,REC-00202,delivery_note,4,4,4,0,0,0,0,True,True
improved,REC-00203,customer_service_message,3,3,3,0,0,0,0,True,True
improved,REC-00204,internal_operational_note,0,0,0,0,0,0,0,True,True
improved,REC-00205,delivery_order,5,7,5,0,2,0,0,True,True
improved,REC-00206,contact_form,4,5,4,0,1,0,0,True,True
improved,REC-00207,subscription_record,5,6,5,0,1,0,0,True,True
improved,REC-00208,delivery_note,4,5,3,1,2,0,0,False,False
improved,REC-00209,customer_service_message,4,6,4,0,2,0,0,True,True
improved,REC-00210,internal_operational_note,5,4,4,1,0,0,0,False,False
improved,REC-00211,delivery_order,3,3,3,0,0,0,0,True,True
improved,REC-00212,contact_form,4,4,4,0,0,0,0,True,True
improved,REC-00213,subscription_record,5,5,4,1,1,0,0,False,False
improved,REC-00214,delivery_note,4,5,3,1,2,0,0,False,False
improved,REC-00215,customer_service_message,4,4,4,0,0,0,0,True,True
improved,REC-00216,internal_operational_note,5,5,4,1,1,1,0,False,False
improved,REC-00217,delivery_order,4,5,4,0,1,0,0,True,True
improved,REC-00218,contact_form,2,2,2,0,0,0,0,True,True
improved,REC-00219,subscription_record,3,3,3,0,0,0,0,True,True
improved,REC-00220,delivery_note,4,8,4,0,4,0,0,True,True
improved,REC-00221,customer_service_message,5,3,3,2,0,0,0,False,False
improved,REC-00222,internal_operational_note,4,4,4,0,0,0,0,True,True
improved,REC-00223,delivery_order,4,4,4,0,0,0,0,True,True
improved,REC-00224,contact_form,4,3,3,1,0,0,0,False,False
improved,REC-00225,subscription_record,5,5,4,1,1,0,0,False,False
improved,REC-00226,delivery_note,4,5,4,0,1,0,0,True,True
improved,REC-00227,customer_service_message,3,3,3,0,0,0,0,True,True
improved,REC-00228,internal_operational_note,5,4,3,2,1,0,0,False,False
improved,REC-00229,delivery_order,3,4,2,1,2,0,0,False,False
improved,REC-00230,contact_form,4,3,3,1,0,0,0,False,False
improved,REC-00231,subscription_record,5,5,4,1,1,0,0,False,False
improved,REC-00232,delivery_note,4,4,4,0,0,0,0,True,True
improved,REC-00233,customer_service_message,2,2,2,0,0,0,0,True,True
improved,REC-00234,internal_operational_note,3,3,3,0,0,0,0,True,True
improved,REC-00235,delivery_order,5,5,4,1,1,1,0,False,False
improved,REC-00236,contact_form,2,2,2,0,0,0,0,True,True
improved,REC-00237,subscription_record,4,4,2,2,2,1,0,False,False
improved,REC-00238,delivery_note,4,5,4,0,1,0,0,True,True
improved,REC-00239,customer_service_message,5,5,5,0,0,0,0,True,True
improved,REC-00240,internal_operational_note,5,3,3,2,0,0,0,False,False
improved,REC-00241,delivery_order,5,7,5,0,2,0,0,True,True
improved,REC-00242,contact_form,3,4,3,0,1,0,0,True,True
improved,REC-00243,subscription_record,5,6,5,0,1,0,0,True,True
improved,REC-00244,delivery_note,4,3,3,1,0,0,0,False,False
improved,REC-00245,customer_service_message,3,2,2,1,0,0,0,False,False
improved,REC-00246,internal_operational_note,5,4,4,1,0,0,0,False,False
improved,REC-00247,delivery_order,3,2,2,1,0,0,0,False,False
improved,REC-00248,contact_form,2,2,2,0,0,0,0,True,True
improved,REC-00249,subscription_record,5,6,5,0,1,0,0,True,True
improved,REC-00250,delivery_note,4,4,3,1,1,0,0,False,False
improved,REC-00251,customer_service_message,4,4,4,0,0,0,0,True,True
improved,REC-00252,internal_operational_note,4,4,4,0,0,0,0,True,True
improved,REC-00253,delivery_order,3,3,2,1,1,1,0,False,False
improved,REC-00254,contact_form,3,3,3,0,0,0,0,True,True
improved,REC-00255,subscription_record,5,7,5,0,2,0,0,True,True
improved,REC-00256,delivery_note,4,5,4,0,1,0,0,True,True
improved,REC-00257,customer_service_message,4,4,4,0,0,0,0,True,True
improved,REC-00258,internal_operational_note,5,5,5,0,0,0,0,True,True
improved,REC-00259,delivery_order,5,8,4,1,4,0,0,False,False
improved,REC-00260,contact_form,5,5,5,0,0,0,0,True,True
improved,REC-00261,subscription_record,3,3,2,1,1,1,0,False,False
improved,REC-00262,delivery_note,4,5,3,1,2,0,0,False,False
improved,REC-00263,customer_service_message,5,4,4,1,0,0,0,False,False
improved,REC-00264,internal_operational_note,5,6,4,1,2,0,0,False,False
improved,REC-00265,delivery_order,3,6,3,0,3,0,0,True,True
improved,REC-00266,contact_form,5,5,5,0,0,0,0,True,True
improved,REC-00267,subscription_record,4,5,3,1,2,0,0,False,False
improved,REC-00268,delivery_note,4,6,4,0,2,0,0,True,True
improved,REC-00269,customer_service_message,5,5,5,0,0,0,0,True,True
improved,REC-00270,internal_operational_note,0,0,0,0,0,0,0,True,True
improved,REC-00271,delivery_order,5,7,5,0,2,0,0,True,True
improved,REC-00272,contact_form,3,3,3,0,0,0,0,True,True
improved,REC-00273,subscription_record,5,7,5,0,2,0,0,True,True
improved,REC-00274,delivery_note,4,5,4,0,1,0,0,True,True
improved,REC-00275,customer_service_message,3,3,3,0,0,0,0,True,True
improved,REC-00276,internal_operational_note,3,3,3,0,0,0,0,True,True
improved,REC-00277,delivery_order,4,5,4,0,1,0,0,True,True
improved,REC-00278,contact_form,4,5,4,0,1,0,0,True,True
improved,REC-00279,subscription_record,4,4,2,2,2,0,0,False,False
improved,REC-00280,delivery_note,4,5,4,0,1,0,0,True,True
improved,REC-00281,customer_service_message,4,4,4,0,0,0,0,True,True
improved,REC-00282,internal_operational_note,3,3,3,0,0,0,0,True,True
improved,REC-00283,delivery_order,5,8,5,0,3,0,0,True,True
improved,REC-00284,contact_form,4,4,4,0,0,0,0,True,True
improved,REC-00285,subscription_record,4,4,4,0,0,0,0,True,True
improved,REC-00286,delivery_note,4,3,2,2,1,0,0,False,False
improved,REC-00287,customer_service_message,4,4,4,0,0,0,0,True,True
improved,REC-00288,internal_operational_note,5,5,4,1,1,0,0,False,False
improved,REC-00289,delivery_order,3,4,3,0,1,0,0,True,True
improved,REC-00290,contact_form,4,4,4,0,0,0,0,True,True
improved,REC-00291,subscription_record,4,5,4,0,1,0,0,True,True
improved,REC-00292,delivery_note,4,4,4,0,0,0,0,True,True
improved,REC-00293,customer_service_message,3,3,3,0,0,0,0,True,True
improved,REC-00294,internal_operational_note,0,0,0,0,0,0,0,True,True
improved,REC-00295,delivery_order,3,3,3,0,0,0,0,True,True
improved,REC-00296,contact_form,4,4,4,0,0,0,0,True,True
improved,REC-00297,subscription_record,4,6,3,1,3,0,0,False,False
improved,REC-00298,delivery_note,4,6,4,0,2,0,0,True,True
improved,REC-00299,customer_service_message,4,4,4,0,0,0,0,True,True
improved,REC-00300,internal_operational_note,0,0,0,0,0,0,0,True,True
improved,REC-00301,delivery_order,5,6,5,0,1,0,0,True,True
improved,REC-00302,contact_form,3,2,2,1,0,0,0,False,False
improved,REC-00303,subscription_record,4,4,4,0,0,0,0,True,True
improved,REC-00304,delivery_note,4,3,3,1,0,0,0,False,False
improved,REC-00305,customer_service_message,5,4,4,1,0,0,0,False,False
improved,REC-00306,internal_operational_note,5,5,5,0,0,0,0,True,True
improved,REC-00307,delivery_order,3,5,2,1,3,0,0,False,False
improved,REC-00308,contact_form,4,6,4,0,2,0,0,True,True
improved,REC-00309,subscription_record,5,6,4,1,2,0,0,False,False
improved,REC-00310,delivery_note,4,4,4,0,0,0,0,True,True
improved,REC-00311,customer_service_message,3,2,2,1,0,0,0,False,False
improved,REC-00312,internal_operational_note,5,4,4,1,0,0,0,False,False
improved,REC-00313,delivery_order,3,6,2,1,4,1,0,False,False
improved,REC-00314,contact_form,4,5,4,0,1,0,0,True,True
improved,REC-00315,subscription_record,5,5,4,1,1,1,0,False,False
improved,REC-00316,delivery_note,4,5,4,0,1,0,0,True,True
improved,REC-00317,customer_service_message,3,3,3,0,0,0,0,True,True
improved,REC-00318,internal_operational_note,5,3,3,2,0,0,0,False,False
improved,REC-00319,delivery_order,5,5,5,0,0,0,0,True,True
improved,REC-00320,contact_form,4,4,4,0,0,0,0,True,True
improved,REC-00321,subscription_record,5,5,5,0,0,0,0,True,True
improved,REC-00322,delivery_note,4,6,4,0,2,0,0,True,True
improved,REC-00323,customer_service_message,3,3,3,0,0,0,0,True,True
improved,REC-00324,internal_operational_note,0,0,0,0,0,0,0,True,True
improved,REC-00325,delivery_order,5,5,5,0,0,0,0,True,True
improved,REC-00326,contact_form,4,4,4,0,0,0,0,True,True
improved,REC-00327,subscription_record,5,5,4,1,1,0,0,False,False
improved,REC-00328,delivery_note,4,4,3,1,1,0,1,False,True
improved,REC-00329,customer_service_message,5,5,5,0,0,0,0,True,True
improved,REC-00330,internal_operational_note,4,4,4,0,0,0,0,True,True
improved,REC-00331,delivery_order,4,6,4,0,2,0,0,True,True
improved,REC-00332,contact_form,4,4,4,0,0,0,0,True,True
improved,REC-00333,subscription_record,5,5,3,2,2,0,0,False,False
improved,REC-00334,delivery_note,4,3,3,1,0,0,0,False,False
improved,REC-00335,customer_service_message,3,3,3,0,0,0,0,True,True
improved,REC-00336,internal_operational_note,0,1,0,0,1,0,0,True,True
improved,REC-00337,delivery_order,3,2,2,1,0,0,0,False,False
improved,REC-00338,contact_form,4,4,3,1,1,0,0,False,False
improved,REC-00339,subscription_record,5,6,5,0,1,0,0,True,True
improved,REC-00340,delivery_note,4,4,4,0,0,0,0,True,True
improved,REC-00341,customer_service_message,4,4,4,0,0,0,0,True,True
improved,REC-00342,internal_operational_note,5,3,3,2,0,0,0,False,False
improved,REC-00343,delivery_order,3,5,2,1,3,0,1,False,True
improved,REC-00344,contact_form,5,5,5,0,0,0,0,True,True
improved,REC-00345,subscription_record,5,4,4,1,0,0,0,False,False
improved,REC-00346,delivery_note,4,4,4,0,0,0,0,True,True
improved,REC-00347,customer_service_message,3,3,3,0,0,0,0,True,True
improved,REC-00348,internal_operational_note,5,4,4,1,0,0,0,False,False
improved,REC-00349,delivery_order,5,7,5,0,2,0,0,True,True
improved,REC-00350,contact_form,4,4,4,0,0,0,0,True,True
improved,REC-00351,subscription_record,5,6,5,0,1,0,0,True,True
improved,REC-00352,delivery_note,4,4,3,1,1,0,0,False,False
improved,REC-00353,customer_service_message,4,4,4,0,0,0,0,True,True
improved,REC-00354,internal_operational_note,4,4,4,0,0,0,0,True,True
improved,REC-00355,delivery_order,3,5,3,0,2,0,0,True,True
improved,REC-00356,contact_form,4,5,4,0,1,0,0,True,True
improved,REC-00357,subscription_record,5,6,5,0,1,0,0,True,True
improved,REC-00358,delivery_note,4,5,4,0,1,0,0,True,True
improved,REC-00359,customer_service_message,3,4,3,0,1,0,0,True,True
improved,REC-00360,internal_operational_note,3,3,3,0,0,0,0,True,True
improved,REC-00361,delivery_order,3,4,3,0,1,0,0,True,True
improved,REC-00362,contact_form,4,5,4,0,1,0,0,True,True
improved,REC-00363,subscription_record,5,7,4,1,3,1,0,False,False
improved,REC-00364,delivery_note,4,5,4,0,1,0,0,True,True
improved,REC-00365,customer_service_message,4,4,4,0,0,0,0,True,True
improved,REC-00366,internal_operational_note,3,4,3,0,1,0,0,True,True
improved,REC-00367,delivery_order,5,4,4,1,0,0,0,False,False
improved,REC-00368,contact_form,3,3,3,0,0,0,0,True,True
improved,REC-00369,subscription_record,5,7,5,0,2,0,0,True,True
improved,REC-00370,delivery_note,4,5,4,0,1,0,0,True,True
improved,REC-00371,customer_service_message,4,4,4,0,0,0,0,True,True
improved,REC-00372,internal_operational_note,5,4,4,1,0,0,0,False,False
improved,REC-00373,delivery_order,5,5,5,0,0,0,0,True,True
improved,REC-00374,contact_form,2,2,2,0,0,0,0,True,True
improved,REC-00375,subscription_record,5,6,4,1,2,0,0,False,False
improved,REC-00376,delivery_note,4,4,4,0,0,0,0,True,True
improved,REC-00377,customer_service_message,5,5,5,0,0,0,0,True,True
improved,REC-00378,internal_operational_note,5,5,5,0,0,0,0,True,True
improved,REC-00379,delivery_order,3,5,2,1,3,1,0,False,False
improved,REC-00380,contact_form,4,3,3,1,0,0,0,False,False
improved,REC-00381,subscription_record,5,5,5,0,0,0,0,True,True
improved,REC-00382,delivery_note,4,4,3,1,1,1,0,False,False
improved,REC-00383,customer_service_message,4,4,4,0,0,0,0,True,True
improved,REC-00384,internal_operational_note,5,3,3,2,0,0,0,False,False
improved,REC-00385,delivery_order,3,5,3,0,2,0,0,True,True
improved,REC-00386,contact_form,3,3,3,0,0,0,0,True,True
improved,REC-00387,subscription_record,5,5,5,0,0,0,0,True,True
improved,REC-00388,delivery_note,4,5,4,0,1,0,0,True,True
improved,REC-00389,customer_service_message,4,4,4,0,0,0,0,True,True
improved,REC-00390,internal_operational_note,5,3,3,2,0,0,0,False,False
improved,REC-00391,delivery_order,4,4,4,0,0,0,0,True,True
improved,REC-00392,contact_form,4,4,4,0,0,0,0,True,True
improved,REC-00393,subscription_record,3,3,3,0,0,0,0,True,True
improved,REC-00394,delivery_note,4,6,4,0,2,0,0,True,True
improved,REC-00395,customer_service_message,5,5,5,0,0,0,0,True,True
improved,REC-00396,internal_operational_note,0,0,0,0,0,0,0,True,True
improved,REC-00397,delivery_order,5,6,4,1,2,0,0,False,False
improved,REC-00398,contact_form,3,3,3,0,0,0,0,True,True
improved,REC-00399,subscription_record,4,6,4,0,2,0,0,True,True
improved,REC-00400,delivery_note,4,3,2,2,1,0,0,False,False
improved,REC-00401,customer_service_message,4,4,4,0,0,0,0,True,True
improved,REC-00402,internal_operational_note,3,3,3,0,0,0,0,True,True
improved,REC-00403,delivery_order,5,5,4,1,1,0,0,False,False
improved,REC-00404,contact_form,4,4,4,0,0,0,0,True,True
improved,REC-00405,subscription_record,5,8,5,0,3,0,0,True,True
improved,REC-00406,delivery_note,4,6,4,0,2,0,0,True,True
improved,REC-00407,customer_service_message,4,4,4,0,0,0,0,True,True
improved,REC-00408,internal_operational_note,5,5,5,0,0,0,0,True,True
improved,REC-00409,delivery_order,5,6,5,0,1,0,0,True,True
improved,REC-00410,contact_form,5,5,5,0,0,0,0,True,True
improved,REC-00411,subscription_record,4,5,4,0,1,0,0,True,True
improved,REC-00412,delivery_note,4,4,4,0,0,0,0,True,True
improved,REC-00413,customer_service_message,4,4,4,0,0,0,0,True,True
improved,REC-00414,internal_operational_note,5,4,3,2,1,0,0,False,False
improved,REC-00415,delivery_order,3,4,2,1,2,0,0,False,False
improved,REC-00416,contact_form,4,5,4,0,1,0,0,True,True
improved,REC-00417,subscription_record,4,3,3,1,0,0,0,False,False
improved,REC-00418,delivery_note,4,3,3,1,0,0,0,False,False
improved,REC-00419,customer_service_message,5,5,5,0,0,0,0,True,True
improved,REC-00420,internal_operational_note,5,5,4,1,1,0,0,False,False
improved,REC-00421,delivery_order,5,6,5,0,1,0,0,True,True
improved,REC-00422,contact_form,2,1,1,1,0,0,0,False,False
improved,REC-00423,subscription_record,3,4,3,0,1,0,0,True,True
improved,REC-00424,delivery_note,4,3,3,1,0,0,0,False,False
improved,REC-00425,customer_service_message,2,2,2,0,0,0,0,True,True
improved,REC-00426,internal_operational_note,5,4,3,2,1,0,0,False,False
improved,REC-00427,delivery_order,3,4,3,0,1,0,0,True,True
improved,REC-00428,contact_form,4,4,4,0,0,0,0,True,True
improved,REC-00429,subscription_record,4,4,4,0,0,0,0,True,True
improved,REC-00430,delivery_note,4,4,2,2,2,1,0,False,False
improved,REC-00431,customer_service_message,3,3,3,0,0,0,0,True,True
improved,REC-00432,internal_operational_note,3,3,3,0,0,0,0,True,True
improved,REC-00433,delivery_order,3,5,3,0,2,0,0,True,True
improved,REC-00434,contact_form,3,2,2,1,0,0,0,False,False
improved,REC-00435,subscription_record,5,8,5,0,3,0,0,True,True
improved,REC-00436,delivery_note,4,3,3,1,0,0,0,False,False
improved,REC-00437,customer_service_message,5,5,5,0,0,0,0,True,True
improved,REC-00438,internal_operational_note,0,1,0,0,1,0,0,True,True
improved,REC-00439,delivery_order,3,2,2,1,0,0,0,False,False
improved,REC-00440,contact_form,2,2,2,0,0,0,0,True,True
improved,REC-00441,subscription_record,4,3,3,1,0,0,0,False,False
improved,REC-00442,delivery_note,4,4,4,0,0,0,0,True,True
improved,REC-00443,customer_service_message,5,5,5,0,0,0,0,True,True
improved,REC-00444,internal_operational_note,5,4,4,1,0,0,0,False,False
improved,REC-00445,delivery_order,3,3,3,0,0,0,0,True,True
improved,REC-00446,contact_form,4,4,4,0,0,0,0,True,True
improved,REC-00447,subscription_record,5,6,5,0,1,0,0,True,True
improved,REC-00448,delivery_note,4,3,3,1,0,0,0,False,False
improved,REC-00449,customer_service_message,5,5,5,0,0,0,0,True,True
improved,REC-00450,internal_operational_note,5,4,4,1,0,0,0,False,False
improved,REC-00451,delivery_order,3,5,2,1,3,1,0,False,False
improved,REC-00452,contact_form,3,3,3,0,0,0,0,True,True
improved,REC-00453,subscription_record,5,8,5,0,3,0,0,True,True
improved,REC-00454,delivery_note,4,4,4,0,0,0,0,True,True
improved,REC-00455,customer_service_message,4,4,4,0,0,0,0,True,True
improved,REC-00456,internal_operational_note,2,2,2,0,0,0,0,True,True
improved,REC-00457,delivery_order,5,7,5,0,2,0,0,True,True
improved,REC-00458,contact_form,4,4,4,0,0,0,0,True,True
improved,REC-00459,subscription_record,5,4,4,1,0,0,0,False,False
improved,REC-00460,delivery_note,4,5,4,0,1,0,0,True,True
improved,REC-00461,customer_service_message,3,3,3,0,0,0,0,True,True
improved,REC-00462,internal_operational_note,0,0,0,0,0,0,0,True,True
improved,REC-00463,delivery_order,5,6,5,0,1,0,0,True,True
improved,REC-00464,contact_form,4,4,4,0,0,0,0,True,True
improved,REC-00465,subscription_record,4,5,4,0,1,0,0,True,True
improved,REC-00466,delivery_note,4,3,3,1,0,0,0,False,False
improved,REC-00467,customer_service_message,4,4,4,0,0,0,0,True,True
improved,REC-00468,internal_operational_note,5,4,4,1,0,0,0,False,False
improved,REC-00469,delivery_order,5,6,4,1,2,0,0,False,False
improved,REC-00470,contact_form,4,5,4,0,1,0,0,True,True
improved,REC-00471,subscription_record,5,6,5,0,1,0,0,True,True
improved,REC-00472,delivery_note,4,4,4,0,0,0,0,True,True
improved,REC-00473,customer_service_message,5,5,5,0,0,0,0,True,True
improved,REC-00474,internal_operational_note,0,1,0,0,1,0,0,True,True
improved,REC-00475,delivery_order,3,5,3,0,2,0,0,True,True
improved,REC-00476,contact_form,4,4,4,0,0,0,0,True,True
improved,REC-00477,subscription_record,5,6,5,0,1,0,0,True,True
improved,REC-00478,delivery_note,4,4,3,1,1,1,0,False,False
improved,REC-00479,customer_service_message,3,3,3,0,0,0,0,True,True
improved,REC-00480,internal_operational_note,5,4,3,2,1,1,0,False,False
improved,REC-00481,delivery_order,4,4,3,1,1,0,0,False,False
improved,REC-00482,contact_form,5,5,5,0,0,0,0,True,True
improved,REC-00483,subscription_record,5,6,5,0,1,0,0,True,True
improved,REC-00484,delivery_note,4,6,4,0,2,0,0,True,True
improved,REC-00485,customer_service_message,4,4,4,0,0,0,0,True,True
improved,REC-00486,internal_operational_note,5,4,4,1,0,0,0,False,False
improved,REC-00487,delivery_order,3,5,3,0,2,0,0,True,True
improved,REC-00488,contact_form,4,4,4,0,0,0,0,True,True
improved,REC-00489,subscription_record,5,5,5,0,0,0,0,True,True
improved,REC-00490,delivery_note,4,5,3,1,2,1,0,False,False
improved,REC-00491,customer_service_message,5,5,5,0,0,0,0,True,True
improved,REC-00492,internal_operational_note,0,0,0,0,0,0,0,True,True
improved,REC-00493,delivery_order,4,6,4,0,2,0,0,True,True
improved,REC-00494,contact_form,4,4,4,0,0,0,0,True,True
improved,REC-00495,subscription_record,5,4,4,1,0,0,0,False,False
improved,REC-00496,delivery_note,4,3,1,3,2,1,0,False,False
improved,REC-00497,customer_service_message,2,2,2,0,0,0,0,True,True
improved,REC-00498,internal_operational_note,5,3,3,2,0,0,0,False,False
improved,REC-00499,delivery_order,5,6,4,1,2,1,0,False,False
improved,REC-00500,contact_form,5,5,5,0,0,0,0,True,True
improved,REC-00501,subscription_record,5,7,5,0,2,0,0,True,True
improved,REC-00502,delivery_note,4,4,4,0,0,0,0,True,True
improved,REC-00503,customer_service_message,4,4,4,0,0,0,0,True,True
improved,REC-00504,internal_operational_note,5,7,4,1,3,1,0,False,False
improved,REC-00505,delivery_order,5,7,5,0,2,0,0,True,True
improved,REC-00506,contact_form,4,4,4,0,0,0,0,True,True
improved,REC-00507,subscription_record,5,5,5,0,0,0,0,True,True
improved,REC-00508,delivery_note,4,4,4,0,0,0,0,True,True
improved,REC-00509,customer_service_message,3,3,3,0,0,0,0,True,True
improved,REC-00510,internal_operational_note,5,6,5,0,1,0,0,True,True
improved,REC-00511,delivery_order,5,6,5,0,1,0,0,True,True
improved,REC-00512,contact_form,4,4,4,0,0,0,0,True,True
improved,REC-00513,subscription_record,3,4,3,0,1,0,0,True,True
improved,REC-00514,delivery_note,4,4,3,1,1,0,0,False,False
improved,REC-00515,customer_service_message,2,2,2,0,0,0,0,True,True
improved,REC-00516,internal_operational_note,0,0,0,0,0,0,0,True,True
improved,REC-00517,delivery_order,4,4,4,0,0,0,0,True,True
improved,REC-00518,contact_form,4,5,4,0,1,0,0,True,True
improved,REC-00519,subscription_record,5,6,5,0,1,0,0,True,True
improved,REC-00520,delivery_note,4,4,4,0,0,0,0,True,True
improved,REC-00521,customer_service_message,3,4,3,0,1,0,0,True,True
improved,REC-00522,internal_operational_note,3,3,3,0,0,0,0,True,True
improved,REC-00523,delivery_order,3,5,3,0,2,0,0,True,True
improved,REC-00524,contact_form,4,4,4,0,0,0,0,True,True
improved,REC-00525,subscription_record,4,6,4,0,2,0,0,True,True
improved,REC-00526,delivery_note,4,4,3,1,1,0,0,False,False
improved,REC-00527,customer_service_message,5,5,5,0,0,0,0,True,True
improved,REC-00528,internal_operational_note,2,2,2,0,0,0,0,True,True
improved,REC-00529,delivery_order,5,7,5,0,2,0,0,True,True
improved,REC-00530,contact_form,3,3,3,0,0,0,0,True,True
improved,REC-00531,subscription_record,5,5,5,0,0,0,0,True,True
improved,REC-00532,delivery_note,4,6,3,1,3,1,0,False,False
improved,REC-00533,customer_service_message,4,4,4,0,0,0,0,True,True
improved,REC-00534,internal_operational_note,5,5,5,0,0,0,0,True,True
improved,REC-00535,delivery_order,4,5,4,0,1,0,0,True,True
improved,REC-00536,contact_form,3,3,3,0,0,0,0,True,True
improved,REC-00537,subscription_record,4,4,4,0,0,0,0,True,True
improved,REC-00538,delivery_note,4,7,4,0,3,0,0,True,True
improved,REC-00539,customer_service_message,3,3,3,0,0,0,0,True,True
improved,REC-00540,internal_operational_note,0,0,0,0,0,0,0,True,True
improved,REC-00541,delivery_order,5,7,5,0,2,0,0,True,True
improved,REC-00542,contact_form,4,5,4,0,1,0,0,True,True
improved,REC-00543,subscription_record,5,5,4,1,1,0,0,False,False
improved,REC-00544,delivery_note,4,3,3,1,0,0,0,False,False
improved,REC-00545,customer_service_message,4,5,4,0,1,0,0,True,True
improved,REC-00546,internal_operational_note,3,3,3,0,0,0,0,True,True
improved,REC-00547,delivery_order,5,4,4,1,0,0,0,False,False
improved,REC-00548,contact_form,4,4,4,0,0,0,0,True,True
improved,REC-00549,subscription_record,3,3,3,0,0,0,0,True,True
improved,REC-00550,delivery_note,4,5,4,0,1,0,0,True,True
improved,REC-00551,customer_service_message,5,5,5,0,0,0,0,True,True
improved,REC-00552,internal_operational_note,5,5,5,0,0,0,0,True,True
improved,REC-00553,delivery_order,3,6,2,1,4,1,0,False,False
improved,REC-00554,contact_form,3,3,3,0,0,0,0,True,True
improved,REC-00555,subscription_record,5,6,5,0,1,0,0,True,True
improved,REC-00556,delivery_note,4,5,4,0,1,0,0,True,True
improved,REC-00557,customer_service_message,3,2,2,1,0,0,0,False,False
improved,REC-00558,internal_operational_note,5,4,3,2,1,0,0,False,False
improved,REC-00559,delivery_order,3,4,3,0,1,0,0,True,True
improved,REC-00560,contact_form,4,5,4,0,1,0,0,True,True
improved,REC-00561,subscription_record,4,7,4,0,3,0,0,True,True
improved,REC-00562,delivery_note,4,4,3,1,1,0,0,False,False
improved,REC-00563,customer_service_message,4,4,4,0,0,0,0,True,True
improved,REC-00564,internal_operational_note,5,5,5,0,0,0,0,True,True
improved,REC-00565,delivery_order,5,6,5,0,1,0,0,True,True
improved,REC-00566,contact_form,4,4,4,0,0,0,0,True,True
improved,REC-00567,subscription_record,5,5,4,1,1,0,0,False,False
improved,REC-00568,delivery_note,4,4,4,0,0,0,0,True,True
improved,REC-00569,customer_service_message,4,4,4,0,0,0,0,True,True
improved,REC-00570,internal_operational_note,5,5,3,2,2,1,0,False,False
improved,REC-00571,delivery_order,3,5,3,0,2,0,0,True,True
improved,REC-00572,contact_form,4,4,4,0,0,0,0,True,True
improved,REC-00573,subscription_record,5,5,5,0,0,0,0,True,True
improved,REC-00574,delivery_note,4,5,4,0,1,0,0,True,True
improved,REC-00575,customer_service_message,4,6,4,0,2,0,0,True,True
improved,REC-00576,internal_operational_note,5,6,4,1,2,0,0,False,False
improved,REC-00577,delivery_order,3,3,3,0,0,0,0,True,True
improved,REC-00578,contact_form,4,4,4,0,0,0,0,True,True
improved,REC-00579,subscription_record,5,6,5,0,1,0,0,True,True
improved,REC-00580,delivery_note,4,5,4,0,1,0,0,True,True
improved,REC-00581,customer_service_message,4,4,4,0,0,0,0,True,True
improved,REC-00582,internal_operational_note,5,4,3,2,1,0,0,False,False
improved,REC-00583,delivery_order,5,6,5,0,1,0,0,True,True
improved,REC-00584,contact_form,4,5,4,0,1,0,0,True,True
improved,REC-00585,subscription_record,4,4,3,1,1,0,0,False,False
improved,REC-00586,delivery_note,4,4,4,0,0,0,0,True,True
improved,REC-00587,customer_service_message,4,4,4,0,0,0,0,True,True
improved,REC-00588,internal_operational_note,4,4,4,0,0,0,0,True,True
improved,REC-00589,delivery_order,4,4,4,0,0,0,0,True,True
improved,REC-00590,contact_form,4,4,4,0,0,0,0,True,True
improved,REC-00591,subscription_record,5,9,5,0,4,0,0,True,True
improved,REC-00592,delivery_note,4,3,3,1,0,0,0,False,False
improved,REC-00593,customer_service_message,2,2,2,0,0,0,0,True,True
improved,REC-00594,internal_operational_note,0,1,0,0,1,0,0,True,True
improved,REC-00595,delivery_order,5,5,5,0,0,0,0,True,True
improved,REC-00596,contact_form,4,4,4,0,0,0,0,True,True
improved,REC-00597,subscription_record,4,5,3,1,2,0,0,False,False
improved,REC-00598,delivery_note,4,3,2,2,1,0,0,False,False
improved,REC-00599,customer_service_message,5,5,5,0,0,0,0,True,True
improved,REC-00600,internal_operational_note,0,0,0,0,0,0,0,True,True
improved,REC-00601,delivery_order,4,5,4,0,1,0,0,True,True
improved,REC-00602,contact_form,4,4,4,0,0,0,0,True,True
improved,REC-00603,subscription_record,3,3,3,0,0,0,0,True,True
improved,REC-00604,delivery_note,4,4,4,0,0,0,0,True,True
improved,REC-00605,customer_service_message,4,4,4,0,0,0,0,True,True
improved,REC-00606,internal_operational_note,5,5,4,1,1,0,0,False,False
improved,REC-00607,delivery_order,4,4,3,1,1,0,0,False,False
improved,REC-00608,contact_form,4,4,4,0,0,0,0,True,True
improved,REC-00609,subscription_record,5,7,5,0,2,0,0,True,True
improved,REC-00610,delivery_note,4,5,4,0,1,0,0,True,True
improved,REC-00611,customer_service_message,3,3,2,1,1,0,0,False,False
improved,REC-00612,internal_operational_note,5,4,4,1,0,0,0,False,False
improved,REC-00613,delivery_order,4,6,4,0,2,0,0,True,True
improved,REC-00614,contact_form,4,5,4,0,1,0,0,True,True
improved,REC-00615,subscription_record,5,6,5,0,1,0,0,True,True
improved,REC-00616,delivery_note,4,6,4,0,2,0,0,True,True
improved,REC-00617,customer_service_message,3,3,3,0,0,0,0,True,True
improved,REC-00618,internal_operational_note,4,3,3,1,0,0,0,False,False
improved,REC-00619,delivery_order,3,5,3,0,2,0,0,True,True
improved,REC-00620,contact_form,4,5,4,0,1,0,0,True,True
improved,REC-00621,subscription_record,5,5,4,1,1,1,0,False,False
improved,REC-00622,delivery_note,4,4,3,1,1,0,0,False,False
improved,REC-00623,customer_service_message,2,1,1,1,0,0,0,False,False
improved,REC-00624,internal_operational_note,5,4,4,1,0,0,0,False,False
improved,REC-00625,delivery_order,4,6,4,0,2,0,0,True,True
improved,REC-00626,contact_form,3,3,3,0,0,0,0,True,True
improved,REC-00627,subscription_record,4,3,3,1,0,0,0,False,False
improved,REC-00628,delivery_note,4,4,2,2,2,0,0,False,False
improved,REC-00629,customer_service_message,2,2,2,0,0,0,0,True,True
improved,REC-00630,internal_operational_note,5,4,3,2,1,1,0,False,False
improved,REC-00631,delivery_order,4,6,4,0,2,0,0,True,True
improved,REC-00632,contact_form,3,3,3,0,0,0,0,True,True
improved,REC-00633,subscription_record,5,6,5,0,1,0,0,True,True
improved,REC-00634,delivery_note,4,3,3,1,0,0,0,False,False
improved,REC-00635,customer_service_message,4,4,4,0,0,0,0,True,True
improved,REC-00636,internal_operational_note,4,4,4,0,0,0,0,True,True
improved,REC-00637,delivery_order,4,5,3,1,2,1,0,False,False
improved,REC-00638,contact_form,4,4,4,0,0,0,0,True,True
improved,REC-00639,subscription_record,5,6,5,0,1,0,0,True,True
improved,REC-00640,delivery_note,4,5,3,1,2,1,0,False,False
improved,REC-00641,customer_service_message,3,3,3,0,0,0,0,True,True
improved,REC-00642,internal_operational_note,5,3,3,2,0,0,0,False,False
improved,REC-00643,delivery_order,3,4,3,0,1,0,0,True,True
improved,REC-00644,contact_form,4,3,3,1,0,0,0,False,False
improved,REC-00645,subscription_record,5,9,5,0,4,0,0,True,True
improved,REC-00646,delivery_note,4,3,2,2,1,0,1,False,False
improved,REC-00647,customer_service_message,4,4,4,0,0,0,0,True,True
improved,REC-00648,internal_operational_note,5,6,4,1,2,1,0,False,False
improved,REC-00649,delivery_order,3,5,3,0,2,0,0,True,True
improved,REC-00650,contact_form,3,3,3,0,0,0,0,True,True
improved,REC-00651,subscription_record,5,6,4,1,2,0,0,False,False
improved,REC-00652,delivery_note,4,6,4,0,2,0,0,True,True
improved,REC-00653,customer_service_message,4,4,4,0,0,0,0,True,True
improved,REC-00654,internal_operational_note,5,7,3,2,4,2,0,False,False
improved,REC-00655,delivery_order,5,7,5,0,2,0,0,True,True
improved,REC-00656,contact_form,2,2,2,0,0,0,0,True,True
improved,REC-00657,subscription_record,5,6,4,1,2,1,0,False,False
improved,REC-00658,delivery_note,4,4,4,0,0,0,0,True,True
improved,REC-00659,customer_service_message,4,4,4,0,0,0,0,True,True
improved,REC-00660,internal_operational_note,5,4,4,1,0,0,0,False,False
improved,REC-00661,delivery_order,3,5,3,0,2,0,0,True,True
improved,REC-00662,contact_form,5,5,5,0,0,0,0,True,True
improved,REC-00663,subscription_record,4,6,4,0,2,0,0,True,True
improved,REC-00664,delivery_note,4,6,3,1,3,0,0,False,False
improved,REC-00665,customer_service_message,3,4,3,0,1,0,0,True,True
improved,REC-00666,internal_operational_note,4,5,4,0,1,0,0,True,True
improved,REC-00667,delivery_order,5,5,5,0,0,0,0,True,True
improved,REC-00668,contact_form,4,4,4,0,0,0,0,True,True
improved,REC-00669,subscription_record,4,6,4,0,2,0,0,True,True
improved,REC-00670,delivery_note,4,5,4,0,1,0,0,True,True
improved,REC-00671,customer_service_message,4,4,4,0,0,0,0,True,True
improved,REC-00672,internal_operational_note,2,2,2,0,0,0,0,True,True
improved,REC-00673,delivery_order,3,4,3,0,1,0,0,True,True
improved,REC-00674,contact_form,2,1,1,1,0,0,0,False,False
improved,REC-00675,subscription_record,5,6,5,0,1,0,0,True,True
improved,REC-00676,delivery_note,4,3,3,1,0,0,0,False,False
improved,REC-00677,customer_service_message,4,4,4,0,0,0,0,True,True
improved,REC-00678,internal_operational_note,4,4,4,0,0,0,0,True,True
improved,REC-00679,delivery_order,3,5,3,0,2,0,0,True,True
improved,REC-00680,contact_form,3,3,3,0,0,0,0,True,True
improved,REC-00681,subscription_record,5,6,4,1,2,0,0,False,False
improved,REC-00682,delivery_note,4,5,4,0,1,0,0,True,True
improved,REC-00683,customer_service_message,3,3,2,1,1,1,0,False,False
improved,REC-00684,internal_operational_note,5,4,4,1,0,0,0,False,False
improved,REC-00685,delivery_order,5,5,5,0,0,0,0,True,True
improved,REC-00686,contact_form,4,3,3,1,0,0,0,False,False
improved,REC-00687,subscription_record,5,6,5,0,1,0,0,True,True
improved,REC-00688,delivery_note,4,6,4,0,2,0,0,True,True
improved,REC-00689,customer_service_message,2,2,2,0,0,0,0,True,True
improved,REC-00690,internal_operational_note,5,4,4,1,0,0,0,False,False
improved,REC-00691,delivery_order,3,5,3,0,2,0,0,True,True
improved,REC-00692,contact_form,3,3,3,0,0,0,0,True,True
improved,REC-00693,subscription_record,4,4,2,2,2,0,0,False,False
improved,REC-00694,delivery_note,4,4,3,1,1,0,0,False,False
improved,REC-00695,customer_service_message,2,1,1,1,0,0,0,False,False
improved,REC-00696,internal_operational_note,4,4,4,0,0,0,0,True,True
improved,REC-00697,delivery_order,4,4,4,0,0,0,0,True,True
improved,REC-00698,contact_form,4,4,4,0,0,0,0,True,True
improved,REC-00699,subscription_record,5,6,5,0,1,0,0,True,True
improved,REC-00700,delivery_note,4,5,3,1,2,0,0,False,False
improved,REC-00701,customer_service_message,4,5,4,0,1,0,0,True,True
improved,REC-00702,internal_operational_note,5,5,4,1,1,0,0,False,False
improved,REC-00703,delivery_order,5,8,5,0,3,0,0,True,True
improved,REC-00704,contact_form,4,4,4,0,0,0,0,True,True
improved,REC-00705,subscription_record,4,5,4,0,1,0,0,True,True
improved,REC-00706,delivery_note,4,5,3,1,2,0,0,False,False
improved,REC-00707,customer_service_message,4,4,4,0,0,0,0,True,True
improved,REC-00708,internal_operational_note,5,5,3,2,2,1,0,False,False
improved,REC-00709,delivery_order,4,5,3,1,2,0,0,False,False
improved,REC-00710,contact_form,5,5,5,0,0,0,0,True,True
improved,REC-00711,subscription_record,5,7,4,1,3,1,0,False,False
improved,REC-00712,delivery_note,4,4,4,0,0,0,0,True,True
improved,REC-00713,customer_service_message,3,3,3,0,0,0,0,True,True
improved,REC-00714,internal_operational_note,5,3,3,2,0,0,0,False,False
improved,REC-00715,delivery_order,4,5,4,0,1,0,0,True,True
improved,REC-00716,contact_form,4,4,4,0,0,0,0,True,True
improved,REC-00717,subscription_record,5,7,5,0,2,0,0,True,True
improved,REC-00718,delivery_note,4,4,4,0,0,0,0,True,True
improved,REC-00719,customer_service_message,3,2,2,1,0,0,0,False,False
improved,REC-00720,internal_operational_note,3,3,3,0,0,0,0,True,True
improved,REC-00721,delivery_order,4,2,2,2,0,0,0,False,False
improved,REC-00722,contact_form,4,5,4,0,1,0,0,True,True
improved,REC-00723,subscription_record,5,6,5,0,1,0,0,True,True
improved,REC-00724,delivery_note,4,5,4,0,1,0,0,True,True
improved,REC-00725,customer_service_message,5,3,3,2,0,0,0,False,False
improved,REC-00726,internal_operational_note,5,3,3,2,0,0,0,False,False
improved,REC-00727,delivery_order,4,5,3,1,2,1,0,False,False
improved,REC-00728,contact_form,3,3,3,0,0,0,0,True,True
improved,REC-00729,subscription_record,4,4,3,1,1,0,0,False,False
improved,REC-00730,delivery_note,4,4,3,1,1,1,0,False,False
improved,REC-00731,customer_service_message,4,4,4,0,0,0,0,True,True
improved,REC-00732,internal_operational_note,5,4,4,1,0,0,0,False,False
improved,REC-00733,delivery_order,4,4,4,0,0,0,0,True,True
improved,REC-00734,contact_form,2,2,2,0,0,0,0,True,True
improved,REC-00735,subscription_record,5,5,5,0,0,0,0,True,True
improved,REC-00736,delivery_note,4,4,3,1,1,0,0,False,False
improved,REC-00737,customer_service_message,4,4,4,0,0,0,0,True,True
improved,REC-00738,internal_operational_note,5,5,5,0,0,0,0,True,True
improved,REC-00739,delivery_order,5,8,5,0,3,0,0,True,True
improved,REC-00740,contact_form,4,4,4,0,0,0,0,True,True
improved,REC-00741,subscription_record,5,5,5,0,0,0,0,True,True
improved,REC-00742,delivery_note,4,4,4,0,0,0,0,True,True
improved,REC-00743,customer_service_message,4,4,4,0,0,0,0,True,True
improved,REC-00744,internal_operational_note,3,3,3,0,0,0,0,True,True
improved,REC-00745,delivery_order,3,3,3,0,0,0,0,True,True
improved,REC-00746,contact_form,4,4,4,0,0,0,0,True,True
improved,REC-00747,subscription_record,5,4,4,1,0,0,0,False,False
improved,REC-00748,delivery_note,4,4,3,1,1,0,0,False,False
improved,REC-00749,customer_service_message,4,3,3,1,0,0,0,False,False
improved,REC-00750,internal_operational_note,3,2,2,1,0,0,0,False,False
improved,REC-00751,delivery_order,5,5,4,1,1,0,0,False,False
improved,REC-00752,contact_form,4,4,4,0,0,0,0,True,True
improved,REC-00753,subscription_record,5,6,4,1,2,1,0,False,False
improved,REC-00754,delivery_note,4,5,4,0,1,0,0,True,True
improved,REC-00755,customer_service_message,4,4,4,0,0,0,0,True,True
improved,REC-00756,internal_operational_note,5,4,4,1,0,0,0,False,False
improved,REC-00757,delivery_order,4,6,4,0,2,0,0,True,True
improved,REC-00758,contact_form,4,4,4,0,0,0,0,True,True
improved,REC-00759,subscription_record,5,6,5,0,1,0,0,True,True
improved,REC-00760,delivery_note,4,6,3,1,3,0,1,False,True
improved,REC-00761,customer_service_message,5,5,5,0,0,0,0,True,True
improved,REC-00762,internal_operational_note,5,5,4,1,1,0,0,False,False
improved,REC-00763,delivery_order,4,5,3,1,2,0,0,False,False
improved,REC-00764,contact_form,5,5,5,0,0,0,0,True,True
improved,REC-00765,subscription_record,5,5,5,0,0,0,0,True,True
improved,REC-00766,delivery_note,4,4,3,1,1,0,0,False,False
improved,REC-00767,customer_service_message,4,4,4,0,0,0,0,True,True
improved,REC-00768,internal_operational_note,4,4,4,0,0,0,0,True,True
improved,REC-00769,delivery_order,4,5,3,1,2,1,0,False,False
improved,REC-00770,contact_form,4,4,4,0,0,0,0,True,True
improved,REC-00771,subscription_record,4,6,3,1,3,0,0,False,False
improved,REC-00772,delivery_note,4,5,4,0,1,0,0,True,True
improved,REC-00773,customer_service_message,3,3,3,0,0,0,0,True,True
improved,REC-00774,internal_operational_note,3,3,3,0,0,0,0,True,True
improved,REC-00775,delivery_order,5,5,5,0,0,0,0,True,True
improved,REC-00776,contact_form,2,2,2,0,0,0,0,True,True
improved,REC-00777,subscription_record,4,6,4,0,2,0,0,True,True
improved,REC-00778,delivery_note,4,4,4,0,0,0,0,True,True
improved,REC-00779,customer_service_message,4,4,4,0,0,0,0,True,True
improved,REC-00780,internal_operational_note,5,4,4,1,0,0,0,False,False
improved,REC-00781,delivery_order,5,6,5,0,1,0,0,True,True
improved,REC-00782,contact_form,4,5,4,0,1,0,0,True,True
improved,REC-00783,subscription_record,3,2,2,1,0,0,0,False,False
improved,REC-00784,delivery_note,4,4,4,0,0,0,0,True,True
improved,REC-00785,customer_service_message,4,4,4,0,0,0,0,True,True
improved,REC-00786,internal_operational_note,0,0,0,0,0,0,0,True,True
improved,REC-00787,delivery_order,4,4,4,0,0,0,0,True,True
improved,REC-00788,contact_form,4,4,4,0,0,0,0,True,True
improved,REC-00789,subscription_record,3,2,2,1,0,0,0,False,False
improved,REC-00790,delivery_note,4,3,2,2,1,0,0,False,False
improved,REC-00791,customer_service_message,4,5,4,0,1,0,0,True,True
improved,REC-00792,internal_operational_note,3,3,3,0,0,0,0,True,True
improved,REC-00793,delivery_order,5,6,5,0,1,0,0,True,True
improved,REC-00794,contact_form,3,3,3,0,0,0,0,True,True
improved,REC-00795,subscription_record,5,6,5,0,1,0,0,True,True
improved,REC-00796,delivery_note,4,2,2,2,0,0,0,False,False
improved,REC-00797,customer_service_message,5,4,4,1,0,0,0,False,False
improved,REC-00798,internal_operational_note,0,0,0,0,0,0,0,True,True
improved,REC-00799,delivery_order,5,5,4,1,1,0,0,False,False
improved,REC-00800,contact_form,4,4,4,0,0,0,0,True,True
improved,REC-00801,subscription_record,5,6,5,0,1,0,0,True,True
improved,REC-00802,delivery_note,4,6,3,1,3,0,0,False,False
improved,REC-00803,customer_service_message,3,3,3,0,0,0,0,True,True
improved,REC-00804,internal_operational_note,4,5,4,0,1,0,0,True,True
improved,REC-00805,delivery_order,3,3,3,0,0,0,0,True,True
improved,REC-00806,contact_form,3,3,3,0,0,0,0,True,True
improved,REC-00807,subscription_record,5,6,5,0,1,0,0,True,True
improved,REC-00808,delivery_note,4,4,4,0,0,0,0,True,True
improved,REC-00809,customer_service_message,5,4,4,1,0,0,0,False,False
improved,REC-00810,internal_operational_note,4,4,4,0,0,0,0,True,True
improved,REC-00811,delivery_order,3,2,2,1,0,0,0,False,False
improved,REC-00812,contact_form,4,4,4,0,0,0,0,True,True
improved,REC-00813,subscription_record,5,5,5,0,0,0,0,True,True
improved,REC-00814,delivery_note,4,3,3,1,0,0,0,False,False
improved,REC-00815,customer_service_message,4,4,4,0,0,0,0,True,True
improved,REC-00816,internal_operational_note,4,4,4,0,0,0,0,True,True
improved,REC-00817,delivery_order,4,6,4,0,2,0,0,True,True
improved,REC-00818,contact_form,4,4,4,0,0,0,0,True,True
improved,REC-00819,subscription_record,5,5,5,0,0,0,0,True,True
improved,REC-00820,delivery_note,4,5,4,0,1,0,0,True,True
improved,REC-00821,customer_service_message,5,5,5,0,0,0,0,True,True
improved,REC-00822,internal_operational_note,5,4,3,2,1,0,0,False,False
improved,REC-00823,delivery_order,5,5,5,0,0,0,0,True,True
improved,REC-00824,contact_form,5,6,5,0,1,0,0,True,True
improved,REC-00825,subscription_record,5,7,5,0,2,0,0,True,True
improved,REC-00826,delivery_note,4,4,3,1,1,0,0,False,False
improved,REC-00827,customer_service_message,4,3,3,1,0,0,0,False,False
improved,REC-00828,internal_operational_note,5,5,4,1,1,1,0,False,False
improved,REC-00829,delivery_order,4,6,4,0,2,0,0,True,True
improved,REC-00830,contact_form,5,5,5,0,0,0,0,True,True
improved,REC-00831,subscription_record,5,6,4,1,2,0,0,False,False
improved,REC-00832,delivery_note,4,7,4,0,3,0,0,True,True
improved,REC-00833,customer_service_message,4,4,4,0,0,0,0,True,True
improved,REC-00834,internal_operational_note,0,0,0,0,0,0,0,True,True
improved,REC-00835,delivery_order,5,6,5,0,1,0,0,True,True
improved,REC-00836,contact_form,4,4,4,0,0,0,0,True,True
improved,REC-00837,subscription_record,5,5,5,0,0,0,0,True,True
improved,REC-00838,delivery_note,4,6,4,0,2,0,0,True,True
improved,REC-00839,customer_service_message,5,5,5,0,0,0,0,True,True
improved,REC-00840,internal_operational_note,4,4,4,0,0,0,0,True,True
improved,REC-00841,delivery_order,4,5,4,0,1,0,0,True,True
improved,REC-00842,contact_form,4,4,4,0,0,0,0,True,True
improved,REC-00843,subscription_record,5,5,5,0,0,0,0,True,True
improved,REC-00844,delivery_note,4,2,2,2,0,0,0,False,False
improved,REC-00845,customer_service_message,5,5,5,0,0,0,0,True,True
improved,REC-00846,internal_operational_note,0,0,0,0,0,0,0,True,True
improved,REC-00847,delivery_order,5,8,5,0,3,0,0,True,True
improved,REC-00848,contact_form,3,4,3,0,1,0,0,True,True
improved,REC-00849,subscription_record,5,4,3,2,1,0,0,False,False
improved,REC-00850,delivery_note,4,3,3,1,0,0,0,False,False
